image_hash,image_path,label,filename,label_idx
df83740c1412a92693382ab73a73b901,/home/sparsh/Naplam/Bangladesh-UAV-PlantDisease/Training Dataset/Hail damage/TN-521.jpg,Hail damage,TN-521.jpg,1
23cc9404b3be6cb4c2d23574fd520a8d,/home/sparsh/Naplam/Bangladesh-UAV-PlantDisease/Test Dataset/Hail damages/TN-876.jpg,Hail damage,TN-876.jpg,1
41d3bd602b009ca5a4f43cb337811656,/home/sparsh/Naplam/Bangladesh-UAV-PlantDisease/Training Dataset/Cotton Bollworm Infestation/TN-5.jpg,Cotton Bollworm Infestation,TN-5.jpg,0
683b9ddbea3807097b94a762dbab8023,/home/sparsh/Naplam/Bangladesh-UAV-PlantDisease/Training Dataset/Hail damage/TN-548.jpg,Hail damage,TN-548.jpg,1
9de90ab20dee02bc16851366ca56c153,/home/sparsh/Naplam/Bangladesh-UAV-PlantDisease/Test Dataset/Hail damages/TN-2719.jpg,Hail damage,TN-2719.jpg,1
8fef3e53a1db5c3f0fa88eb5898c1564,/home/sparsh/Naplam/Bangladesh-UAV-PlantDisease/Training Dataset/Cotton Bollworm Infestation/TN-341.jpg,Cotton Bollworm Infestation,TN-341.jpg,0
bfe52cc45547cc5bbc6a5a679e39d9a5,/home/sparsh/Naplam/Bangladesh-UAV-PlantDisease/Training Dataset/Strong-Light Burn/TN-256.jpg,Strong-Light Burn,TN-256.jpg,4
a15628a7eaef03645935a95574bd035d,/home/sparsh/Naplam/Bangladesh-UAV-PlantDisease/Training Dataset/Cotton Bollworm Infestation/TN-606.jpg,Cotton Bollworm Infestation,TN-606.jpg,0
b3f2615dab1be8a7dd52f003dfb1e2db,/home/sparsh/Naplam/Bangladesh-UAV-PlantDisease/Test Dataset/Hail damages/TN-2865.jpg,Hail damage,TN-2865.jpg,1
d607160edd57739421b9e4e44622e61d,/home/sparsh/Naplam/Bangladesh-UAV-PlantDisease/Training Dataset/Cotton Bollworm Infestation/TN-1059.jpg,Cotton Bollworm Infestation,TN-1059.jpg,0
28e14013c1ff2335abe781450ccdd02a,/home/sparsh/Naplam/Bangladesh-UAV-PlantDisease/Training Dataset/Hail damage/TN-739.jpg,Hail damage,TN-739.jpg,1
6fdb93cdec7090b41c786ac875bd52fe,/home/sparsh/Naplam/Bangladesh-UAV-PlantDisease/Training Dataset/Root Damage/TN-250.jpg,Root Damage,TN-250.jpg,3
11af4b726df6860e168954bee82a7f13,/home/sparsh/Naplam/Bangladesh-UAV-PlantDisease/Test Dataset/Strong-Light Burn/TN-71.jpg,Strong-Light Burn,TN-71.jpg,4
926338162b67e3dc5694e6357fddcaf8,/home/sparsh/Naplam/Bangladesh-UAV-PlantDisease/Training Dataset/Mixed/TN-1814.jpg,Mixed,TN-1814.jpg,2
2f041595f423658bffda1695c1b84e5d,/home/sparsh/Naplam/Bangladesh-UAV-PlantDisease/Training Dataset/Root Damage/TN-811.jpg,Root Damage,TN-811.jpg,3
290a427dbff407d4a614a564d0c5eb75,/home/sparsh/Naplam/Bangladesh-UAV-PlantDisease/Training Dataset/Root Damage/TN-376.jpg,Root Damage,TN-376.jpg,3
a5dd44b4caf8df07a2c8625ec4ed0861,/home/sparsh/Naplam/Bangladesh-UAV-PlantDisease/Training Dataset/Cotton Bollworm Infestation/TN-850.jpg,Cotton Bollworm Infestation,TN-850.jpg,0
83acb31e9f14aac704f4911d16477d7a,/home/sparsh/Naplam/Bangladesh-UAV-PlantDisease/Training Dataset/Strong-Light Burn/TN-551.jpg,Strong-Light Burn,TN-551.jpg,4
a495ed907c7ac04d71e654b31e9202aa,/home/sparsh/Naplam/Bangladesh-UAV-PlantDisease/Training Dataset/Strong-Light Burn/TN-573.jpg,Strong-Light Burn,TN-573.jpg,4
2209d7e3f4432d0b12cfdd44c64c9c4a,/home/sparsh/Naplam/Bangladesh-UAV-PlantDisease/Test Dataset/Hail damages/TN-2426.jpg,Hail damage,TN-2426.jpg,1
00d3af885d9f7bea2a3908b30fe020a2,/home/sparsh/Naplam/Bangladesh-UAV-PlantDisease/Training Dataset/Strong-Light Burn/TN-145.jpg,Strong-Light Burn,TN-145.jpg,4
e87e0f994d56545ad92108233aeb2628,/home/sparsh/Naplam/Bangladesh-UAV-PlantDisease/Test Dataset/Hail damages/TN-1869.jpg,Hail damage,TN-1869.jpg,1
9428d10c1f71660d36e266277be0448e,/home/sparsh/Naplam/Bangladesh-UAV-PlantDisease/Test Dataset/Hail damages/TN-1292.jpg,Hail damage,TN-1292.jpg,1
31ad3f086c5a6f4f9dc4adc85d6eaa1d,/home/sparsh/Naplam/Bangladesh-UAV-PlantDisease/Training Dataset/Root Damage/TN-430.jpg,Root Damage,TN-430.jpg,3
73c5626619165f02069e7161f0ead444,/home/sparsh/Naplam/Bangladesh-UAV-PlantDisease/Training Dataset/Mixed/TN-1157.jpg,Mixed,TN-1157.jpg,2
e13c73ce20cf574c9b09ba049dabd353,/home/sparsh/Naplam/Bangladesh-UAV-PlantDisease/Training Dataset/Mixed/TN-458.jpg,Mixed,TN-458.jpg,2
c22636b82a6a393db7384528748ff33e,/home/sparsh/Naplam/Bangladesh-UAV-PlantDisease/Test Dataset/Hail damages/TN-918.jpg,Hail damage,TN-918.jpg,1
db4878b55cdf9d5d4a76e234085b37b8,/home/sparsh/Naplam/Bangladesh-UAV-PlantDisease/Training Dataset/Root Damage/TN-167.jpg,Root Damage,TN-167.jpg,3
4a3382110c775ecb1b67d8764f29117f,/home/sparsh/Naplam/Bangladesh-UAV-PlantDisease/Training Dataset/Root Damage/TN-772.jpg,Root Damage,TN-772.jpg,3
499cbff380d5db653a09977a0a63ef00,/home/sparsh/Naplam/Bangladesh-UAV-PlantDisease/Training Dataset/Mixed/TN-1765.jpg,Mixed,TN-1765.jpg,2
8a8dd09053a2c57ced82e5b7d0387624,/home/sparsh/Naplam/Bangladesh-UAV-PlantDisease/Training Dataset/Strong-Light Burn/TN-207.jpg,Strong-Light Burn,TN-207.jpg,4
31d90b7cd5de80e82c3b7366aeb507a1,/home/sparsh/Naplam/Bangladesh-UAV-PlantDisease/Training Dataset/Mixed/TN-213.jpg,Mixed,TN-213.jpg,2
2085d10f9e204ddcebbc01fb9586453f,/home/sparsh/Naplam/Bangladesh-UAV-PlantDisease/Training Dataset/Cotton Bollworm Infestation/TN-547.jpg,Cotton Bollworm Infestation,TN-547.jpg,0
32346ac2e4c50ca698e834c3a60ead39,/home/sparsh/Naplam/Bangladesh-UAV-PlantDisease/Training Dataset/Root Damage/TN-682.jpg,Root Damage,TN-682.jpg,3
4ae71305be73928186ddefc08e236217,/home/sparsh/Naplam/Bangladesh-UAV-PlantDisease/Test Dataset/Hail damages/TN-1568.jpg,Hail damage,TN-1568.jpg,1
de2d2d6e25049578cab6521f5e59fcc5,/home/sparsh/Naplam/Bangladesh-UAV-PlantDisease/Training Dataset/Cotton Bollworm Infestation/TN-386.jpg,Cotton Bollworm Infestation,TN-386.jpg,0
e6b1ac2d6e15d440cd47d06acbda2e9c,/home/sparsh/Naplam/Bangladesh-UAV-PlantDisease/Training Dataset/Cotton Bollworm Infestation/TN-324.jpg,Cotton Bollworm Infestation,TN-324.jpg,0
1fedec812a6e30623a9b2b2bd39dd87f,/home/sparsh/Naplam/Bangladesh-UAV-PlantDisease/Training Dataset/Hail damage/TN-770.jpg,Hail damage,TN-770.jpg,1
cd2f79485116a4ad6a974615455a2707,/home/sparsh/Naplam/Bangladesh-UAV-PlantDisease/Training Dataset/Mixed/TN-57.jpg,Mixed,TN-57.jpg,2
c404923e738d4fbbb98a16b73285ae19,/home/sparsh/Naplam/Bangladesh-UAV-PlantDisease/Training Dataset/Cotton Bollworm Infestation/TN-848.jpg,Cotton Bollworm Infestation,TN-848.jpg,0
222d6b08411acb5989047dc89db2c858,/home/sparsh/Naplam/Bangladesh-UAV-PlantDisease/Training Dataset/Hail damage/TN-792.jpg,Hail damage,TN-792.jpg,1
9d3c759d97acc3085c58aafac2717275,/home/sparsh/Naplam/Bangladesh-UAV-PlantDisease/Training Dataset/Cotton Bollworm Infestation/TN-996.jpg,Cotton Bollworm Infestation,TN-996.jpg,0
414f05e301172bf7a454333b645774a0,/home/sparsh/Naplam/Bangladesh-UAV-PlantDisease/Training Dataset/Mixed/TN-1293.jpg,Mixed,TN-1293.jpg,2
751cbf7d4a305b8bb4e5ac94c79e4054,/home/sparsh/Naplam/Bangladesh-UAV-PlantDisease/Training Dataset/Strong-Light Burn/TN-20.jpg,Strong-Light Burn,TN-20.jpg,4
afc8b4111b7db11a269148eac2c3f403,/home/sparsh/Naplam/Bangladesh-UAV-PlantDisease/Test Dataset/Hail damages/TN-808.jpg,Hail damage,TN-808.jpg,1
1006009dd0d573dbbbde672291329ea9,/home/sparsh/Naplam/Bangladesh-UAV-PlantDisease/Training Dataset/Cotton Bollworm Infestation/TN-746.jpg,Cotton Bollworm Infestation,TN-746.jpg,0
d97697086e2dac85a25e365731b9f460,/home/sparsh/Naplam/Bangladesh-UAV-PlantDisease/Training Dataset/Root Damage/TN-837.jpg,Root Damage,TN-837.jpg,3
76b5f33428335a99ee2dc8b6ac06ce8d,/home/sparsh/Naplam/Bangladesh-UAV-PlantDisease/Training Dataset/Cotton Bollworm Infestation/TN-814.jpg,Cotton Bollworm Infestation,TN-814.jpg,0
f152c9f4d7b1d5cf52afa1503c008a59,/home/sparsh/Naplam/Bangladesh-UAV-PlantDisease/Training Dataset/Root Damage/TN-737.jpg,Root Damage,TN-737.jpg,3
24cb3b977ecfc44be57d71334d83ee96,/home/sparsh/Naplam/Bangladesh-UAV-PlantDisease/Test Dataset/Hail damages/TN-1628.jpg,Hail damage,TN-1628.jpg,1
6463021322ef1d6a22aa3789f1d3a1eb,/home/sparsh/Naplam/Bangladesh-UAV-PlantDisease/Training Dataset/Mixed/TN-1175.jpg,Mixed,TN-1175.jpg,2
7cb01a12f0e7d5d08f988f59b8f89425,/home/sparsh/Naplam/Bangladesh-UAV-PlantDisease/Training Dataset/Mixed/TN-670.jpg,Mixed,TN-670.jpg,2
cbf482c400f47a05a9bcaf4ea0604f39,/home/sparsh/Naplam/Bangladesh-UAV-PlantDisease/Training Dataset/Mixed/TN-1403.jpg,Mixed,TN-1403.jpg,2
294cfabc5ddd29d53f05eeaf7a4baf5c,/home/sparsh/Naplam/Bangladesh-UAV-PlantDisease/Training Dataset/Root Damage/TN-467.jpg,Root Damage,TN-467.jpg,3
2bdb710c77218863486f6b8542a1644f,/home/sparsh/Naplam/Bangladesh-UAV-PlantDisease/Test Dataset/Hail damages/TN-1377.jpg,Hail damage,TN-1377.jpg,1
256bd63b26ba7ef730b7ffa29d952df8,/home/sparsh/Naplam/Bangladesh-UAV-PlantDisease/Training Dataset/Mixed/TN-1169.jpg,Mixed,TN-1169.jpg,2
3e32bbee307425a12f7abefa9f20a998,/home/sparsh/Naplam/Bangladesh-UAV-PlantDisease/Training Dataset/Strong-Light Burn/TN-647.jpg,Strong-Light Burn,TN-647.jpg,4
9e2c584894376d844ed44c1c9b0a05d6,/home/sparsh/Naplam/Bangladesh-UAV-PlantDisease/Training Dataset/Mixed/TN-151.jpg,Mixed,TN-151.jpg,2
2650cd659c3ae94190fa41ca79e905eb,/home/sparsh/Naplam/Bangladesh-UAV-PlantDisease/Training Dataset/Root Damage/TN-328.jpg,Root Damage,TN-328.jpg,3
7fb1e43e326852e355ebbeb5016bf1ee,/home/sparsh/Naplam/Bangladesh-UAV-PlantDisease/Training Dataset/Cotton Bollworm Infestation/TN-372.jpg,Cotton Bollworm Infestation,TN-372.jpg,0
7c47b0d90e8f490d8bc9592a2bac0e4b,/home/sparsh/Naplam/Bangladesh-UAV-PlantDisease/Training Dataset/Hail damage/TN-273.jpg,Hail damage,TN-273.jpg,1
16fe90ddba352108a348a2d0b1573014,/home/sparsh/Naplam/Bangladesh-UAV-PlantDisease/Test Dataset/Root Damage/TN-30.jpg,Root Damage,TN-30.jpg,3
56ed6de0fa35fe9a2e404f6b4e834935,/home/sparsh/Naplam/Bangladesh-UAV-PlantDisease/Training Dataset/Root Damage/TN-824.jpg,Root Damage,TN-824.jpg,3
f6c69fcd17ae2c0507abcb6599c400d2,/home/sparsh/Naplam/Bangladesh-UAV-PlantDisease/Test Dataset/Hail damages/TN-1952.jpg,Hail damage,TN-1952.jpg,1
7fa3ba9d05732b8ea12ec6a995ac0507,/home/sparsh/Naplam/Bangladesh-UAV-PlantDisease/Training Dataset/Cotton Bollworm Infestation/TN-102.jpg,Cotton Bollworm Infestation,TN-102.jpg,0
7d68c51727983b5d68292f5eb36b54cc,/home/sparsh/Naplam/Bangladesh-UAV-PlantDisease/Training Dataset/Mixed/TN-1313.jpg,Mixed,TN-1313.jpg,2
ba4015dc6a63ed455c68a3a8d66745aa,/home/sparsh/Naplam/Bangladesh-UAV-PlantDisease/Test Dataset/Hail damages/TN-1150.jpg,Hail damage,TN-1150.jpg,1
3e6988cc1d2ed1f89d093eb89bbf22f5,/home/sparsh/Naplam/Bangladesh-UAV-PlantDisease/Training Dataset/Root Damage/TN-23.jpg,Root Damage,TN-23.jpg,3
940bb23635d71d1db594b90a744dcc46,/home/sparsh/Naplam/Bangladesh-UAV-PlantDisease/Training Dataset/Mixed/TN-2336.jpg,Mixed,TN-2336.jpg,2
cbba0cf493b3b4cd1a929e624577920d,/home/sparsh/Naplam/Bangladesh-UAV-PlantDisease/Training Dataset/Strong-Light Burn/TN-412.jpg,Strong-Light Burn,TN-412.jpg,4
83f1daf69351a5297891d2f3346db67a,/home/sparsh/Naplam/Bangladesh-UAV-PlantDisease/Training Dataset/Mixed/TN-1524.jpg,Mixed,TN-1524.jpg,2
f965f6b0bd9d828a615180d7d0b65edb,/home/sparsh/Naplam/Bangladesh-UAV-PlantDisease/Training Dataset/Mixed/TN-1957.jpg,Mixed,TN-1957.jpg,2
48103c2a7dd6715213549ddd758e4885,/home/sparsh/Naplam/Bangladesh-UAV-PlantDisease/Test Dataset/Hail damages/TN-684.jpg,Hail damage,TN-684.jpg,1
7839bb42a209da9833b6604446489a9d,/home/sparsh/Naplam/Bangladesh-UAV-PlantDisease/Training Dataset/Cotton Bollworm Infestation/TN-356.jpg,Cotton Bollworm Infestation,TN-356.jpg,0
55811e1387873ae9068d3afb07b0fc9d,/home/sparsh/Naplam/Bangladesh-UAV-PlantDisease/Training Dataset/Mixed/TN-1586.jpg,Mixed,TN-1586.jpg,2
65b7b6321887e156d29796eb0a616098,/home/sparsh/Naplam/Bangladesh-UAV-PlantDisease/Test Dataset/Hail damages/TN-2610.jpg,Hail damage,TN-2610.jpg,1
78ff3b97ef95ed161684365b35d40fbe,/home/sparsh/Naplam/Bangladesh-UAV-PlantDisease/Test Dataset/Hail damages/TN-879.jpg,Hail damage,TN-879.jpg,1
f6b0362e8e0f67f08ceb5a18e031285c,/home/sparsh/Naplam/Bangladesh-UAV-PlantDisease/Training Dataset/Cotton Bollworm Infestation/TN-428.jpg,Cotton Bollworm Infestation,TN-428.jpg,0
ee88d3192646858ff754a58a9ed3eb35,/home/sparsh/Naplam/Bangladesh-UAV-PlantDisease/Training Dataset/Mixed/TN-2037.jpg,Mixed,TN-2037.jpg,2
2fe6674da868e363b53f46d7b7de637a,/home/sparsh/Naplam/Bangladesh-UAV-PlantDisease/Test Dataset/Hail damages/TN-2827.jpg,Hail damage,TN-2827.jpg,1
4bafb1066a685d7597fa25f6da54c269,/home/sparsh/Naplam/Bangladesh-UAV-PlantDisease/Training Dataset/Cotton Bollworm Infestation/TN-576.jpg,Cotton Bollworm Infestation,TN-576.jpg,0
f1ae1dd637e781681f3b70e72655abc3,/home/sparsh/Naplam/Bangladesh-UAV-PlantDisease/Training Dataset/Mixed/TN-1568.jpg,Mixed,TN-1568.jpg,2
fd598d2bb53dc69fbb1a90ab86d7bebb,/home/sparsh/Naplam/Bangladesh-UAV-PlantDisease/Training Dataset/Hail damage/TN-522.jpg,Hail damage,TN-522.jpg,1
9ac4230329104a63ed4efd397b0a3cb0,/home/sparsh/Naplam/Bangladesh-UAV-PlantDisease/Test Dataset/Hail damages/TN-1629.jpg,Hail damage,TN-1629.jpg,1
792b3d047f17c485ca78df021324fee6,/home/sparsh/Naplam/Bangladesh-UAV-PlantDisease/Training Dataset/Root Damage/TN-338.jpg,Root Damage,TN-338.jpg,3
56e90c222108873f47bcd0e9a73e143e,/home/sparsh/Naplam/Bangladesh-UAV-PlantDisease/Test Dataset/Hail damages/TN-2068.jpg,Hail damage,TN-2068.jpg,1
411067216e9a1a7fcc6944f0a7248c5f,/home/sparsh/Naplam/Bangladesh-UAV-PlantDisease/Test Dataset/Hail damages/TN-2040.jpg,Hail damage,TN-2040.jpg,1
87735f1f07ccffdb6f9c8816d8634650,/home/sparsh/Naplam/Bangladesh-UAV-PlantDisease/Training Dataset/Root Damage/TN-371.jpg,Root Damage,TN-371.jpg,3
7d599345f9a043c8a5d5647e0bf4d02b,/home/sparsh/Naplam/Bangladesh-UAV-PlantDisease/Training Dataset/Mixed/TN-1755.jpg,Mixed,TN-1755.jpg,2
f110bf44063cd723b8f62c75e10d8afe,/home/sparsh/Naplam/Bangladesh-UAV-PlantDisease/Training Dataset/Mixed/TN-1630.jpg,Mixed,TN-1630.jpg,2
273d61616882186b2e904328be5bb732,/home/sparsh/Naplam/Bangladesh-UAV-PlantDisease/Training Dataset/Root Damage/TN-318.jpg,Root Damage,TN-318.jpg,3
8711d81fdb2e7edff8c1c0a6c86d72ef,/home/sparsh/Naplam/Bangladesh-UAV-PlantDisease/Training Dataset/Root Damage/TN-767.jpg,Root Damage,TN-767.jpg,3
28755f64cbac8c421d1dd668862ce19f,/home/sparsh/Naplam/Bangladesh-UAV-PlantDisease/Training Dataset/Root Damage/TN-563.jpg,Root Damage,TN-563.jpg,3
6d764f55d500012ac24dd02fc7ca7860,/home/sparsh/Naplam/Bangladesh-UAV-PlantDisease/Training Dataset/Hail damage/TN-652.jpg,Hail damage,TN-652.jpg,1
9b1d97f0ccac1991872e80dea048be58,/home/sparsh/Naplam/Bangladesh-UAV-PlantDisease/Test Dataset/Hail damages/TN-733.jpg,Hail damage,TN-733.jpg,1
2c5c700cd7a9fd70526a1ebe2aeac92c,/home/sparsh/Naplam/Bangladesh-UAV-PlantDisease/Training Dataset/Strong-Light Burn/TN-261.jpg,Strong-Light Burn,TN-261.jpg,4
08cf46cad0a7d3f005dd48d6d5534932,/home/sparsh/Naplam/Bangladesh-UAV-PlantDisease/Training Dataset/Mixed/TN-1095.jpg,Mixed,TN-1095.jpg,2
9155b14ee1b82b17ceca6e7e30bc5083,/home/sparsh/Naplam/Bangladesh-UAV-PlantDisease/Test Dataset/Root Damage/TN-232.jpg,Root Damage,TN-232.jpg,3
ab4c893ccba825aef017182f63a11be7,/home/sparsh/Naplam/Bangladesh-UAV-PlantDisease/Training Dataset/Mixed/TN-916.jpg,Mixed,TN-916.jpg,2
4501bf77385017fae958a3acae753027,/home/sparsh/Naplam/Bangladesh-UAV-PlantDisease/Training Dataset/Cotton Bollworm Infestation/TN-449.jpg,Cotton Bollworm Infestation,TN-449.jpg,0
3f97162ebbd8124af3f95cc80e47f34a,/home/sparsh/Naplam/Bangladesh-UAV-PlantDisease/Test Dataset/Hail damages/TN-1147.jpg,Hail damage,TN-1147.jpg,1
3aedb26b7817b2250f6b1072bc3a934c,/home/sparsh/Naplam/Bangladesh-UAV-PlantDisease/Test Dataset/Hail damages/TN-1498.jpg,Hail damage,TN-1498.jpg,1
1da513aa7efbf4b5b9336b7eed210878,/home/sparsh/Naplam/Bangladesh-UAV-PlantDisease/Training Dataset/Hail damage/TN-518.jpg,Hail damage,TN-518.jpg,1
5f3d4268ebc601d9431ab76e1b090a74,/home/sparsh/Naplam/Bangladesh-UAV-PlantDisease/Training Dataset/Hail damage/TN-576.jpg,Hail damage,TN-576.jpg,1
a5f0eacfdd2a17bc586e20cfbc303132,/home/sparsh/Naplam/Bangladesh-UAV-PlantDisease/Training Dataset/Root Damage/TN-538.jpg,Root Damage,TN-538.jpg,3
c93e094d82bdbef3e26915b6b40dc328,/home/sparsh/Naplam/Bangladesh-UAV-PlantDisease/Training Dataset/Root Damage/TN-423.jpg,Root Damage,TN-423.jpg,3
b3e688a100462b2298752968fdabb953,/home/sparsh/Naplam/Bangladesh-UAV-PlantDisease/Training Dataset/Strong-Light Burn/TN-492.jpg,Strong-Light Burn,TN-492.jpg,4
6dad1aad3edd1ece44e908acd67c9abc,/home/sparsh/Naplam/Bangladesh-UAV-PlantDisease/Training Dataset/Cotton Bollworm Infestation/TN-565.jpg,Cotton Bollworm Infestation,TN-565.jpg,0
d3e4eb1d1cbd4303aa801acfc58a896a,/home/sparsh/Naplam/Bangladesh-UAV-PlantDisease/Training Dataset/Mixed/TN-317.jpg,Mixed,TN-317.jpg,2
a15332022f8274dc8cc645aeb3eb4d42,/home/sparsh/Naplam/Bangladesh-UAV-PlantDisease/Training Dataset/Cotton Bollworm Infestation/TN-409.jpg,Cotton Bollworm Infestation,TN-409.jpg,0
ff5581a8606e9dd75661ceea6ba3e971,/home/sparsh/Naplam/Bangladesh-UAV-PlantDisease/Training Dataset/Mixed/TN-163.jpg,Mixed,TN-163.jpg,2
ae6fce4e8008e29a5aaffa90183beeb7,/home/sparsh/Naplam/Bangladesh-UAV-PlantDisease/Training Dataset/Cotton Bollworm Infestation/TN-528.jpg,Cotton Bollworm Infestation,TN-528.jpg,0
6b0442a9d28c63c929e39962d8a0eb8b,/home/sparsh/Naplam/Bangladesh-UAV-PlantDisease/Test Dataset/Hail damages/TN-797.jpg,Hail damage,TN-797.jpg,1
31dd17d95b1299c5e64fadb410e55010,/home/sparsh/Naplam/Bangladesh-UAV-PlantDisease/Test Dataset/Hail damages/TN-2787.jpg,Hail damage,TN-2787.jpg,1
ea336b58b3640b1c98b3905f273295cc,/home/sparsh/Naplam/Bangladesh-UAV-PlantDisease/Training Dataset/Mixed/TN-1016.jpg,Mixed,TN-1016.jpg,2
d73ee6f3d72cd60a78cb29ea3018e2f9,/home/sparsh/Naplam/Bangladesh-UAV-PlantDisease/Test Dataset/Hail damages/TN-1789.jpg,Hail damage,TN-1789.jpg,1
f22f9001d91da2d77ef3ebd2edb41575,/home/sparsh/Naplam/Bangladesh-UAV-PlantDisease/Training Dataset/Hail damage/TN-596.jpg,Hail damage,TN-596.jpg,1
1112a26e07f2713887b77e409bee8b86,/home/sparsh/Naplam/Bangladesh-UAV-PlantDisease/Training Dataset/Root Damage/TN-477.jpg,Root Damage,TN-477.jpg,3
e7f5ef96742bd67babec4a4575578aaa,/home/sparsh/Naplam/Bangladesh-UAV-PlantDisease/Test Dataset/Hail damages/TN-2669.jpg,Hail damage,TN-2669.jpg,1
6ca8695eda7cec5f6f1c0696c00cac99,/home/sparsh/Naplam/Bangladesh-UAV-PlantDisease/Training Dataset/Root Damage/TN-774.jpg,Root Damage,TN-774.jpg,3
b6d66b9ce598673f764873cfdb0a5563,/home/sparsh/Naplam/Bangladesh-UAV-PlantDisease/Test Dataset/Hail damages/TN-509.jpg,Hail damage,TN-509.jpg,1
ccb8e5358653669c1439b58a4ddb728a,/home/sparsh/Naplam/Bangladesh-UAV-PlantDisease/Training Dataset/Cotton Bollworm Infestation/TN-741.jpg,Cotton Bollworm Infestation,TN-741.jpg,0
c1fd33c7a62d270329f8462d6f88ef57,/home/sparsh/Naplam/Bangladesh-UAV-PlantDisease/Training Dataset/Mixed/TN-2356.jpg,Mixed,TN-2356.jpg,2
bb36f304e9c36eab54ae39a837c7ad2d,/home/sparsh/Naplam/Bangladesh-UAV-PlantDisease/Test Dataset/Hail damages/TN-956.jpg,Hail damage,TN-956.jpg,1
1cd2bfa8714c8c70a1f6b1fc751f0436,/home/sparsh/Naplam/Bangladesh-UAV-PlantDisease/Test Dataset/Hail damages/TN-1765.jpg,Hail damage,TN-1765.jpg,1
baa844d40cb46841d97c0c9dca35d9eb,/home/sparsh/Naplam/Bangladesh-UAV-PlantDisease/Training Dataset/Cotton Bollworm Infestation/TN-129.jpg,Cotton Bollworm Infestation,TN-129.jpg,0
12a3536223601970df1cb27990ec0dbf,/home/sparsh/Naplam/Bangladesh-UAV-PlantDisease/Training Dataset/Hail damage/TN-817.jpg,Hail damage,TN-817.jpg,1
f7411197033130ed8fce469efb33bccc,/home/sparsh/Naplam/Bangladesh-UAV-PlantDisease/Training Dataset/Root Damage/TN-694.jpg,Root Damage,TN-694.jpg,3
6b3dc91d55bf82c3eeadb9d8235b5d7c,/home/sparsh/Naplam/Bangladesh-UAV-PlantDisease/Training Dataset/Mixed/TN-2031.jpg,Mixed,TN-2031.jpg,2
821e25fa02953fb2fd8339cff1c9d732,/home/sparsh/Naplam/Bangladesh-UAV-PlantDisease/Test Dataset/Hail damages/TN-2128.jpg,Hail damage,TN-2128.jpg,1
ccba453a7ff0cadb9cfce7e575ca6efc,/home/sparsh/Naplam/Bangladesh-UAV-PlantDisease/Test Dataset/Hail damages/TN-900.jpg,Hail damage,TN-900.jpg,1
78e53bef9fe10abd05e98fe17ffb227a,/home/sparsh/Naplam/Bangladesh-UAV-PlantDisease/Training Dataset/Mixed/TN-1920.jpg,Mixed,TN-1920.jpg,2
5a0f452c3c0589e61f5264b7922aa20b,/home/sparsh/Naplam/Bangladesh-UAV-PlantDisease/Training Dataset/Mixed/TN-1021.jpg,Mixed,TN-1021.jpg,2
72e5d8cc988d2bd76708db0482810ee7,/home/sparsh/Naplam/Bangladesh-UAV-PlantDisease/Training Dataset/Cotton Bollworm Infestation/TN-106.jpg,Cotton Bollworm Infestation,TN-106.jpg,0
468071cb902f17c15864544e672d124f,/home/sparsh/Naplam/Bangladesh-UAV-PlantDisease/Training Dataset/Strong-Light Burn/TN-29.jpg,Strong-Light Burn,TN-29.jpg,4
a1fb20d7005d423d13bfea0b29aad434,/home/sparsh/Naplam/Bangladesh-UAV-PlantDisease/Training Dataset/Cotton Bollworm Infestation/TN-1032.jpg,Cotton Bollworm Infestation,TN-1032.jpg,0
d132a95fa8381c9f489e283a9b7782ce,/home/sparsh/Naplam/Bangladesh-UAV-PlantDisease/Test Dataset/Cotton Bollworm Infestation/TN-392.jpg,Cotton Bollworm Infestation,TN-392.jpg,0
f2aec145a98f1c87422c30eb59da6e2d,/home/sparsh/Naplam/Bangladesh-UAV-PlantDisease/Test Dataset/Hail damages/TN-2731.jpg,Hail damage,TN-2731.jpg,1
6c11648d04f4ccbf19edf7a0a415eb07,/home/sparsh/Naplam/Bangladesh-UAV-PlantDisease/Test Dataset/Hail damages/TN-2449.jpg,Hail damage,TN-2449.jpg,1
c80eb73fb7b4835a06d2c180d7635361,/home/sparsh/Naplam/Bangladesh-UAV-PlantDisease/Training Dataset/Mixed/TN-1120.jpg,Mixed,TN-1120.jpg,2
c1295bbdd3aa5e56bed12ebc99fce0ff,/home/sparsh/Naplam/Bangladesh-UAV-PlantDisease/Training Dataset/Hail damage/TN-725.jpg,Hail damage,TN-725.jpg,1
e707bd6c9c5dcfcf7ee028ce1008bfc8,/home/sparsh/Naplam/Bangladesh-UAV-PlantDisease/Training Dataset/Mixed/TN-2165.jpg,Mixed,TN-2165.jpg,2
482af11c2d6b0a238a335f288cb48dbf,/home/sparsh/Naplam/Bangladesh-UAV-PlantDisease/Training Dataset/Root Damage/TN-110.jpg,Root Damage,TN-110.jpg,3
9a22f9f00d9d90a7398d48175b1f6fa7,/home/sparsh/Naplam/Bangladesh-UAV-PlantDisease/Training Dataset/Mixed/TN-1035.jpg,Mixed,TN-1035.jpg,2
9ac30eb8d6c4dc3ff4ee638508d1619b,/home/sparsh/Naplam/Bangladesh-UAV-PlantDisease/Training Dataset/Cotton Bollworm Infestation/TN-545.jpg,Cotton Bollworm Infestation,TN-545.jpg,0
ba8f5bfa2fa4847792e38271ca161ce2,/home/sparsh/Naplam/Bangladesh-UAV-PlantDisease/Training Dataset/Mixed/TN-928.jpg,Mixed,TN-928.jpg,2
9484723054521e1cf0c9cf4a762b696c,/home/sparsh/Naplam/Bangladesh-UAV-PlantDisease/Training Dataset/Mixed/TN-741.jpg,Mixed,TN-741.jpg,2
40d9575f0fce3fd2aae7092d7121dc9f,/home/sparsh/Naplam/Bangladesh-UAV-PlantDisease/Training Dataset/Hail damage/TN-334.jpg,Hail damage,TN-334.jpg,1
b299d36fb006a1998561593f0e9493f3,/home/sparsh/Naplam/Bangladesh-UAV-PlantDisease/Test Dataset/Hail damages/TN-1600.jpg,Hail damage,TN-1600.jpg,1
dd0a6a79c94b80143c44a322da926b22,/home/sparsh/Naplam/Bangladesh-UAV-PlantDisease/Test Dataset/Root Damage/TN-282.jpg,Root Damage,TN-282.jpg,3
9fbecdaf73d95342bb6abdd0a709b7d6,/home/sparsh/Naplam/Bangladesh-UAV-PlantDisease/Training Dataset/Cotton Bollworm Infestation/TN-993.jpg,Cotton Bollworm Infestation,TN-993.jpg,0
55dc78731d875c700e0c416ef84cc4bc,/home/sparsh/Naplam/Bangladesh-UAV-PlantDisease/Training Dataset/Root Damage/TN-833.jpg,Root Damage,TN-833.jpg,3
5f660966223f3a644b2893b574732af5,/home/sparsh/Naplam/Bangladesh-UAV-PlantDisease/Test Dataset/Hail damages/TN-1717.jpg,Hail damage,TN-1717.jpg,1
3eaf7c45859954d7e5f22f2cfd14a2ff,/home/sparsh/Naplam/Bangladesh-UAV-PlantDisease/Training Dataset/Mixed/TN-185.jpg,Mixed,TN-185.jpg,2
9d34eed5aee6f6355cc8d4cdadd3ac51,/home/sparsh/Naplam/Bangladesh-UAV-PlantDisease/Test Dataset/Hail damages/TN-890.jpg,Hail damage,TN-890.jpg,1
4467d12fd4f335edfd84edd8fc8bdd9d,/home/sparsh/Naplam/Bangladesh-UAV-PlantDisease/Training Dataset/Mixed/TN-242.jpg,Mixed,TN-242.jpg,2
6d5afe4702f1c40dab057d489d19fb55,/home/sparsh/Naplam/Bangladesh-UAV-PlantDisease/Training Dataset/Cotton Bollworm Infestation/TN-91.jpg,Cotton Bollworm Infestation,TN-91.jpg,0
9d6c2ab62e4f8581cd5582b789f233f3,/home/sparsh/Naplam/Bangladesh-UAV-PlantDisease/Test Dataset/Hail damages/TN-926.jpg,Hail damage,TN-926.jpg,1
e28d47220d62c2d5ed42e9b3b132075a,/home/sparsh/Naplam/Bangladesh-UAV-PlantDisease/Training Dataset/Root Damage/TN-432.jpg,Root Damage,TN-432.jpg,3
00deec8d1018f3650fe590b758cd81f4,/home/sparsh/Naplam/Bangladesh-UAV-PlantDisease/Training Dataset/Mixed/TN-90.jpg,Mixed,TN-90.jpg,2
2fa17f7cf274df87a3641e7f8b48c19c,/home/sparsh/Naplam/Bangladesh-UAV-PlantDisease/Training Dataset/Mixed/TN-1988.jpg,Mixed,TN-1988.jpg,2
e76c900c4341473d3bd63251438d1dae,/home/sparsh/Naplam/Bangladesh-UAV-PlantDisease/Test Dataset/Cotton Bollworm Infestation/TN-103.jpg,Cotton Bollworm Infestation,TN-103.jpg,0
89c721398ebbe88941fee5d16e485e44,/home/sparsh/Naplam/Bangladesh-UAV-PlantDisease/Training Dataset/Mixed/TN-2072.jpg,Mixed,TN-2072.jpg,2
dc891c85b1bf379ecac42b952e6916b2,/home/sparsh/Naplam/Bangladesh-UAV-PlantDisease/Training Dataset/Mixed/TN-721.jpg,Mixed,TN-721.jpg,2
8a96f0bdd02c00a3c5f66ea91262b92b,/home/sparsh/Naplam/Bangladesh-UAV-PlantDisease/Training Dataset/Strong-Light Burn/TN-423.jpg,Strong-Light Burn,TN-423.jpg,4
4638312a9db3ad1e56c32cbdc755a2eb,/home/sparsh/Naplam/Bangladesh-UAV-PlantDisease/Training Dataset/Strong-Light Burn/TN-413.jpg,Strong-Light Burn,TN-413.jpg,4
ed4a9b5957877a68a3eb454fa4d36d7f,/home/sparsh/Naplam/Bangladesh-UAV-PlantDisease/Training Dataset/Hail damage/TN-461.jpg,Hail damage,TN-461.jpg,1
71e8332ae6d6d03030b728a2ff72f0a4,/home/sparsh/Naplam/Bangladesh-UAV-PlantDisease/Training Dataset/Mixed/TN-2235.jpg,Mixed,TN-2235.jpg,2
41ce6a2da8054c31820fe297f2361469,/home/sparsh/Naplam/Bangladesh-UAV-PlantDisease/Training Dataset/Mixed/TN-1195.jpg,Mixed,TN-1195.jpg,2
8c145039d674f92cd5db441615b29acb,/home/sparsh/Naplam/Bangladesh-UAV-PlantDisease/Test Dataset/Hail damages/TN-2757.jpg,Hail damage,TN-2757.jpg,1
d70d78ec057296f11133b6d85a2471d2,/home/sparsh/Naplam/Bangladesh-UAV-PlantDisease/Training Dataset/Hail damage/TN-809.jpg,Hail damage,TN-809.jpg,1
e85b5504c443f736b15e70f346932727,/home/sparsh/Naplam/Bangladesh-UAV-PlantDisease/Test Dataset/Hail damages/TN-410.jpg,Hail damage,TN-410.jpg,1
558d265136963901bb7e97e968e757af,/home/sparsh/Naplam/Bangladesh-UAV-PlantDisease/Training Dataset/Hail damage/TN-774.jpg,Hail damage,TN-774.jpg,1
9d79f522729130eab6d4749f3f11fafd,/home/sparsh/Naplam/Bangladesh-UAV-PlantDisease/Test Dataset/Hail damages/TN-2235.jpg,Hail damage,TN-2235.jpg,1
9c1c31370ac0e21f7266e3865ebcf1b7,/home/sparsh/Naplam/Bangladesh-UAV-PlantDisease/Test Dataset/Cotton Bollworm Infestation/TN-310.jpg,Cotton Bollworm Infestation,TN-310.jpg,0
4bb30d152c28500a58f47cdd600fe95f,/home/sparsh/Naplam/Bangladesh-UAV-PlantDisease/Test Dataset/Mixed/TN-430.jpg,Mixed,TN-430.jpg,2
f0599f043b4bfbe5a2b5bde2d54061fd,/home/sparsh/Naplam/Bangladesh-UAV-PlantDisease/Test Dataset/Hail damages/TN-378.jpg,Hail damage,TN-378.jpg,1
38a7637237e6f3e8e53a20b8307c6177,/home/sparsh/Naplam/Bangladesh-UAV-PlantDisease/Test Dataset/Hail damages/TN-1015.jpg,Hail damage,TN-1015.jpg,1
41c3aad095f0b2682c6aeac0319d3ee2,/home/sparsh/Naplam/Bangladesh-UAV-PlantDisease/Training Dataset/Mixed/TN-288.jpg,Mixed,TN-288.jpg,2
bd85a8b50a92c3c486bfad8768dd307a,/home/sparsh/Naplam/Bangladesh-UAV-PlantDisease/Test Dataset/Hail damages/TN-1916.jpg,Hail damage,TN-1916.jpg,1
8ca4eaba7f8861fd909a128815542432,/home/sparsh/Naplam/Bangladesh-UAV-PlantDisease/Training Dataset/Mixed/TN-2387.jpg,Mixed,TN-2387.jpg,2
3e4eb6517e0ae61717a7c8143da5e57e,/home/sparsh/Naplam/Bangladesh-UAV-PlantDisease/Training Dataset/Hail damage/TN-542.jpg,Hail damage,TN-542.jpg,1
f91653ecbcde5be4e148ed7be84aad22,/home/sparsh/Naplam/Bangladesh-UAV-PlantDisease/Training Dataset/Mixed/TN-1848.jpg,Mixed,TN-1848.jpg,2
66f55e0d4b6c15e6c497c2aba94831a0,/home/sparsh/Naplam/Bangladesh-UAV-PlantDisease/Test Dataset/Hail damages/TN-558.jpg,Hail damage,TN-558.jpg,1
ebd2642e67bcbe595d591e12b5008326,/home/sparsh/Naplam/Bangladesh-UAV-PlantDisease/Training Dataset/Mixed/TN-137.jpg,Mixed,TN-137.jpg,2
8236b3f9fec18497bf678798cb3632f0,/home/sparsh/Naplam/Bangladesh-UAV-PlantDisease/Test Dataset/Hail damages/TN-2145.jpg,Hail damage,TN-2145.jpg,1
c7fc21df9b458a65f9f85b0c59cd3f78,/home/sparsh/Naplam/Bangladesh-UAV-PlantDisease/Training Dataset/Mixed/TN-952.jpg,Mixed,TN-952.jpg,2
aea6142c912a6fb8a1d9ab9cc9e19d5f,/home/sparsh/Naplam/Bangladesh-UAV-PlantDisease/Training Dataset/Mixed/TN-1753.jpg,Mixed,TN-1753.jpg,2
2cea3bee269732f1306a65a610ed0263,/home/sparsh/Naplam/Bangladesh-UAV-PlantDisease/Test Dataset/Cotton Bollworm Infestation/TN-53.jpg,Cotton Bollworm Infestation,TN-53.jpg,0
771746857b6c4fca131d43be98e42e1e,/home/sparsh/Naplam/Bangladesh-UAV-PlantDisease/Training Dataset/Strong-Light Burn/TN-625.jpg,Strong-Light Burn,TN-625.jpg,4
24f3574a8005378310aecbca601e64bc,/home/sparsh/Naplam/Bangladesh-UAV-PlantDisease/Test Dataset/Hail damages/TN-2460.jpg,Hail damage,TN-2460.jpg,1
2970d39377a018a950a668317aa3357b,/home/sparsh/Naplam/Bangladesh-UAV-PlantDisease/Training Dataset/Root Damage/TN-25.jpg,Root Damage,TN-25.jpg,3
af5957c32c3f0a027aab0b9c45f09c31,/home/sparsh/Naplam/Bangladesh-UAV-PlantDisease/Training Dataset/Mixed/TN-365.jpg,Mixed,TN-365.jpg,2
6d30304380e346d644f68493341ffb05,/home/sparsh/Naplam/Bangladesh-UAV-PlantDisease/Test Dataset/Hail damages/TN-2386.jpg,Hail damage,TN-2386.jpg,1
157ce931e9017a05334a2d826926b901,/home/sparsh/Naplam/Bangladesh-UAV-PlantDisease/Test Dataset/Hail damages/TN-1355.jpg,Hail damage,TN-1355.jpg,1
065d3c6fc09a7e80fc65819cc89f8af1,/home/sparsh/Naplam/Bangladesh-UAV-PlantDisease/Training Dataset/Cotton Bollworm Infestation/TN-742.jpg,Cotton Bollworm Infestation,TN-742.jpg,0
f8d80bd7816f69980468345c51953102,/home/sparsh/Naplam/Bangladesh-UAV-PlantDisease/Training Dataset/Mixed/TN-771.jpg,Mixed,TN-771.jpg,2
1702a40fc26e22b27be65f5989b436a5,/home/sparsh/Naplam/Bangladesh-UAV-PlantDisease/Training Dataset/Cotton Bollworm Infestation/TN-718.jpg,Cotton Bollworm Infestation,TN-718.jpg,0
cfa0814712478a8c3d0e050b75ef37db,/home/sparsh/Naplam/Bangladesh-UAV-PlantDisease/Training Dataset/Mixed/TN-190.jpg,Mixed,TN-190.jpg,2
e23d78e30cc9c3e250ca5855fa5ce471,/home/sparsh/Naplam/Bangladesh-UAV-PlantDisease/Training Dataset/Mixed/TN-693.jpg,Mixed,TN-693.jpg,2
804b6fbebd6e1f38b0dd0a6109017401,/home/sparsh/Naplam/Bangladesh-UAV-PlantDisease/Training Dataset/Strong-Light Burn/TN-382.jpg,Strong-Light Burn,TN-382.jpg,4
251fcf2dcca449f0ec781d986b046062,/home/sparsh/Naplam/Bangladesh-UAV-PlantDisease/Training Dataset/Mixed/TN-1638.jpg,Mixed,TN-1638.jpg,2
ee3d090ee8f194b9447f314e7037eb41,/home/sparsh/Naplam/Bangladesh-UAV-PlantDisease/Training Dataset/Mixed/TN-825.jpg,Mixed,TN-825.jpg,2
ce5ebd75a0d3abcceec1d7f29eee8404,/home/sparsh/Naplam/Bangladesh-UAV-PlantDisease/Training Dataset/Cotton Bollworm Infestation/TN-940.jpg,Cotton Bollworm Infestation,TN-940.jpg,0
e9705416381ed90ca84e6e175de7e045,/home/sparsh/Naplam/Bangladesh-UAV-PlantDisease/Training Dataset/Mixed/TN-1901.jpg,Mixed,TN-1901.jpg,2
5f5f451c032c5c9cec0c3140c604bb71,/home/sparsh/Naplam/Bangladesh-UAV-PlantDisease/Training Dataset/Cotton Bollworm Infestation/TN-432.jpg,Cotton Bollworm Infestation,TN-432.jpg,0
8f9571849efe0f09fb5d85df576d572c,/home/sparsh/Naplam/Bangladesh-UAV-PlantDisease/Training Dataset/Mixed/TN-1626.jpg,Mixed,TN-1626.jpg,2
76d80c667e41f0f15e68a57440232690,/home/sparsh/Naplam/Bangladesh-UAV-PlantDisease/Test Dataset/Hail damages/TN-686.jpg,Hail damage,TN-686.jpg,1
c89ea2807762c160ccb8325d7d860137,/home/sparsh/Naplam/Bangladesh-UAV-PlantDisease/Training Dataset/Mixed/TN-2278.jpg,Mixed,TN-2278.jpg,2
dd565481d63f2663be7d968cbaeabe8d,/home/sparsh/Naplam/Bangladesh-UAV-PlantDisease/Test Dataset/Hail damages/TN-379.jpg,Hail damage,TN-379.jpg,1
0202975279a6af37a36a4613b6adc6b7,/home/sparsh/Naplam/Bangladesh-UAV-PlantDisease/Training Dataset/Hail damage/TN-34.jpg,Hail damage,TN-34.jpg,1
0a7bd5e07154478b7c78fa1d661b0d32,/home/sparsh/Naplam/Bangladesh-UAV-PlantDisease/Training Dataset/Mixed/TN-2301.jpg,Mixed,TN-2301.jpg,2
1c5fe5cef3170030bba0cd7a46f8f13f,/home/sparsh/Naplam/Bangladesh-UAV-PlantDisease/Training Dataset/Mixed/TN-656.jpg,Mixed,TN-656.jpg,2
85e5b45a888a02843627073efe0e94f2,/home/sparsh/Naplam/Bangladesh-UAV-PlantDisease/Training Dataset/Mixed/TN-1856.jpg,Mixed,TN-1856.jpg,2
f9d60d9aa40f5c16d23cdc14f4dc83b3,/home/sparsh/Naplam/Bangladesh-UAV-PlantDisease/Training Dataset/Mixed/TN-2412.jpg,Mixed,TN-2412.jpg,2
36a0e9f04f5e921dd86715233b0b3f85,/home/sparsh/Naplam/Bangladesh-UAV-PlantDisease/Training Dataset/Cotton Bollworm Infestation/TN-380.jpg,Cotton Bollworm Infestation,TN-380.jpg,0
eb3919e8018e7e2f25073ed45288c957,/home/sparsh/Naplam/Bangladesh-UAV-PlantDisease/Training Dataset/Mixed/TN-357.jpg,Mixed,TN-357.jpg,2
6640d5e295b5a67de092c06c660ef14f,/home/sparsh/Naplam/Bangladesh-UAV-PlantDisease/Training Dataset/Mixed/TN-251.jpg,Mixed,TN-251.jpg,2
0075417ab6336dc075bbf16e753894a8,/home/sparsh/Naplam/Bangladesh-UAV-PlantDisease/Training Dataset/Cotton Bollworm Infestation/TN-618.jpg,Cotton Bollworm Infestation,TN-618.jpg,0
cf7a78147b85ccd8817b76cfd54c1b09,/home/sparsh/Naplam/Bangladesh-UAV-PlantDisease/Training Dataset/Hail damage/TN-223.jpg,Hail damage,TN-223.jpg,1
fad3513665c325ae026c29e48730fc50,/home/sparsh/Naplam/Bangladesh-UAV-PlantDisease/Training Dataset/Cotton Bollworm Infestation/TN-368.jpg,Cotton Bollworm Infestation,TN-368.jpg,0
4ebfee321e92963becc7225022a7254c,/home/sparsh/Naplam/Bangladesh-UAV-PlantDisease/Training Dataset/Root Damage/TN-819.jpg,Root Damage,TN-819.jpg,3
6ddc2db39bdd7c111f38d241c5b94122,/home/sparsh/Naplam/Bangladesh-UAV-PlantDisease/Training Dataset/Cotton Bollworm Infestation/TN-936.jpg,Cotton Bollworm Infestation,TN-936.jpg,0
062bf5435e3737b3c4682852ce466cc5,/home/sparsh/Naplam/Bangladesh-UAV-PlantDisease/Training Dataset/Strong-Light Burn/TN-469.jpg,Strong-Light Burn,TN-469.jpg,4
8febd60097d7abc003220f92aa8e9ea7,/home/sparsh/Naplam/Bangladesh-UAV-PlantDisease/Training Dataset/Hail damage/TN-600.jpg,Hail damage,TN-600.jpg,1
1061013c02256694bbe97e126fb6dfe5,/home/sparsh/Naplam/Bangladesh-UAV-PlantDisease/Training Dataset/Mixed/TN-967.jpg,Mixed,TN-967.jpg,2
151bc0837702d5a9f820fd37384d0756,/home/sparsh/Naplam/Bangladesh-UAV-PlantDisease/Test Dataset/Root Damage/TN-334.jpg,Root Damage,TN-334.jpg,3
ab76ce799ff975d98761af3d02c82f45,/home/sparsh/Naplam/Bangladesh-UAV-PlantDisease/Training Dataset/Cotton Bollworm Infestation/TN-586.jpg,Cotton Bollworm Infestation,TN-586.jpg,0
8e18434b37e60fccf498175219a1ab95,/home/sparsh/Naplam/Bangladesh-UAV-PlantDisease/Training Dataset/Mixed/TN-815.jpg,Mixed,TN-815.jpg,2
184a9a2c7e7e74a2ff1fae3ed0338f38,/home/sparsh/Naplam/Bangladesh-UAV-PlantDisease/Training Dataset/Mixed/TN-753.jpg,Mixed,TN-753.jpg,2
6d692c41b69f0a674b99fbac009bca15,/home/sparsh/Naplam/Bangladesh-UAV-PlantDisease/Test Dataset/Hail damages/TN-2206.jpg,Hail damage,TN-2206.jpg,1
db716707deea581e08bcf72e9f8cabd5,/home/sparsh/Naplam/Bangladesh-UAV-PlantDisease/Training Dataset/Root Damage/TN-324.jpg,Root Damage,TN-324.jpg,3
70bf9b297f432e2ed0ff2fd4cb699026,/home/sparsh/Naplam/Bangladesh-UAV-PlantDisease/Test Dataset/Hail damages/TN-528.jpg,Hail damage,TN-528.jpg,1
6c0a929744abdf636a1f00987a5a46e6,/home/sparsh/Naplam/Bangladesh-UAV-PlantDisease/Training Dataset/Cotton Bollworm Infestation/TN-65.jpg,Cotton Bollworm Infestation,TN-65.jpg,0
0d9ad2456396319c3a3fef4333e03b52,/home/sparsh/Naplam/Bangladesh-UAV-PlantDisease/Training Dataset/Mixed/TN-436.jpg,Mixed,TN-436.jpg,2
87aab5cdcc4e3749edb98c4b07ec0c19,/home/sparsh/Naplam/Bangladesh-UAV-PlantDisease/Training Dataset/Cotton Bollworm Infestation/TN-366.jpg,Cotton Bollworm Infestation,TN-366.jpg,0
0ed23686200d456de5b6f7f60fba90dd,/home/sparsh/Naplam/Bangladesh-UAV-PlantDisease/Training Dataset/Strong-Light Burn/TN-462.jpg,Strong-Light Burn,TN-462.jpg,4
728187f8df1292cec3ecc34750c21d0b,/home/sparsh/Naplam/Bangladesh-UAV-PlantDisease/Training Dataset/Mixed/TN-1429.jpg,Mixed,TN-1429.jpg,2
4dd665c2c05538dcc819a528346e1aac,/home/sparsh/Naplam/Bangladesh-UAV-PlantDisease/Training Dataset/Mixed/TN-651.jpg,Mixed,TN-651.jpg,2
beeb07d26d37251daa375d3637437ab2,/home/sparsh/Naplam/Bangladesh-UAV-PlantDisease/Training Dataset/Cotton Bollworm Infestation/TN-613.jpg,Cotton Bollworm Infestation,TN-613.jpg,0
84089507a9dd73889d9c084020edae97,/home/sparsh/Naplam/Bangladesh-UAV-PlantDisease/Training Dataset/Mixed/TN-1999.jpg,Mixed,TN-1999.jpg,2
50ffc3b7a104ecd31dd9f8d6726db0c2,/home/sparsh/Naplam/Bangladesh-UAV-PlantDisease/Training Dataset/Mixed/TN-2006.jpg,Mixed,TN-2006.jpg,2
656cfaa4299245b24b17ebae520ea3f3,/home/sparsh/Naplam/Bangladesh-UAV-PlantDisease/Training Dataset/Cotton Bollworm Infestation/TN-801.jpg,Cotton Bollworm Infestation,TN-801.jpg,0
40cc502b916e2507b04f6a0ed1f1747c,/home/sparsh/Naplam/Bangladesh-UAV-PlantDisease/Training Dataset/Strong-Light Burn/TN-193.jpg,Strong-Light Burn,TN-193.jpg,4
aaaecbaa2a7231bc130e1c100cd59f90,/home/sparsh/Naplam/Bangladesh-UAV-PlantDisease/Training Dataset/Hail damage/TN-57.jpg,Hail damage,TN-57.jpg,1
048ee6aa7fcfa9f88670280c0bb8def8,/home/sparsh/Naplam/Bangladesh-UAV-PlantDisease/Training Dataset/Root Damage/TN-305.jpg,Root Damage,TN-305.jpg,3
712b55ab8d5413ef255316d5331633fe,/home/sparsh/Naplam/Bangladesh-UAV-PlantDisease/Test Dataset/Root Damage/TN-50.jpg,Root Damage,TN-50.jpg,3
32db0aee34712f1347ac405899dd1e52,/home/sparsh/Naplam/Bangladesh-UAV-PlantDisease/Training Dataset/Strong-Light Burn/TN-303.jpg,Strong-Light Burn,TN-303.jpg,4
c7ee18b5cd98a787c3fea84e4d8fbe0d,/home/sparsh/Naplam/Bangladesh-UAV-PlantDisease/Training Dataset/Cotton Bollworm Infestation/TN-83.jpg,Cotton Bollworm Infestation,TN-83.jpg,0
093694933acedf0385b0fd61c6046bf1,/home/sparsh/Naplam/Bangladesh-UAV-PlantDisease/Training Dataset/Strong-Light Burn/TN-107.jpg,Strong-Light Burn,TN-107.jpg,4
5075520081dd8ce644dbb331ea2709dc,/home/sparsh/Naplam/Bangladesh-UAV-PlantDisease/Test Dataset/Hail damages/TN-1956.jpg,Hail damage,TN-1956.jpg,1
e8524b30cba2dd70d6e646f71709fa96,/home/sparsh/Naplam/Bangladesh-UAV-PlantDisease/Test Dataset/Hail damages/TN-780.jpg,Hail damage,TN-780.jpg,1
d1c28e97eaea5bfd4f153234dffba62e,/home/sparsh/Naplam/Bangladesh-UAV-PlantDisease/Test Dataset/Hail damages/TN-2057.jpg,Hail damage,TN-2057.jpg,1
e10354479c154c663a860b364ded75cf,/home/sparsh/Naplam/Bangladesh-UAV-PlantDisease/Test Dataset/Hail damages/TN-103.jpg,Hail damage,TN-103.jpg,1
d45e3b6021c26994aa6ea70fceda5aad,/home/sparsh/Naplam/Bangladesh-UAV-PlantDisease/Test Dataset/Hail damages/TN-2447.jpg,Hail damage,TN-2447.jpg,1
3ec0a4adf3b448ad596d0261b85eb84d,/home/sparsh/Naplam/Bangladesh-UAV-PlantDisease/Training Dataset/Hail damage/TN-788.jpg,Hail damage,TN-788.jpg,1
7d288d4dac3dc84a71a4a89d9b17add3,/home/sparsh/Naplam/Bangladesh-UAV-PlantDisease/Training Dataset/Hail damage/TN-442.jpg,Hail damage,TN-442.jpg,1
167b7863db1f7f5edc22dc786276080f,/home/sparsh/Naplam/Bangladesh-UAV-PlantDisease/Training Dataset/Strong-Light Burn/TN-446.jpg,Strong-Light Burn,TN-446.jpg,4
c7e74da89b6a7881f4b93b450d8b58d7,/home/sparsh/Naplam/Bangladesh-UAV-PlantDisease/Training Dataset/Mixed/TN-2203.jpg,Mixed,TN-2203.jpg,2
e63693651470893f1748d2050a101ffa,/home/sparsh/Naplam/Bangladesh-UAV-PlantDisease/Training Dataset/Cotton Bollworm Infestation/TN-847.jpg,Cotton Bollworm Infestation,TN-847.jpg,0
82e74ae3873c04495f716b07e1099ba1,/home/sparsh/Naplam/Bangladesh-UAV-PlantDisease/Training Dataset/Cotton Bollworm Infestation/TN-330.jpg,Cotton Bollworm Infestation,TN-330.jpg,0
6654f4f378330522c07da0fb5eb654ba,/home/sparsh/Naplam/Bangladesh-UAV-PlantDisease/Training Dataset/Root Damage/TN-594.jpg,Root Damage,TN-594.jpg,3
a4985b3439f11d215f0ad71238722443,/home/sparsh/Naplam/Bangladesh-UAV-PlantDisease/Training Dataset/Strong-Light Burn/TN-440.jpg,Strong-Light Burn,TN-440.jpg,4
9cb1954fc29675f937499f407163a88f,/home/sparsh/Naplam/Bangladesh-UAV-PlantDisease/Test Dataset/Hail damages/TN-2126.jpg,Hail damage,TN-2126.jpg,1
40d36509c9eb4428c195c7f52d17c1e0,/home/sparsh/Naplam/Bangladesh-UAV-PlantDisease/Training Dataset/Mixed/TN-626.jpg,Mixed,TN-626.jpg,2
464fb5a71f008deea4ba909b0bbc177d,/home/sparsh/Naplam/Bangladesh-UAV-PlantDisease/Test Dataset/Hail damages/TN-1039.jpg,Hail damage,TN-1039.jpg,1
e7e8e25f74d343a7b790a029e54bf877,/home/sparsh/Naplam/Bangladesh-UAV-PlantDisease/Training Dataset/Mixed/TN-672.jpg,Mixed,TN-672.jpg,2
9fb144053fdc67026d48f7f0ffeebcf4,/home/sparsh/Naplam/Bangladesh-UAV-PlantDisease/Test Dataset/Hail damages/TN-700.jpg,Hail damage,TN-700.jpg,1
052665efe8cfae04888b2657c7b8f1e9,/home/sparsh/Naplam/Bangladesh-UAV-PlantDisease/Training Dataset/Mixed/TN-958.jpg,Mixed,TN-958.jpg,2
7c9f2b3411aabdba3364cb61ab1a737d,/home/sparsh/Naplam/Bangladesh-UAV-PlantDisease/Training Dataset/Mixed/TN-304.jpg,Mixed,TN-304.jpg,2
a2b7489d078313b16b0a0363af372160,/home/sparsh/Naplam/Bangladesh-UAV-PlantDisease/Training Dataset/Mixed/TN-632.jpg,Mixed,TN-632.jpg,2
ce70476b75c756c577fc5e918a9aa67c,/home/sparsh/Naplam/Bangladesh-UAV-PlantDisease/Training Dataset/Mixed/TN-1930.jpg,Mixed,TN-1930.jpg,2
b0ab092f7763a22174ae36e73a4c81fc,/home/sparsh/Naplam/Bangladesh-UAV-PlantDisease/Training Dataset/Mixed/TN-718.jpg,Mixed,TN-718.jpg,2
0e3bfb11674c1ed536f590f8626e2a96,/home/sparsh/Naplam/Bangladesh-UAV-PlantDisease/Training Dataset/Strong-Light Burn/TN-335.jpg,Strong-Light Burn,TN-335.jpg,4
f2c0d14115d1fd922d3a06d049caf6dd,/home/sparsh/Naplam/Bangladesh-UAV-PlantDisease/Training Dataset/Mixed/TN-1430.jpg,Mixed,TN-1430.jpg,2
ae7143e972fe067b17483faa8af85233,/home/sparsh/Naplam/Bangladesh-UAV-PlantDisease/Training Dataset/Hail damage/TN-537.jpg,Hail damage,TN-537.jpg,1
0ed8de7866b698ffabdb118738dbd006,/home/sparsh/Naplam/Bangladesh-UAV-PlantDisease/Training Dataset/Cotton Bollworm Infestation/TN-153.jpg,Cotton Bollworm Infestation,TN-153.jpg,0
461dc12c750fd743c4b576a09086db2e,/home/sparsh/Naplam/Bangladesh-UAV-PlantDisease/Training Dataset/Mixed/TN-912.jpg,Mixed,TN-912.jpg,2
902115c9200f0960159696b1052f9479,/home/sparsh/Naplam/Bangladesh-UAV-PlantDisease/Training Dataset/Mixed/TN-1268.jpg,Mixed,TN-1268.jpg,2
1aec871b547b534c7f1afbf6bc706d29,/home/sparsh/Naplam/Bangladesh-UAV-PlantDisease/Training Dataset/Mixed/TN-881.jpg,Mixed,TN-881.jpg,2
a22cbb86fe4f94e87461cbe2ff314ae2,/home/sparsh/Naplam/Bangladesh-UAV-PlantDisease/Test Dataset/Hail damages/TN-2438.jpg,Hail damage,TN-2438.jpg,1
d1c576c38a4e5246a65e6fd793c65b5f,/home/sparsh/Naplam/Bangladesh-UAV-PlantDisease/Training Dataset/Cotton Bollworm Infestation/TN-649.jpg,Cotton Bollworm Infestation,TN-649.jpg,0
aeac93df452ff3f16e886c9fda9ef4de,/home/sparsh/Naplam/Bangladesh-UAV-PlantDisease/Training Dataset/Mixed/TN-11.jpg,Mixed,TN-11.jpg,2
acc9c4f8611dd419aeb6e622352e657f,/home/sparsh/Naplam/Bangladesh-UAV-PlantDisease/Training Dataset/Mixed/TN-1475.jpg,Mixed,TN-1475.jpg,2
b57aa1c66b9637bf7ab675e3509bbe1e,/home/sparsh/Naplam/Bangladesh-UAV-PlantDisease/Training Dataset/Mixed/TN-843.jpg,Mixed,TN-843.jpg,2
0b996140a2793e9bbe3f9e45f7ba950d,/home/sparsh/Naplam/Bangladesh-UAV-PlantDisease/Training Dataset/Mixed/TN-407.jpg,Mixed,TN-407.jpg,2
26e618fb43a7e783e030293827d85dff,/home/sparsh/Naplam/Bangladesh-UAV-PlantDisease/Training Dataset/Mixed/TN-812.jpg,Mixed,TN-812.jpg,2
2b60f0b97c1d6c920ae23d300051f3ff,/home/sparsh/Naplam/Bangladesh-UAV-PlantDisease/Training Dataset/Cotton Bollworm Infestation/TN-71.jpg,Cotton Bollworm Infestation,TN-71.jpg,0
bd6a1a1c56bb0b68711ba8d556fe080d,/home/sparsh/Naplam/Bangladesh-UAV-PlantDisease/Training Dataset/Cotton Bollworm Infestation/TN-410.jpg,Cotton Bollworm Infestation,TN-410.jpg,0
b616802befae2a79fc86dbe311b94d38,/home/sparsh/Naplam/Bangladesh-UAV-PlantDisease/Training Dataset/Root Damage/TN-193.jpg,Root Damage,TN-193.jpg,3
8ed661885b41036f58823f77f8afcc18,/home/sparsh/Naplam/Bangladesh-UAV-PlantDisease/Training Dataset/Mixed/TN-2291.jpg,Mixed,TN-2291.jpg,2
ec7fcb69edd70a07d874d2a24774b8fa,/home/sparsh/Naplam/Bangladesh-UAV-PlantDisease/Test Dataset/Hail damages/TN-1775.jpg,Hail damage,TN-1775.jpg,1
2536c6fe4931eb71d5ddd98bae9bff4f,/home/sparsh/Naplam/Bangladesh-UAV-PlantDisease/Training Dataset/Root Damage/TN-265.jpg,Root Damage,TN-265.jpg,3
88a308a2ade2616c80948c3c2dfc0e8c,/home/sparsh/Naplam/Bangladesh-UAV-PlantDisease/Training Dataset/Hail damage/TN-42.jpg,Hail damage,TN-42.jpg,1
d213a3442ee44871852ee048dd179d17,/home/sparsh/Naplam/Bangladesh-UAV-PlantDisease/Test Dataset/Hail damages/TN-2806.jpg,Hail damage,TN-2806.jpg,1
089b13b505a97c7ecbbeb2c039503a30,/home/sparsh/Naplam/Bangladesh-UAV-PlantDisease/Training Dataset/Strong-Light Burn/TN-216.jpg,Strong-Light Burn,TN-216.jpg,4
395ea687cf5bd81675ca561b8bef890c,/home/sparsh/Naplam/Bangladesh-UAV-PlantDisease/Training Dataset/Mixed/TN-2249.jpg,Mixed,TN-2249.jpg,2
ddec124e674816b1b4c43d690a425769,/home/sparsh/Naplam/Bangladesh-UAV-PlantDisease/Training Dataset/Mixed/TN-1950.jpg,Mixed,TN-1950.jpg,2
ccf56ee20499de007d0a1988c60d9f9a,/home/sparsh/Naplam/Bangladesh-UAV-PlantDisease/Training Dataset/Root Damage/TN-374.jpg,Root Damage,TN-374.jpg,3
289107a14abf8947c4a13e8838e8f54e,/home/sparsh/Naplam/Bangladesh-UAV-PlantDisease/Test Dataset/Hail damages/TN-2839.jpg,Hail damage,TN-2839.jpg,1
bdd8c3073e0a2ea3b19f809a69327378,/home/sparsh/Naplam/Bangladesh-UAV-PlantDisease/Training Dataset/Hail damage/TN-564.jpg,Hail damage,TN-564.jpg,1
7f12f493935ebc61c42037f1ce75109f,/home/sparsh/Naplam/Bangladesh-UAV-PlantDisease/Test Dataset/Hail damages/TN-2905.jpg,Hail damage,TN-2905.jpg,1
c662c842de9d11c229982cd07e5824df,/home/sparsh/Naplam/Bangladesh-UAV-PlantDisease/Test Dataset/Root Damage/TN-330.jpg,Root Damage,TN-330.jpg,3
b80e9e9d88a8114cde1678e732771b61,/home/sparsh/Naplam/Bangladesh-UAV-PlantDisease/Test Dataset/Hail damages/TN-1046.jpg,Hail damage,TN-1046.jpg,1
fdfc974475a0710698f796f01c414da3,/home/sparsh/Naplam/Bangladesh-UAV-PlantDisease/Test Dataset/Hail damages/TN-1526.jpg,Hail damage,TN-1526.jpg,1
4dacc06f8c5a2a253a2377b11f7b810e,/home/sparsh/Naplam/Bangladesh-UAV-PlantDisease/Training Dataset/Hail damage/TN-232.jpg,Hail damage,TN-232.jpg,1
7c1175d66ec2280dccfbcb9111c789d1,/home/sparsh/Naplam/Bangladesh-UAV-PlantDisease/Training Dataset/Hail damage/TN-812.jpg,Hail damage,TN-812.jpg,1
67a58be74ef8b16fb77898435d826c58,/home/sparsh/Naplam/Bangladesh-UAV-PlantDisease/Training Dataset/Mixed/TN-570.jpg,Mixed,TN-570.jpg,2
8d075d9b1d2997c79beee9e6aafa34dc,/home/sparsh/Naplam/Bangladesh-UAV-PlantDisease/Training Dataset/Mixed/TN-2281.jpg,Mixed,TN-2281.jpg,2
cb7a822b7d6cf09b197eaddfb713bb18,/home/sparsh/Naplam/Bangladesh-UAV-PlantDisease/Training Dataset/Cotton Bollworm Infestation/TN-602.jpg,Cotton Bollworm Infestation,TN-602.jpg,0
c4f2a3e24f0fa344273271e31bc5353e,/home/sparsh/Naplam/Bangladesh-UAV-PlantDisease/Training Dataset/Mixed/TN-524.jpg,Mixed,TN-524.jpg,2
a7b62cfa4c07f39222cef5322a81cf56,/home/sparsh/Naplam/Bangladesh-UAV-PlantDisease/Test Dataset/Hail damages/TN-1759.jpg,Hail damage,TN-1759.jpg,1
5a25c3c751b52d253ee619110d0a0185,/home/sparsh/Naplam/Bangladesh-UAV-PlantDisease/Training Dataset/Hail damage/TN-676.jpg,Hail damage,TN-676.jpg,1
e31181a92afa468c40f386876affc07a,/home/sparsh/Naplam/Bangladesh-UAV-PlantDisease/Training Dataset/Root Damage/TN-821.jpg,Root Damage,TN-821.jpg,3
ba9202109b0a4e00a0d119459b540f03,/home/sparsh/Naplam/Bangladesh-UAV-PlantDisease/Training Dataset/Mixed/TN-2212.jpg,Mixed,TN-2212.jpg,2
e2832096848f363d1f56c67c7368e684,/home/sparsh/Naplam/Bangladesh-UAV-PlantDisease/Training Dataset/Mixed/TN-2429.jpg,Mixed,TN-2429.jpg,2
58f4be339c444d5ad53b3fbb28d3ba87,/home/sparsh/Naplam/Bangladesh-UAV-PlantDisease/Training Dataset/Mixed/TN-1691.jpg,Mixed,TN-1691.jpg,2
744c014a0f3ac4e3741c1d30deef5ac2,/home/sparsh/Naplam/Bangladesh-UAV-PlantDisease/Training Dataset/Hail damage/TN-111.jpg,Hail damage,TN-111.jpg,1
72d5d162d7b969db9d800dfca97c97bb,/home/sparsh/Naplam/Bangladesh-UAV-PlantDisease/Test Dataset/Hail damages/TN-620.jpg,Hail damage,TN-620.jpg,1
88a3b32fccfb2edb93bb5c08ccd2fe78,/home/sparsh/Naplam/Bangladesh-UAV-PlantDisease/Training Dataset/Mixed/TN-1639.jpg,Mixed,TN-1639.jpg,2
c475d0187272d796f4e4da57a58d4232,/home/sparsh/Naplam/Bangladesh-UAV-PlantDisease/Training Dataset/Hail damage/TN-651.jpg,Hail damage,TN-651.jpg,1
abf39ab3c2e629fc7f96b7437b9a624c,/home/sparsh/Naplam/Bangladesh-UAV-PlantDisease/Test Dataset/Hail damages/TN-1516.jpg,Hail damage,TN-1516.jpg,1
9771f7f2d437ab29533ec0d6cee12e3e,/home/sparsh/Naplam/Bangladesh-UAV-PlantDisease/Training Dataset/Hail damage/TN-567.jpg,Hail damage,TN-567.jpg,1
2054c998e0cda2771c7cdb7bef1f33e3,/home/sparsh/Naplam/Bangladesh-UAV-PlantDisease/Test Dataset/Hail damages/TN-457.jpg,Hail damage,TN-457.jpg,1
e4e730beabbf1b4d857a85ce3bf0b13b,/home/sparsh/Naplam/Bangladesh-UAV-PlantDisease/Training Dataset/Cotton Bollworm Infestation/TN-378.jpg,Cotton Bollworm Infestation,TN-378.jpg,0
ff6241a9596295ec0d411199df1b0150,/home/sparsh/Naplam/Bangladesh-UAV-PlantDisease/Training Dataset/Root Damage/TN-233.jpg,Root Damage,TN-233.jpg,3
5d5a351f0e69e10d762c3fc6b83006a6,/home/sparsh/Naplam/Bangladesh-UAV-PlantDisease/Test Dataset/Hail damages/TN-1554.jpg,Hail damage,TN-1554.jpg,1
c908677aff154c1c9c02c9a88265c820,/home/sparsh/Naplam/Bangladesh-UAV-PlantDisease/Test Dataset/Hail damages/TN-1270.jpg,Hail damage,TN-1270.jpg,1
2898840eb86b8b301cfe866409400fea,/home/sparsh/Naplam/Bangladesh-UAV-PlantDisease/Training Dataset/Root Damage/TN-511.jpg,Root Damage,TN-511.jpg,3
985ce9932a19a93356b0e409163131b9,/home/sparsh/Naplam/Bangladesh-UAV-PlantDisease/Training Dataset/Cotton Bollworm Infestation/TN-858.jpg,Cotton Bollworm Infestation,TN-858.jpg,0
f949ae7bda3b06067669a303e1702be7,/home/sparsh/Naplam/Bangladesh-UAV-PlantDisease/Test Dataset/Root Damage/TN-420.jpg,Root Damage,TN-420.jpg,3
af2d0607e3cc96fd7c5aa2997bcf3a6f,/home/sparsh/Naplam/Bangladesh-UAV-PlantDisease/Test Dataset/Hail damages/TN-2778.jpg,Hail damage,TN-2778.jpg,1
c77bf04f6d2ddff6685666a11cfb0970,/home/sparsh/Naplam/Bangladesh-UAV-PlantDisease/Training Dataset/Cotton Bollworm Infestation/TN-100.jpg,Cotton Bollworm Infestation,TN-100.jpg,0
12c1fc24a1f8e2a030adebb4863019e8,/home/sparsh/Naplam/Bangladesh-UAV-PlantDisease/Training Dataset/Cotton Bollworm Infestation/TN-124.jpg,Cotton Bollworm Infestation,TN-124.jpg,0
98a14d66e1963bad1f8ff722593a99ab,/home/sparsh/Naplam/Bangladesh-UAV-PlantDisease/Training Dataset/Mixed/TN-1343.jpg,Mixed,TN-1343.jpg,2
f0c3795c81aa5d13e41f609dab5a47c8,/home/sparsh/Naplam/Bangladesh-UAV-PlantDisease/Training Dataset/Mixed/TN-2187.jpg,Mixed,TN-2187.jpg,2
808bb441954e9791e47e6b742838911b,/home/sparsh/Naplam/Bangladesh-UAV-PlantDisease/Test Dataset/Hail damages/TN-110.jpg,Hail damage,TN-110.jpg,1
e236b4d11bdb55cbd8f5cbea6cfb3808,/home/sparsh/Naplam/Bangladesh-UAV-PlantDisease/Test Dataset/Hail damages/TN-1246.jpg,Hail damage,TN-1246.jpg,1
2e33b86f0daa8ea3827e3e5556bfb6d9,/home/sparsh/Naplam/Bangladesh-UAV-PlantDisease/Training Dataset/Cotton Bollworm Infestation/TN-179.jpg,Cotton Bollworm Infestation,TN-179.jpg,0
6fba0ea4318f6f0f0a9f1b36f4be9cbe,/home/sparsh/Naplam/Bangladesh-UAV-PlantDisease/Test Dataset/Hail damages/TN-1690.jpg,Hail damage,TN-1690.jpg,1
ff79d1aa6ed280612fcb2823cc5df124,/home/sparsh/Naplam/Bangladesh-UAV-PlantDisease/Training Dataset/Cotton Bollworm Infestation/TN-554.jpg,Cotton Bollworm Infestation,TN-554.jpg,0
f8a636be450c4975046a1c99e6f15fed,/home/sparsh/Naplam/Bangladesh-UAV-PlantDisease/Training Dataset/Cotton Bollworm Infestation/TN-518.jpg,Cotton Bollworm Infestation,TN-518.jpg,0
b1623d02cc8729699e48442effd8f14e,/home/sparsh/Naplam/Bangladesh-UAV-PlantDisease/Test Dataset/Hail damages/TN-508.jpg,Hail damage,TN-508.jpg,1
0ab56d0dc55be52906c53504a0087479,/home/sparsh/Naplam/Bangladesh-UAV-PlantDisease/Training Dataset/Strong-Light Burn/TN-535.jpg,Strong-Light Burn,TN-535.jpg,4
6fc1ffec240d036507c5bea1004f23aa,/home/sparsh/Naplam/Bangladesh-UAV-PlantDisease/Training Dataset/Strong-Light Burn/TN-198.jpg,Strong-Light Burn,TN-198.jpg,4
9277f4c45e88882e6fe44b5830b08a27,/home/sparsh/Naplam/Bangladesh-UAV-PlantDisease/Training Dataset/Mixed/TN-1729.jpg,Mixed,TN-1729.jpg,2
ae03c6c63070f6a8ce2ffded08c69f43,/home/sparsh/Naplam/Bangladesh-UAV-PlantDisease/Training Dataset/Strong-Light Burn/TN-390.jpg,Strong-Light Burn,TN-390.jpg,4
9fbd2bc71e29ed84739eaac0c2d2ec46,/home/sparsh/Naplam/Bangladesh-UAV-PlantDisease/Training Dataset/Root Damage/TN-226.jpg,Root Damage,TN-226.jpg,3
48de6c2f86646988903a76a9f256a9e6,/home/sparsh/Naplam/Bangladesh-UAV-PlantDisease/Training Dataset/Hail damage/TN-554.jpg,Hail damage,TN-554.jpg,1
9fce975c8f0a5e8499f3645d9c65723d,/home/sparsh/Naplam/Bangladesh-UAV-PlantDisease/Training Dataset/Mixed/TN-1625.jpg,Mixed,TN-1625.jpg,2
539b922923f4ebbf99214029948410d1,/home/sparsh/Naplam/Bangladesh-UAV-PlantDisease/Test Dataset/Hail damages/TN-1118.jpg,Hail damage,TN-1118.jpg,1
10aedbd60ccce3f9af5b8f98690ab766,/home/sparsh/Naplam/Bangladesh-UAV-PlantDisease/Training Dataset/Strong-Light Burn/TN-392.jpg,Strong-Light Burn,TN-392.jpg,4
f75ba7b650c2708e5cf4f29c8218ef5b,/home/sparsh/Naplam/Bangladesh-UAV-PlantDisease/Training Dataset/Cotton Bollworm Infestation/TN-171.jpg,Cotton Bollworm Infestation,TN-171.jpg,0
c16d30bf71776600137439f3c954613f,/home/sparsh/Naplam/Bangladesh-UAV-PlantDisease/Training Dataset/Hail damage/TN-502.jpg,Hail damage,TN-502.jpg,1
218a1150059a27baacedf9e883a90fc3,/home/sparsh/Naplam/Bangladesh-UAV-PlantDisease/Training Dataset/Root Damage/TN-581.jpg,Root Damage,TN-581.jpg,3
1d63299ce2bbab4925c34504fc4998a5,/home/sparsh/Naplam/Bangladesh-UAV-PlantDisease/Training Dataset/Mixed/TN-1946.jpg,Mixed,TN-1946.jpg,2
f8024185d28ced5976d014131f511fdd,/home/sparsh/Naplam/Bangladesh-UAV-PlantDisease/Training Dataset/Mixed/TN-1141.jpg,Mixed,TN-1141.jpg,2
fe5574e597ea44dccf47462c7f9eadc1,/home/sparsh/Naplam/Bangladesh-UAV-PlantDisease/Test Dataset/Hail damages/TN-1228.jpg,Hail damage,TN-1228.jpg,1
3ba171b24a6d3b01a58801a501f05050,/home/sparsh/Naplam/Bangladesh-UAV-PlantDisease/Test Dataset/Hail damages/TN-2230.jpg,Hail damage,TN-2230.jpg,1
91fe059b24f5fee2d74a539f511b68d6,/home/sparsh/Naplam/Bangladesh-UAV-PlantDisease/Test Dataset/Cotton Bollworm Infestation/images.jpg,Cotton Bollworm Infestation,images.jpg,0
dccb9984b901d4614d5eaca9f6cfe224,/home/sparsh/Naplam/Bangladesh-UAV-PlantDisease/Test Dataset/Hail damages/TN-867.jpg,Hail damage,TN-867.jpg,1
307a2e79e99b2937db040e58977280d3,/home/sparsh/Naplam/Bangladesh-UAV-PlantDisease/Training Dataset/Hail damage/TN-370.jpg,Hail damage,TN-370.jpg,1
db2e5807e3f95d0132332964b29952ae,/home/sparsh/Naplam/Bangladesh-UAV-PlantDisease/Test Dataset/Hail damages/TN-1946.jpg,Hail damage,TN-1946.jpg,1
db554a61756ddce3fa328a7918c88003,/home/sparsh/Naplam/Bangladesh-UAV-PlantDisease/Test Dataset/Hail damages/TN-2425.jpg,Hail damage,TN-2425.jpg,1
8817e075fa2e7baa1fb795a36b1a1d01,/home/sparsh/Naplam/Bangladesh-UAV-PlantDisease/Training Dataset/Hail damage/TN-735.jpg,Hail damage,TN-735.jpg,1
f6567ed7829ae3be9a71f19bccc45e62,/home/sparsh/Naplam/Bangladesh-UAV-PlantDisease/Test Dataset/Hail damages/TN-1808.jpg,Hail damage,TN-1808.jpg,1
0d393b3e9706253889660e5244b8a8e7,/home/sparsh/Naplam/Bangladesh-UAV-PlantDisease/Training Dataset/Cotton Bollworm Infestation/TN-434.jpg,Cotton Bollworm Infestation,TN-434.jpg,0
90af19e51ba008a0795c51e2f485b736,/home/sparsh/Naplam/Bangladesh-UAV-PlantDisease/Training Dataset/Root Damage/TN-115.jpg,Root Damage,TN-115.jpg,3
8ce11b8c9c7d9be6b2f1351cf54b36ed,/home/sparsh/Naplam/Bangladesh-UAV-PlantDisease/Training Dataset/Mixed/TN-1241.jpg,Mixed,TN-1241.jpg,2
4a2d2c6ab60cf063b884dfc7d96399ed,/home/sparsh/Naplam/Bangladesh-UAV-PlantDisease/Training Dataset/Hail damage/TN-354.jpg,Hail damage,TN-354.jpg,1
de34e13554646e70890ff3c9f5ff4a71,/home/sparsh/Naplam/Bangladesh-UAV-PlantDisease/Training Dataset/Hail damage/TN-516.jpg,Hail damage,TN-516.jpg,1
745f384fcbc76fd1f18e210f16c27936,/home/sparsh/Naplam/Bangladesh-UAV-PlantDisease/Training Dataset/Root Damage/TN-54.jpg,Root Damage,TN-54.jpg,3
8749c9b5ef78caed1ff8e8d335997fe1,/home/sparsh/Naplam/Bangladesh-UAV-PlantDisease/Test Dataset/Hail damages/TN-2476.jpg,Hail damage,TN-2476.jpg,1
0e7f892edab55caf0eedcbb2e2ed5358,/home/sparsh/Naplam/Bangladesh-UAV-PlantDisease/Training Dataset/Mixed/TN-800.jpg,Mixed,TN-800.jpg,2
e220eb02007430f1515ac1446e2c62ec,/home/sparsh/Naplam/Bangladesh-UAV-PlantDisease/Training Dataset/Mixed/TN-55.jpg,Mixed,TN-55.jpg,2
ac36aeb66d4fe0710511ca68308ea6c0,/home/sparsh/Naplam/Bangladesh-UAV-PlantDisease/Training Dataset/Mixed/TN-107.jpg,Mixed,TN-107.jpg,2
e3bfccba0098b4241dcd49f761cecc6e,/home/sparsh/Naplam/Bangladesh-UAV-PlantDisease/Training Dataset/Root Damage/TN-397.jpg,Root Damage,TN-397.jpg,3
988189db9826d611d1b69788654a8caa,/home/sparsh/Naplam/Bangladesh-UAV-PlantDisease/Training Dataset/Mixed/TN-1119.jpg,Mixed,TN-1119.jpg,2
030c93272777188b39298e26ba01c41e,/home/sparsh/Naplam/Bangladesh-UAV-PlantDisease/Training Dataset/Hail damage/TN-821.jpg,Hail damage,TN-821.jpg,1
79c31f85c418ac90c95c1b735a91090f,/home/sparsh/Naplam/Bangladesh-UAV-PlantDisease/Test Dataset/Hail damages/TN-655.jpg,Hail damage,TN-655.jpg,1
35e67e0aa0d63cb746e94d2542d02666,/home/sparsh/Naplam/Bangladesh-UAV-PlantDisease/Training Dataset/Strong-Light Burn/TN-172.jpg,Strong-Light Burn,TN-172.jpg,4
e652d9e19f4594afe6763ef6d7a85363,/home/sparsh/Naplam/Bangladesh-UAV-PlantDisease/Training Dataset/Hail damage/TN-587.jpg,Hail damage,TN-587.jpg,1
cd3df0d79867ef67f24db59839eb9441,/home/sparsh/Naplam/Bangladesh-UAV-PlantDisease/Test Dataset/Hail damages/TN-717.jpg,Hail damage,TN-717.jpg,1
d956f295ea2c2eea28c8c01511064c28,/home/sparsh/Naplam/Bangladesh-UAV-PlantDisease/Training Dataset/Mixed/TN-885.jpg,Mixed,TN-885.jpg,2
8aff55153ddb246cd30a1d6aac2c34fa,/home/sparsh/Naplam/Bangladesh-UAV-PlantDisease/Training Dataset/Root Damage/TN-762.jpg,Root Damage,TN-762.jpg,3
868fb16ac7107c442ae9211b5f4cd392,/home/sparsh/Naplam/Bangladesh-UAV-PlantDisease/Test Dataset/Hail damages/TN-1020.jpg,Hail damage,TN-1020.jpg,1
61c1c54f22552f846bcefdaf7da5ff22,/home/sparsh/Naplam/Bangladesh-UAV-PlantDisease/Training Dataset/Cotton Bollworm Infestation/TN-991.jpg,Cotton Bollworm Infestation,TN-991.jpg,0
b55c8eeff03fb8c368468a6d28db830a,/home/sparsh/Naplam/Bangladesh-UAV-PlantDisease/Training Dataset/Mixed/TN-216.jpg,Mixed,TN-216.jpg,2
6311bb4fb5c8bb19f8aab3b1cb230533,/home/sparsh/Naplam/Bangladesh-UAV-PlantDisease/Test Dataset/Root Damage/TN-400.jpg,Root Damage,TN-400.jpg,3
230d1920f9aca064766cef695ca63237,/home/sparsh/Naplam/Bangladesh-UAV-PlantDisease/Test Dataset/Hail damages/TN-837.jpg,Hail damage,TN-837.jpg,1
6b2dd942917eecb8b289dcd3fd7efd56,/home/sparsh/Naplam/Bangladesh-UAV-PlantDisease/Training Dataset/Cotton Bollworm Infestation/TN-34.jpg,Cotton Bollworm Infestation,TN-34.jpg,0
cd903c23441a9cb0ecb5c0e5ebdde0d0,/home/sparsh/Naplam/Bangladesh-UAV-PlantDisease/Training Dataset/Mixed/TN-1736.jpg,Mixed,TN-1736.jpg,2
fedd21585174d74f7a3957d264a785a6,/home/sparsh/Naplam/Bangladesh-UAV-PlantDisease/Test Dataset/Hail damages/TN-1823.jpg,Hail damage,TN-1823.jpg,1
5505fbd9100966d93a81d3ffa44861eb,/home/sparsh/Naplam/Bangladesh-UAV-PlantDisease/Test Dataset/Mixed/TN-100.jpg,Mixed,TN-100.jpg,2
8cef32a7df2a71cbadb0a056e53c3e81,/home/sparsh/Naplam/Bangladesh-UAV-PlantDisease/Training Dataset/Strong-Light Burn/TN-509.jpg,Strong-Light Burn,TN-509.jpg,4
2d9bc6e6d6ca8fe95a4bfa628b4392b1,/home/sparsh/Naplam/Bangladesh-UAV-PlantDisease/Training Dataset/Root Damage/TN-496.jpg,Root Damage,TN-496.jpg,3
92e844664a397efb680d4e1e881fb7ac,/home/sparsh/Naplam/Bangladesh-UAV-PlantDisease/Training Dataset/Hail damage/TN-756.jpg,Hail damage,TN-756.jpg,1
d5728fb91ea5a922fb7a97902f8f5491,/home/sparsh/Naplam/Bangladesh-UAV-PlantDisease/Training Dataset/Mixed/TN-1458.jpg,Mixed,TN-1458.jpg,2
68ff79813eda1fcf842c48fad4e97dfb,/home/sparsh/Naplam/Bangladesh-UAV-PlantDisease/Training Dataset/Hail damage/TN-339.jpg,Hail damage,TN-339.jpg,1
475fa6438089b431782649ddc49dd37f,/home/sparsh/Naplam/Bangladesh-UAV-PlantDisease/Training Dataset/Root Damage/TN-554.jpg,Root Damage,TN-554.jpg,3
e123e0b38325f4e95369da87a93e3619,/home/sparsh/Naplam/Bangladesh-UAV-PlantDisease/Training Dataset/Strong-Light Burn/TN-119.jpg,Strong-Light Burn,TN-119.jpg,4
75136ad36237d4239c659ae35223deb9,/home/sparsh/Naplam/Bangladesh-UAV-PlantDisease/Training Dataset/Strong-Light Burn/TN-6.jpg,Strong-Light Burn,TN-6.jpg,4
d46087a247c3f66be1bcf18390039a12,/home/sparsh/Naplam/Bangladesh-UAV-PlantDisease/Training Dataset/Mixed/TN-1965.jpg,Mixed,TN-1965.jpg,2
57d68be9a235147d8fea8b1bf1dc077b,/home/sparsh/Naplam/Bangladesh-UAV-PlantDisease/Test Dataset/Hail damages/TN-1799.jpg,Hail damage,TN-1799.jpg,1
faf891eb87e310350897954572e7a516,/home/sparsh/Naplam/Bangladesh-UAV-PlantDisease/Training Dataset/Root Damage/TN-569.jpg,Root Damage,TN-569.jpg,3
b15f7294126e8ba2d89598c54182c06e,/home/sparsh/Naplam/Bangladesh-UAV-PlantDisease/Training Dataset/Root Damage/TN-636.jpg,Root Damage,TN-636.jpg,3
306d9a07a5930432365de783815a9a21,/home/sparsh/Naplam/Bangladesh-UAV-PlantDisease/Test Dataset/Hail damages/TN-2597.jpg,Hail damage,TN-2597.jpg,1
39e27d6c595bd32f44fcf464fd3fd298,/home/sparsh/Naplam/Bangladesh-UAV-PlantDisease/Training Dataset/Hail damage/TN-255.jpg,Hail damage,TN-255.jpg,1
ccf1c9a1f551f5a57456a699059fbb79,/home/sparsh/Naplam/Bangladesh-UAV-PlantDisease/Training Dataset/Strong-Light Burn/TN-98.jpg,Strong-Light Burn,TN-98.jpg,4
9f32668864ee1bd9bf7434e1268b07c8,/home/sparsh/Naplam/Bangladesh-UAV-PlantDisease/Training Dataset/Root Damage/TN-112.jpg,Root Damage,TN-112.jpg,3
095f23f5f65dc84bdbf88da340f9126a,/home/sparsh/Naplam/Bangladesh-UAV-PlantDisease/Training Dataset/Hail damage/TN-441.jpg,Hail damage,TN-441.jpg,1
b951736d4d809bc7e7794924a9a35038,/home/sparsh/Naplam/Bangladesh-UAV-PlantDisease/Training Dataset/Cotton Bollworm Infestation/TN-322.jpg,Cotton Bollworm Infestation,TN-322.jpg,0
20065891d65f2e1aad4619a0eee59e33,/home/sparsh/Naplam/Bangladesh-UAV-PlantDisease/Test Dataset/Hail damages/TN-2429.jpg,Hail damage,TN-2429.jpg,1
b376a7a655cef0b1173fd378d7b41b8d,/home/sparsh/Naplam/Bangladesh-UAV-PlantDisease/Training Dataset/Mixed/TN-263.jpg,Mixed,TN-263.jpg,2
cc101bb20e2d8ad531172e378785b52c,/home/sparsh/Naplam/Bangladesh-UAV-PlantDisease/Training Dataset/Cotton Bollworm Infestation/TN-210.jpg,Cotton Bollworm Infestation,TN-210.jpg,0
e4ea56a170cefecef50ef1c7b1b4c6e1,/home/sparsh/Naplam/Bangladesh-UAV-PlantDisease/Test Dataset/Hail damages/TN-154.jpg,Hail damage,TN-154.jpg,1
7c3f3e3d882a20efbb4a18454f6833d1,/home/sparsh/Naplam/Bangladesh-UAV-PlantDisease/Training Dataset/Mixed/TN-700.jpg,Mixed,TN-700.jpg,2
7a68a0bf85badc8b240240c4df3080f0,/home/sparsh/Naplam/Bangladesh-UAV-PlantDisease/Training Dataset/Strong-Light Burn/TN-428.jpg,Strong-Light Burn,TN-428.jpg,4
263efa2816c360e83f9a29822130457b,/home/sparsh/Naplam/Bangladesh-UAV-PlantDisease/Test Dataset/Mixed/TN-30.jpg,Mixed,TN-30.jpg,2
bf8a165fa16ea31d17f41d790f693d5f,/home/sparsh/Naplam/Bangladesh-UAV-PlantDisease/Training Dataset/Cotton Bollworm Infestation/TN-716.jpg,Cotton Bollworm Infestation,TN-716.jpg,0
fda260e40aa42ae2b091e82869a4fae9,/home/sparsh/Naplam/Bangladesh-UAV-PlantDisease/Training Dataset/Cotton Bollworm Infestation/TN-184.jpg,Cotton Bollworm Infestation,TN-184.jpg,0
71afc1046eae28f55a8e18231e5f53bc,/home/sparsh/Naplam/Bangladesh-UAV-PlantDisease/Test Dataset/Mixed/TN-310.jpg,Mixed,TN-310.jpg,2
80a34eb6a8c6965215786c3c28bffe89,/home/sparsh/Naplam/Bangladesh-UAV-PlantDisease/Training Dataset/Mixed/TN-579.jpg,Mixed,TN-579.jpg,2
af509dd6724613b086aab16e80933d0c,/home/sparsh/Naplam/Bangladesh-UAV-PlantDisease/Training Dataset/Root Damage/TN-514.jpg,Root Damage,TN-514.jpg,3
c3c0e3c76a0026af46b1bb96b52b4e8a,/home/sparsh/Naplam/Bangladesh-UAV-PlantDisease/Test Dataset/Hail damages/TN-194.jpg,Hail damage,TN-194.jpg,1
5fe4a1b8af50532bf192aac9390fabc5,/home/sparsh/Naplam/Bangladesh-UAV-PlantDisease/Training Dataset/Hail damage/TN-777.jpg,Hail damage,TN-777.jpg,1
b83b8f9f70e2072eab79c3a085b93af3,/home/sparsh/Naplam/Bangladesh-UAV-PlantDisease/Training Dataset/Root Damage/TN-486.jpg,Root Damage,TN-486.jpg,3
edf0a8210fa66af13b7f926cc6acb8d2,/home/sparsh/Naplam/Bangladesh-UAV-PlantDisease/Training Dataset/Mixed/TN-15.jpg,Mixed,TN-15.jpg,2
9a22a8ba743427d34ee106919215b5d2,/home/sparsh/Naplam/Bangladesh-UAV-PlantDisease/Training Dataset/Mixed/TN-922.jpg,Mixed,TN-922.jpg,2
89ff76f79506c4d91ee5fa86d83884a2,/home/sparsh/Naplam/Bangladesh-UAV-PlantDisease/Training Dataset/Hail damage/TN-301.jpg,Hail damage,TN-301.jpg,1
2e36080785f66901435a38b13bbe718c,/home/sparsh/Naplam/Bangladesh-UAV-PlantDisease/Training Dataset/Root Damage/TN-576.jpg,Root Damage,TN-576.jpg,3
2fda10e1d974d60042d739da6b8b0b4b,/home/sparsh/Naplam/Bangladesh-UAV-PlantDisease/Training Dataset/Cotton Bollworm Infestation/TN-862.jpg,Cotton Bollworm Infestation,TN-862.jpg,0
c81aabfa28627e0752529b85587689f4,/home/sparsh/Naplam/Bangladesh-UAV-PlantDisease/Training Dataset/Mixed/TN-368.jpg,Mixed,TN-368.jpg,2
38f9d7ff33ab754060d819946c567790,/home/sparsh/Naplam/Bangladesh-UAV-PlantDisease/Training Dataset/Strong-Light Burn/TN-626.jpg,Strong-Light Burn,TN-626.jpg,4
dd582af82f42224dc015739357298b0c,/home/sparsh/Naplam/Bangladesh-UAV-PlantDisease/Test Dataset/Hail damages/TN-570.jpg,Hail damage,TN-570.jpg,1
c961350c828db170320c1d17d3bae4d9,/home/sparsh/Naplam/Bangladesh-UAV-PlantDisease/Test Dataset/Hail damages/TN-2112.jpg,Hail damage,TN-2112.jpg,1
23de5043785b5c6306ca3b01fc720e80,/home/sparsh/Naplam/Bangladesh-UAV-PlantDisease/Training Dataset/Mixed/TN-760.jpg,Mixed,TN-760.jpg,2
5398ce6e2c267947c2126b8e18148594,/home/sparsh/Naplam/Bangladesh-UAV-PlantDisease/Training Dataset/Mixed/TN-1215.jpg,Mixed,TN-1215.jpg,2
8d12dff53e48d776e668a650646a8d64,/home/sparsh/Naplam/Bangladesh-UAV-PlantDisease/Training Dataset/Hail damage/TN-552.jpg,Hail damage,TN-552.jpg,1
bf31a6705ef86ec5784297588b435439,/home/sparsh/Naplam/Bangladesh-UAV-PlantDisease/Training Dataset/Hail damage/TN-165.jpg,Hail damage,TN-165.jpg,1
4d4cbf9aedbb46d7ba6c66fd0aa24e54,/home/sparsh/Naplam/Bangladesh-UAV-PlantDisease/Training Dataset/Cotton Bollworm Infestation/TN-290.jpg,Cotton Bollworm Infestation,TN-290.jpg,0
6ed50b03235833117d051d552b2ef4d7,/home/sparsh/Naplam/Bangladesh-UAV-PlantDisease/Training Dataset/Strong-Light Burn/TN-272.jpg,Strong-Light Burn,TN-272.jpg,4
8e594c3fb9765ce3f4c62b3eaefb5c4c,/home/sparsh/Naplam/Bangladesh-UAV-PlantDisease/Training Dataset/Strong-Light Burn/TN-293.jpg,Strong-Light Burn,TN-293.jpg,4
84f83a35566ccbdc2887ce9ec066b319,/home/sparsh/Naplam/Bangladesh-UAV-PlantDisease/Training Dataset/Mixed/TN-1644.jpg,Mixed,TN-1644.jpg,2
f9b9aa69dabb45ee3129375ffc3cea40,/home/sparsh/Naplam/Bangladesh-UAV-PlantDisease/Test Dataset/Hail damages/TN-1408.jpg,Hail damage,TN-1408.jpg,1
3fc15a276571c4c84ebb2d7befb704c2,/home/sparsh/Naplam/Bangladesh-UAV-PlantDisease/Test Dataset/Mixed/TN-194.jpg,Mixed,TN-194.jpg,2
b6670c21030f12c079ebb8f47a8ce4eb,/home/sparsh/Naplam/Bangladesh-UAV-PlantDisease/Training Dataset/Mixed/TN-561.jpg,Mixed,TN-561.jpg,2
53fa175d47a9e3289281e9a66af39e85,/home/sparsh/Naplam/Bangladesh-UAV-PlantDisease/Training Dataset/Cotton Bollworm Infestation/TN-758.jpg,Cotton Bollworm Infestation,TN-758.jpg,0
2eac7396591e73b1354b41847f9b4a48,/home/sparsh/Naplam/Bangladesh-UAV-PlantDisease/Test Dataset/Hail damages/TN-2946.jpg,Hail damage,TN-2946.jpg,1
60b509b58147a2cb20ea139ae9803405,/home/sparsh/Naplam/Bangladesh-UAV-PlantDisease/Training Dataset/Mixed/TN-1858.jpg,Mixed,TN-1858.jpg,2
4daaedc1cd00db59bcb9d360e89f65aa,/home/sparsh/Naplam/Bangladesh-UAV-PlantDisease/Training Dataset/Strong-Light Burn/TN-455.jpg,Strong-Light Burn,TN-455.jpg,4
30096ac186f91d20b5d3b3b0dc075385,/home/sparsh/Naplam/Bangladesh-UAV-PlantDisease/Test Dataset/Hail damages/TN-2106.jpg,Hail damage,TN-2106.jpg,1
95946f89d0dd70387ee2193519f6d9ed,/home/sparsh/Naplam/Bangladesh-UAV-PlantDisease/Training Dataset/Hail damage/TN-551.jpg,Hail damage,TN-551.jpg,1
0888faaa55650774e87a76e32d4c9a93,/home/sparsh/Naplam/Bangladesh-UAV-PlantDisease/Training Dataset/Mixed/TN-78.jpg,Mixed,TN-78.jpg,2
e5b4df22dc6466625cbbb90aa828a4e7,/home/sparsh/Naplam/Bangladesh-UAV-PlantDisease/Training Dataset/Mixed/TN-1780.jpg,Mixed,TN-1780.jpg,2
302da9ab5d6823377487e61b1de216c4,/home/sparsh/Naplam/Bangladesh-UAV-PlantDisease/Test Dataset/Hail damages/TN-368.jpg,Hail damage,TN-368.jpg,1
429b2916b7ecebe7de705d792dc17db6,/home/sparsh/Naplam/Bangladesh-UAV-PlantDisease/Training Dataset/Hail damage/TN-139.jpg,Hail damage,TN-139.jpg,1
9c023b512b55a232febab92e1c50df9c,/home/sparsh/Naplam/Bangladesh-UAV-PlantDisease/Training Dataset/Strong-Light Burn/TN-399.jpg,Strong-Light Burn,TN-399.jpg,4
4edd24c7cb32fb6be1a097c8cf4c06a7,/home/sparsh/Naplam/Bangladesh-UAV-PlantDisease/Training Dataset/Root Damage/TN-612.jpg,Root Damage,TN-612.jpg,3
eb5813b6364d285779ac8abd6028a57e,/home/sparsh/Naplam/Bangladesh-UAV-PlantDisease/Training Dataset/Root Damage/TN-761.jpg,Root Damage,TN-761.jpg,3
2f9f03af58c08b65dc4046f8ee7cb5fb,/home/sparsh/Naplam/Bangladesh-UAV-PlantDisease/Test Dataset/Hail damages/TN-1116.jpg,Hail damage,TN-1116.jpg,1
e8235759ae51ebd61d95101f27d82b64,/home/sparsh/Naplam/Bangladesh-UAV-PlantDisease/Training Dataset/Cotton Bollworm Infestation/TN-778.jpg,Cotton Bollworm Infestation,TN-778.jpg,0
8c728d41054a6b2582a9192fbed8dc8c,/home/sparsh/Naplam/Bangladesh-UAV-PlantDisease/Test Dataset/Hail damages/TN-615.jpg,Hail damage,TN-615.jpg,1
5032eeb9ff2568991d699e5fe24081cb,/home/sparsh/Naplam/Bangladesh-UAV-PlantDisease/Training Dataset/Mixed/TN-1027.jpg,Mixed,TN-1027.jpg,2
bc7680f46cc2809d99cd3fbc4bd3e393,/home/sparsh/Naplam/Bangladesh-UAV-PlantDisease/Training Dataset/Strong-Light Burn/TN-238.jpg,Strong-Light Burn,TN-238.jpg,4
bf9892b51d3fe7f6fdef3c5e9e3b4b66,/home/sparsh/Naplam/Bangladesh-UAV-PlantDisease/Training Dataset/Strong-Light Burn/TN-371.jpg,Strong-Light Burn,TN-371.jpg,4
7e3b7748ab9139e785cc0c99309e85c4,/home/sparsh/Naplam/Bangladesh-UAV-PlantDisease/Training Dataset/Strong-Light Burn/TN-496.jpg,Strong-Light Burn,TN-496.jpg,4
b4c4f298c662fdfe005aa73c1d8109d0,/home/sparsh/Naplam/Bangladesh-UAV-PlantDisease/Training Dataset/Strong-Light Burn/TN-246.jpg,Strong-Light Burn,TN-246.jpg,4
19f0ab7f13bfe3926954931b72320fa2,/home/sparsh/Naplam/Bangladesh-UAV-PlantDisease/Test Dataset/Hail damages/TN-845.jpg,Hail damage,TN-845.jpg,1
77ebcefe7264f0b0fa12a2ad4098d47b,/home/sparsh/Naplam/Bangladesh-UAV-PlantDisease/Training Dataset/Root Damage/TN-595.jpg,Root Damage,TN-595.jpg,3
b4daf29585722bf689dbc897de069122,/home/sparsh/Naplam/Bangladesh-UAV-PlantDisease/Training Dataset/Strong-Light Burn/TN-408.jpg,Strong-Light Burn,TN-408.jpg,4
9b102823facfe0d3359eaffb2474b0ea,/home/sparsh/Naplam/Bangladesh-UAV-PlantDisease/Training Dataset/Hail damage/TN-162.jpg,Hail damage,TN-162.jpg,1
e274d0e8554fa51df01bed2b66dc258d,/home/sparsh/Naplam/Bangladesh-UAV-PlantDisease/Training Dataset/Mixed/TN-1223.jpg,Mixed,TN-1223.jpg,2
573c1b4d8904a99a1f2495b7547f1ba3,/home/sparsh/Naplam/Bangladesh-UAV-PlantDisease/Training Dataset/Mixed/TN-772.jpg,Mixed,TN-772.jpg,2
dbb9fabf538937fab1e02cc91abe940f,/home/sparsh/Naplam/Bangladesh-UAV-PlantDisease/Training Dataset/Mixed/TN-2238.jpg,Mixed,TN-2238.jpg,2
10eefce574c00f2e869f4f32759e9158,/home/sparsh/Naplam/Bangladesh-UAV-PlantDisease/Training Dataset/Mixed/TN-1854.jpg,Mixed,TN-1854.jpg,2
db95192f931a1420cc59b278a337dd2a,/home/sparsh/Naplam/Bangladesh-UAV-PlantDisease/Training Dataset/Mixed/TN-26.jpg,Mixed,TN-26.jpg,2
b6f079ee2fe752decf7bd88e2425c051,/home/sparsh/Naplam/Bangladesh-UAV-PlantDisease/Training Dataset/Strong-Light Burn/TN-474.jpg,Strong-Light Burn,TN-474.jpg,4
c072f490a315488fe524d292ac5f47a0,/home/sparsh/Naplam/Bangladesh-UAV-PlantDisease/Training Dataset/Mixed/TN-1649.jpg,Mixed,TN-1649.jpg,2
534fb301f739dacec2f4602d9e0c0c62,/home/sparsh/Naplam/Bangladesh-UAV-PlantDisease/Training Dataset/Mixed/TN-959.jpg,Mixed,TN-959.jpg,2
93596c5220f72f6b3b542048126f0dc8,/home/sparsh/Naplam/Bangladesh-UAV-PlantDisease/Training Dataset/Hail damage/TN-394.jpg,Hail damage,TN-394.jpg,1
d387728ffd60517f1ff1c4f662106bf4,/home/sparsh/Naplam/Bangladesh-UAV-PlantDisease/Training Dataset/Hail damage/TN-584.jpg,Hail damage,TN-584.jpg,1
f287e55c27d263ccfba0a3d89dc112f7,/home/sparsh/Naplam/Bangladesh-UAV-PlantDisease/Test Dataset/Hail damages/TN-2150.jpg,Hail damage,TN-2150.jpg,1
bab2717a6abe570158ca305a5a889db3,/home/sparsh/Naplam/Bangladesh-UAV-PlantDisease/Training Dataset/Mixed/TN-594.jpg,Mixed,TN-594.jpg,2
b8913cf5c5a1b378541cd381e741639a,/home/sparsh/Naplam/Bangladesh-UAV-PlantDisease/Test Dataset/Cotton Bollworm Infestation/TN-190.jpg,Cotton Bollworm Infestation,TN-190.jpg,0
03115906a63d9a6c40f1eccb0092f033,/home/sparsh/Naplam/Bangladesh-UAV-PlantDisease/Training Dataset/Root Damage/TN-809.jpg,Root Damage,TN-809.jpg,3
f2dc0746747ec36bce962dbecf9e7132,/home/sparsh/Naplam/Bangladesh-UAV-PlantDisease/Test Dataset/Hail damages/TN-1326.jpg,Hail damage,TN-1326.jpg,1
a7c336770c42b544a889258243f01f09,/home/sparsh/Naplam/Bangladesh-UAV-PlantDisease/Training Dataset/Mixed/TN-100.jpg,Mixed,TN-100.jpg,2
6109245805e108022e95705a55174a0f,/home/sparsh/Naplam/Bangladesh-UAV-PlantDisease/Training Dataset/Hail damage/TN-399.jpg,Hail damage,TN-399.jpg,1
67dc42989b4114c1781e3287917089f4,/home/sparsh/Naplam/Bangladesh-UAV-PlantDisease/Training Dataset/Strong-Light Burn/TN-336.jpg,Strong-Light Burn,TN-336.jpg,4
34d3334325499b7455923731e68d759b,/home/sparsh/Naplam/Bangladesh-UAV-PlantDisease/Training Dataset/Cotton Bollworm Infestation/TN-510.jpg,Cotton Bollworm Infestation,TN-510.jpg,0
75773799330b0fd3159c3bcbc069c3de,/home/sparsh/Naplam/Bangladesh-UAV-PlantDisease/Test Dataset/Hail damages/TN-2789.jpg,Hail damage,TN-2789.jpg,1
307c6b6e9d5af033b20628b033742a89,/home/sparsh/Naplam/Bangladesh-UAV-PlantDisease/Training Dataset/Cotton Bollworm Infestation/TN-469.jpg,Cotton Bollworm Infestation,TN-469.jpg,0
7b457b7d91f0a76b4f605ee00cf3da0b,/home/sparsh/Naplam/Bangladesh-UAV-PlantDisease/Training Dataset/Mixed/TN-2026.jpg,Mixed,TN-2026.jpg,2
374df9f4755153095b6a4cba9f09d486,/home/sparsh/Naplam/Bangladesh-UAV-PlantDisease/Training Dataset/Mixed/TN-337.jpg,Mixed,TN-337.jpg,2
b89d76c42b176110117a60d5515a1be7,/home/sparsh/Naplam/Bangladesh-UAV-PlantDisease/Test Dataset/Hail damages/TN-810.jpg,Hail damage,TN-810.jpg,1
39b3fe6beefb4fb43de5b447ce0c2ded,/home/sparsh/Naplam/Bangladesh-UAV-PlantDisease/Test Dataset/Hail damages/TN-1899.jpg,Hail damage,TN-1899.jpg,1
6fa798ee4b53cfab5d36df3285f2e607,/home/sparsh/Naplam/Bangladesh-UAV-PlantDisease/Training Dataset/Root Damage/TN-317.jpg,Root Damage,TN-317.jpg,3
7348b0de34635799bcd2831e441e5194,/home/sparsh/Naplam/Bangladesh-UAV-PlantDisease/Training Dataset/Mixed/TN-2059.jpg,Mixed,TN-2059.jpg,2
ef38a0f24c995e2e9e9cd76936ef8d75,/home/sparsh/Naplam/Bangladesh-UAV-PlantDisease/Training Dataset/Cotton Bollworm Infestation/TN-406.jpg,Cotton Bollworm Infestation,TN-406.jpg,0
f30f1ad114c81675f67de280d84dad4d,/home/sparsh/Naplam/Bangladesh-UAV-PlantDisease/Training Dataset/Hail damage/TN-85.jpg,Hail damage,TN-85.jpg,1
8bcb1de43e1bf551ccf0fe691f0fac7f,/home/sparsh/Naplam/Bangladesh-UAV-PlantDisease/Training Dataset/Hail damage/TN-427.jpg,Hail damage,TN-427.jpg,1
dd25a2cd32c7ff3e6aec2543ba4d25aa,/home/sparsh/Naplam/Bangladesh-UAV-PlantDisease/Test Dataset/Hail damages/TN-1606.jpg,Hail damage,TN-1606.jpg,1
85d4c5a3c9489cc4ee64c40ea979c07d,/home/sparsh/Naplam/Bangladesh-UAV-PlantDisease/Training Dataset/Root Damage/TN-196.jpg,Root Damage,TN-196.jpg,3
f5b319735765887e3288d138021b9ff0,/home/sparsh/Naplam/Bangladesh-UAV-PlantDisease/Training Dataset/Hail damage/TN-264.jpg,Hail damage,TN-264.jpg,1
82a3e203ae513983aa0e38340083ee77,/home/sparsh/Naplam/Bangladesh-UAV-PlantDisease/Training Dataset/Mixed/TN-629.jpg,Mixed,TN-629.jpg,2
710bf2a1d5883c53156ea7d5a3b56fad,/home/sparsh/Naplam/Bangladesh-UAV-PlantDisease/Training Dataset/Root Damage/TN-757.jpg,Root Damage,TN-757.jpg,3
f07c32e176acc25196d8dc1bf7cc4564,/home/sparsh/Naplam/Bangladesh-UAV-PlantDisease/Training Dataset/Strong-Light Burn/TN-152.jpg,Strong-Light Burn,TN-152.jpg,4
d1b941c3f415b668468f16f6b470ec90,/home/sparsh/Naplam/Bangladesh-UAV-PlantDisease/Training Dataset/Cotton Bollworm Infestation/TN-553.jpg,Cotton Bollworm Infestation,TN-553.jpg,0
499c733180c43381813880a1526e9cc5,/home/sparsh/Naplam/Bangladesh-UAV-PlantDisease/Training Dataset/Mixed/TN-282.jpg,Mixed,TN-282.jpg,2
35dab793456150c966fde76817e9cd1c,/home/sparsh/Naplam/Bangladesh-UAV-PlantDisease/Test Dataset/Hail damages/TN-2570.jpg,Hail damage,TN-2570.jpg,1
64aa9ab076d41771a28f46013cb7229b,/home/sparsh/Naplam/Bangladesh-UAV-PlantDisease/Test Dataset/Hail damages/TN-2210.jpg,Hail damage,TN-2210.jpg,1
fc3b8d9badd6a077dae21e03063c6308,/home/sparsh/Naplam/Bangladesh-UAV-PlantDisease/Test Dataset/Hail damages/TN-455.jpg,Hail damage,TN-455.jpg,1
0f5b1adc71e818f572f28d0a26bd95f8,/home/sparsh/Naplam/Bangladesh-UAV-PlantDisease/Training Dataset/Mixed/TN-675.jpg,Mixed,TN-675.jpg,2
f82daf025810b2b7d9391d6c0f2b30e3,/home/sparsh/Naplam/Bangladesh-UAV-PlantDisease/Training Dataset/Hail damage/TN-362.jpg,Hail damage,TN-362.jpg,1
32aea17a4d2f5df235d0a9601629c5d1,/home/sparsh/Naplam/Bangladesh-UAV-PlantDisease/Training Dataset/Mixed/TN-1123.jpg,Mixed,TN-1123.jpg,2
aa7ff4bb37e78d2a43c6d29e8efcd556,/home/sparsh/Naplam/Bangladesh-UAV-PlantDisease/Training Dataset/Mixed/TN-1530.jpg,Mixed,TN-1530.jpg,2
8112ea50b493352848f8438942b8654e,/home/sparsh/Naplam/Bangladesh-UAV-PlantDisease/Training Dataset/Root Damage/TN-547.jpg,Root Damage,TN-547.jpg,3
d59053b9882dc95a1c949e1c02cea218,/home/sparsh/Naplam/Bangladesh-UAV-PlantDisease/Test Dataset/Hail damages/TN-1261.jpg,Hail damage,TN-1261.jpg,1
8ed41d812e35602249c2fefcba1c87e7,/home/sparsh/Naplam/Bangladesh-UAV-PlantDisease/Training Dataset/Mixed/TN-234.jpg,Mixed,TN-234.jpg,2
f370fa68017fa8d7653a83bf7e48a1fe,/home/sparsh/Naplam/Bangladesh-UAV-PlantDisease/Training Dataset/Cotton Bollworm Infestation/TN-735.jpg,Cotton Bollworm Infestation,TN-735.jpg,0
f2f9e17709c735668dc7103023022967,/home/sparsh/Naplam/Bangladesh-UAV-PlantDisease/Training Dataset/Mixed/TN-755.jpg,Mixed,TN-755.jpg,2
3ad105812355c4f29d77622bb23db91b,/home/sparsh/Naplam/Bangladesh-UAV-PlantDisease/Training Dataset/Root Damage/TN-635.jpg,Root Damage,TN-635.jpg,3
bde35d0e15dffe68d6be58ecd82187bf,/home/sparsh/Naplam/Bangladesh-UAV-PlantDisease/Training Dataset/Mixed/TN-1333.jpg,Mixed,TN-1333.jpg,2
04196197e675836bae7bc7fd709f117f,/home/sparsh/Naplam/Bangladesh-UAV-PlantDisease/Training Dataset/Mixed/TN-1653.jpg,Mixed,TN-1653.jpg,2
052365f9cc56bf0f6689af959a5bf29f,/home/sparsh/Naplam/Bangladesh-UAV-PlantDisease/Training Dataset/Hail damage/TN-340.jpg,Hail damage,TN-340.jpg,1
981eeecc4fbe7ee04c07a9c5cdf4afd3,/home/sparsh/Naplam/Bangladesh-UAV-PlantDisease/Training Dataset/Hail damage/TN-267.jpg,Hail damage,TN-267.jpg,1
4596c7b48473e579f17fe3a38d9c8c6a,/home/sparsh/Naplam/Bangladesh-UAV-PlantDisease/Training Dataset/Root Damage/TN-755.jpg,Root Damage,TN-755.jpg,3
36211d2f51bb4023a51013730cc78f99,/home/sparsh/Naplam/Bangladesh-UAV-PlantDisease/Training Dataset/Mixed/TN-1264.jpg,Mixed,TN-1264.jpg,2
de9e6297533fc49460b6ea50184df8a5,/home/sparsh/Naplam/Bangladesh-UAV-PlantDisease/Training Dataset/Cotton Bollworm Infestation/TN-295.jpg,Cotton Bollworm Infestation,TN-295.jpg,0
34f7b9593e784c005c7316ce0ab3003b,/home/sparsh/Naplam/Bangladesh-UAV-PlantDisease/Training Dataset/Mixed/TN-3.jpg,Mixed,TN-3.jpg,2
ac39c3a5634539ab193ae7988abdcf56,/home/sparsh/Naplam/Bangladesh-UAV-PlantDisease/Training Dataset/Root Damage/TN-816.jpg,Root Damage,TN-816.jpg,3
945c77012dd3f9d2e4300d407f707412,/home/sparsh/Naplam/Bangladesh-UAV-PlantDisease/Training Dataset/Mixed/TN-1959.jpg,Mixed,TN-1959.jpg,2
68260a3ab09829c81c189aff49318cf8,/home/sparsh/Naplam/Bangladesh-UAV-PlantDisease/Training Dataset/Mixed/TN-1231.jpg,Mixed,TN-1231.jpg,2
9ed2e64931e73dea4f9d911406c3001b,/home/sparsh/Naplam/Bangladesh-UAV-PlantDisease/Training Dataset/Mixed/TN-908.jpg,Mixed,TN-908.jpg,2
56b059b8de0936b72a0762cc91debd50,/home/sparsh/Naplam/Bangladesh-UAV-PlantDisease/Training Dataset/Cotton Bollworm Infestation/TN-481.jpg,Cotton Bollworm Infestation,TN-481.jpg,0
ab2d5983509b1fd847b3376d92373da9,/home/sparsh/Naplam/Bangladesh-UAV-PlantDisease/Test Dataset/Hail damages/TN-1656.jpg,Hail damage,TN-1656.jpg,1
66c90f42f682db0defc8218ccb594fd7,/home/sparsh/Naplam/Bangladesh-UAV-PlantDisease/Training Dataset/Hail damage/TN-397.jpg,Hail damage,TN-397.jpg,1
5b0b228dc9161c2acb83422c52868465,/home/sparsh/Naplam/Bangladesh-UAV-PlantDisease/Test Dataset/Root Damage/TN-344.jpg,Root Damage,TN-344.jpg,3
50537f78be06c6a375845c5279f93032,/home/sparsh/Naplam/Bangladesh-UAV-PlantDisease/Test Dataset/Cotton Bollworm Infestation/TN-430.jpg,Cotton Bollworm Infestation,TN-430.jpg,0
3d3147056660b9a9d3339b07d92d75fc,/home/sparsh/Naplam/Bangladesh-UAV-PlantDisease/Test Dataset/Hail damages/TN-2886.jpg,Hail damage,TN-2886.jpg,1
ff1f983174f828b8a743f6f80eb7eaef,/home/sparsh/Naplam/Bangladesh-UAV-PlantDisease/Test Dataset/Cotton Bollworm Infestation/TN-110.jpg,Cotton Bollworm Infestation,TN-110.jpg,0
659bdc5b66faeeeaaf4b6ec45cc47576,/home/sparsh/Naplam/Bangladesh-UAV-PlantDisease/Training Dataset/Mixed/TN-1067.jpg,Mixed,TN-1067.jpg,2
e71c21fa8c4034563a0fce405215dadf,/home/sparsh/Naplam/Bangladesh-UAV-PlantDisease/Training Dataset/Mixed/TN-2183.jpg,Mixed,TN-2183.jpg,2
ad8d445565b7eff9da2b70badbacfaac,/home/sparsh/Naplam/Bangladesh-UAV-PlantDisease/Training Dataset/Hail damage/TN-221.jpg,Hail damage,TN-221.jpg,1
9ff266dc3426c9385c4281978a06728f,/home/sparsh/Naplam/Bangladesh-UAV-PlantDisease/Test Dataset/Hail damages/TN-2659.jpg,Hail damage,TN-2659.jpg,1
e387346a2d4e0a5c5b2df612bceffa94,/home/sparsh/Naplam/Bangladesh-UAV-PlantDisease/Training Dataset/Mixed/TN-575.jpg,Mixed,TN-575.jpg,2
458415acd510f229cb381955b2a8e964,/home/sparsh/Naplam/Bangladesh-UAV-PlantDisease/Test Dataset/Hail damages/TN-529.jpg,Hail damage,TN-529.jpg,1
2bb369f64c7eda301b0a6717cae6efed,/home/sparsh/Naplam/Bangladesh-UAV-PlantDisease/Test Dataset/Hail damages/TN-1098.jpg,Hail damage,TN-1098.jpg,1
1e659eff68a67d0e892b27d24aa6bb81,/home/sparsh/Naplam/Bangladesh-UAV-PlantDisease/Test Dataset/Hail damages/TN-1638.jpg,Hail damage,TN-1638.jpg,1
7da88a6e2f1c98c8693567d3ddf78f0c,/home/sparsh/Naplam/Bangladesh-UAV-PlantDisease/Training Dataset/Hail damage/TN-195.jpg,Hail damage,TN-195.jpg,1
b5e9322f6dccb0692c4a2af66521a19f,/home/sparsh/Naplam/Bangladesh-UAV-PlantDisease/Training Dataset/Strong-Light Burn/TN-352.jpg,Strong-Light Burn,TN-352.jpg,4
b9ea85a7527a1ee1f9ddc4623f76e5f3,/home/sparsh/Naplam/Bangladesh-UAV-PlantDisease/Test Dataset/Hail damages/TN-1963.jpg,Hail damage,TN-1963.jpg,1
dce7e89d579adde53dc5157c6e3b90b3,/home/sparsh/Naplam/Bangladesh-UAV-PlantDisease/Training Dataset/Root Damage/TN-529.jpg,Root Damage,TN-529.jpg,3
4014ccf1618ba58baf673cec1172324f,/home/sparsh/Naplam/Bangladesh-UAV-PlantDisease/Test Dataset/Hail damages/TN-499.jpg,Hail damage,TN-499.jpg,1
24b6c6c6ac8eb3562b5b7c25564f7032,/home/sparsh/Naplam/Bangladesh-UAV-PlantDisease/Training Dataset/Mixed/TN-1801.jpg,Mixed,TN-1801.jpg,2
2eb338e375994cb1204cee2ae079d25d,/home/sparsh/Naplam/Bangladesh-UAV-PlantDisease/Training Dataset/Mixed/TN-1553.jpg,Mixed,TN-1553.jpg,2
d0c74a97b7a924c73f616dd1412afd6c,/home/sparsh/Naplam/Bangladesh-UAV-PlantDisease/Training Dataset/Cotton Bollworm Infestation/TN-561.jpg,Cotton Bollworm Infestation,TN-561.jpg,0
2b24f17fb84bfddb7a31698d87a0d0f9,/home/sparsh/Naplam/Bangladesh-UAV-PlantDisease/Training Dataset/Strong-Light Burn/TN-375.jpg,Strong-Light Burn,TN-375.jpg,4
e3f736f62850ce3d2e27f0001600e5ec,/home/sparsh/Naplam/Bangladesh-UAV-PlantDisease/Training Dataset/Mixed/TN-939.jpg,Mixed,TN-939.jpg,2
3524171bb417c5b6ab7a01f0879f2bae,/home/sparsh/Naplam/Bangladesh-UAV-PlantDisease/Training Dataset/Mixed/TN-461.jpg,Mixed,TN-461.jpg,2
70bb7dbec990d7041d0c6eb69123c105,/home/sparsh/Naplam/Bangladesh-UAV-PlantDisease/Training Dataset/Root Damage/TN-126.jpg,Root Damage,TN-126.jpg,3
86706d6a8abc132b8389ef0aad10e4f2,/home/sparsh/Naplam/Bangladesh-UAV-PlantDisease/Training Dataset/Root Damage/TN-766.jpg,Root Damage,TN-766.jpg,3
683e97324e256eee9c940404691ce853,/home/sparsh/Naplam/Bangladesh-UAV-PlantDisease/Training Dataset/Root Damage/TN-808.jpg,Root Damage,TN-808.jpg,3
4ffa82a9af0690dab59893179473a853,/home/sparsh/Naplam/Bangladesh-UAV-PlantDisease/Training Dataset/Root Damage/TN-390.jpg,Root Damage,TN-390.jpg,3
6f5edd499da377f9caeef0deedc47ce9,/home/sparsh/Naplam/Bangladesh-UAV-PlantDisease/Test Dataset/Hail damages/TN-2175.jpg,Hail damage,TN-2175.jpg,1
07fbfed0d9880c88de8005e3d6e8b267,/home/sparsh/Naplam/Bangladesh-UAV-PlantDisease/Training Dataset/Cotton Bollworm Infestation/TN-312.jpg,Cotton Bollworm Infestation,TN-312.jpg,0
c4aa82de358847562d1517354a93074d,/home/sparsh/Naplam/Bangladesh-UAV-PlantDisease/Training Dataset/Mixed/TN-270.jpg,Mixed,TN-270.jpg,2
18111cf232b3b613af0d62525e7a10f9,/home/sparsh/Naplam/Bangladesh-UAV-PlantDisease/Test Dataset/Hail damages/TN-636.jpg,Hail damage,TN-636.jpg,1
5a373be0cb18d9c1bd2744a8c116023b,/home/sparsh/Naplam/Bangladesh-UAV-PlantDisease/Test Dataset/Hail damages/TN-30.jpg,Hail damage,TN-30.jpg,1
7c34d0ae44786bf98d9c3b76a16aa204,/home/sparsh/Naplam/Bangladesh-UAV-PlantDisease/Training Dataset/Mixed/TN-617.jpg,Mixed,TN-617.jpg,2
ab50084e509b3c8eb7c7a5d5468d381e,/home/sparsh/Naplam/Bangladesh-UAV-PlantDisease/Test Dataset/Strong-Light Burn/TN-120.jpg,Strong-Light Burn,TN-120.jpg,4
3247db9c31cd62c284068e8605162ddb,/home/sparsh/Naplam/Bangladesh-UAV-PlantDisease/Training Dataset/Mixed/TN-2120.jpg,Mixed,TN-2120.jpg,2
34d99c7887c265abf2d138acb3e1d127,/home/sparsh/Naplam/Bangladesh-UAV-PlantDisease/Test Dataset/Hail damages/TN-1309.jpg,Hail damage,TN-1309.jpg,1
db066ea2f646bb88bc9bd8935860a46e,/home/sparsh/Naplam/Bangladesh-UAV-PlantDisease/Training Dataset/Hail damage/TN-546.jpg,Hail damage,TN-546.jpg,1
4d7aeb38e69b05d899bc777391b9d878,/home/sparsh/Naplam/Bangladesh-UAV-PlantDisease/Training Dataset/Cotton Bollworm Infestation/TN-656.jpg,Cotton Bollworm Infestation,TN-656.jpg,0
5c1e3a232cc4611e376af83cc41855d2,/home/sparsh/Naplam/Bangladesh-UAV-PlantDisease/Test Dataset/Hail damages/TN-1926.jpg,Hail damage,TN-1926.jpg,1
58630e3a40342d96df288c2dc6f19c1a,/home/sparsh/Naplam/Bangladesh-UAV-PlantDisease/Training Dataset/Strong-Light Burn/TN-360.jpg,Strong-Light Burn,TN-360.jpg,4
fdf605a127dc60012fca03bc475bd60b,/home/sparsh/Naplam/Bangladesh-UAV-PlantDisease/Test Dataset/Mixed/TN-270.jpg,Mixed,TN-270.jpg,2
e13dc5463ea407c2761de5452a532caf,/home/sparsh/Naplam/Bangladesh-UAV-PlantDisease/Training Dataset/Hail damage/TN-662.jpg,Hail damage,TN-662.jpg,1
59fe39abbc3e21233b096e71c4329b7e,/home/sparsh/Naplam/Bangladesh-UAV-PlantDisease/Test Dataset/Hail damages/TN-608.jpg,Hail damage,TN-608.jpg,1
966e45148e6f67fc205b310c0cd3adbd,/home/sparsh/Naplam/Bangladesh-UAV-PlantDisease/Training Dataset/Mixed/TN-2190.jpg,Mixed,TN-2190.jpg,2
abcacba06a3e95cc6e5e60428f8424e5,/home/sparsh/Naplam/Bangladesh-UAV-PlantDisease/Training Dataset/Hail damage/TN-654.jpg,Hail damage,TN-654.jpg,1
255ac4535b1a8baaa41ad16c2fefd659,/home/sparsh/Naplam/Bangladesh-UAV-PlantDisease/Training Dataset/Hail damage/TN-188.jpg,Hail damage,TN-188.jpg,1
449feabff6023291b99c93f57eae5833,/home/sparsh/Naplam/Bangladesh-UAV-PlantDisease/Training Dataset/Cotton Bollworm Infestation/TN-47.jpg,Cotton Bollworm Infestation,TN-47.jpg,0
314ccf69a74c1e2e5750ce3e5b085d53,/home/sparsh/Naplam/Bangladesh-UAV-PlantDisease/Training Dataset/Mixed/TN-2186.jpg,Mixed,TN-2186.jpg,2
897f8b728294aca3b18411328562d596,/home/sparsh/Naplam/Bangladesh-UAV-PlantDisease/Training Dataset/Root Damage/TN-20.jpg,Root Damage,TN-20.jpg,3
8b2a3b3899c5d12d140a2576026b87a1,/home/sparsh/Naplam/Bangladesh-UAV-PlantDisease/Test Dataset/Hail damages/TN-917.jpg,Hail damage,TN-917.jpg,1
63083d8cd7b35b1fb3802a25255167e1,/home/sparsh/Naplam/Bangladesh-UAV-PlantDisease/Test Dataset/Hail damages/TN-2099.jpg,Hail damage,TN-2099.jpg,1
12e1aec89353badd2d826fc045b699ac,/home/sparsh/Naplam/Bangladesh-UAV-PlantDisease/Training Dataset/Root Damage/TN-385.jpg,Root Damage,TN-385.jpg,3
f88351cd8c6e93668739d72480130f45,/home/sparsh/Naplam/Bangladesh-UAV-PlantDisease/Training Dataset/Mixed/TN-893.jpg,Mixed,TN-893.jpg,2
ff06fb3aeebb9fc9faa6f057269fdf68,/home/sparsh/Naplam/Bangladesh-UAV-PlantDisease/Training Dataset/Root Damage/TN-228.jpg,Root Damage,TN-228.jpg,3
9305eb295b8230daf7d34437a579fb71,/home/sparsh/Naplam/Bangladesh-UAV-PlantDisease/Training Dataset/Cotton Bollworm Infestation/TN-533.jpg,Cotton Bollworm Infestation,TN-533.jpg,0
15fbb271a4d5c46c91052929511efb81,/home/sparsh/Naplam/Bangladesh-UAV-PlantDisease/Training Dataset/Root Damage/TN-436.jpg,Root Damage,TN-436.jpg,3
2c5c20135df8aceb6e9ad1a7bd220bb0,/home/sparsh/Naplam/Bangladesh-UAV-PlantDisease/Training Dataset/Mixed/TN-1698.jpg,Mixed,TN-1698.jpg,2
e9dd062849454d54853f427c6511146a,/home/sparsh/Naplam/Bangladesh-UAV-PlantDisease/Test Dataset/Hail damages/TN-920.jpg,Hail damage,TN-920.jpg,1
62075c4e70b52252a208d17fce98b83b,/home/sparsh/Naplam/Bangladesh-UAV-PlantDisease/Test Dataset/Hail damages/TN-507.jpg,Hail damage,TN-507.jpg,1
abe5491aa6685a9e402830c0a609c94e,/home/sparsh/Naplam/Bangladesh-UAV-PlantDisease/Test Dataset/Hail damages/TN-1227.jpg,Hail damage,TN-1227.jpg,1
98a8622e2b6029e06a4c27584245a179,/home/sparsh/Naplam/Bangladesh-UAV-PlantDisease/Training Dataset/Mixed/TN-709.jpg,Mixed,TN-709.jpg,2
16ce49cdee735eadccd431579c7f2f70,/home/sparsh/Naplam/Bangladesh-UAV-PlantDisease/Training Dataset/Mixed/TN-628.jpg,Mixed,TN-628.jpg,2
a2d4f5cc06cebae4b61bbe069d55d702,/home/sparsh/Naplam/Bangladesh-UAV-PlantDisease/Training Dataset/Mixed/TN-1580.jpg,Mixed,TN-1580.jpg,2
2daadc7cacc8d521e1132c564e9e5e31,/home/sparsh/Naplam/Bangladesh-UAV-PlantDisease/Training Dataset/Mixed/TN-956.jpg,Mixed,TN-956.jpg,2
d1b53ce142e2aa1fea149425dda3e3d4,/home/sparsh/Naplam/Bangladesh-UAV-PlantDisease/Training Dataset/Root Damage/TN-670.jpg,Root Damage,TN-670.jpg,3
c2c268d62578d532891ef9365debe482,/home/sparsh/Naplam/Bangladesh-UAV-PlantDisease/Test Dataset/Cotton Bollworm Infestation/TN-60.jpg,Cotton Bollworm Infestation,TN-60.jpg,0
fe4d4d636738dd09faa317434693a829,/home/sparsh/Naplam/Bangladesh-UAV-PlantDisease/Training Dataset/Root Damage/TN-334.jpg,Root Damage,TN-334.jpg,3
adaa8e2dd79c248f6748e486d549ce38,/home/sparsh/Naplam/Bangladesh-UAV-PlantDisease/Test Dataset/Hail damages/TN-2857.jpg,Hail damage,TN-2857.jpg,1
458ba72ad767d2b85c12e021cf94ac42,/home/sparsh/Naplam/Bangladesh-UAV-PlantDisease/Training Dataset/Root Damage/TN-482.jpg,Root Damage,TN-482.jpg,3
7254df456b99acf71ac06b1107d5f8fe,/home/sparsh/Naplam/Bangladesh-UAV-PlantDisease/Training Dataset/Mixed/TN-2419.jpg,Mixed,TN-2419.jpg,2
389656eb00ab414c58180b50db870d63,/home/sparsh/Naplam/Bangladesh-UAV-PlantDisease/Training Dataset/Root Damage/TN-799.jpg,Root Damage,TN-799.jpg,3
2cd3189e5eed9c7f7ecf905598c86246,/home/sparsh/Naplam/Bangladesh-UAV-PlantDisease/Test Dataset/Hail damages/TN-1146.jpg,Hail damage,TN-1146.jpg,1
c495e906c50b63f94972edccceed09d5,/home/sparsh/Naplam/Bangladesh-UAV-PlantDisease/Test Dataset/Hail damages/TN-369.jpg,Hail damage,TN-369.jpg,1
8da88cf1065df4aef5db9074fbe0fcb2,/home/sparsh/Naplam/Bangladesh-UAV-PlantDisease/Training Dataset/Mixed/TN-828.jpg,Mixed,TN-828.jpg,2
067e5e9aafe3761776f221052bf653a2,/home/sparsh/Naplam/Bangladesh-UAV-PlantDisease/Training Dataset/Strong-Light Burn/TN-430.jpg,Strong-Light Burn,TN-430.jpg,4
039eba1ee57ece7df64f996666314426,/home/sparsh/Naplam/Bangladesh-UAV-PlantDisease/Training Dataset/Root Damage/TN-427.jpg,Root Damage,TN-427.jpg,3
55043cf4462e874158b0fc9a99c64421,/home/sparsh/Naplam/Bangladesh-UAV-PlantDisease/Training Dataset/Cotton Bollworm Infestation/TN-250.jpg,Cotton Bollworm Infestation,TN-250.jpg,0
27543c8b5af22fc4c398e0cddaf9a4eb,/home/sparsh/Naplam/Bangladesh-UAV-PlantDisease/Training Dataset/Mixed/TN-2240.jpg,Mixed,TN-2240.jpg,2
8ea704ed34cb79835de8fa40c852d3c3,/home/sparsh/Naplam/Bangladesh-UAV-PlantDisease/Training Dataset/Mixed/TN-287.jpg,Mixed,TN-287.jpg,2
50f68b27afa89a84a11aa8e9d0e59089,/home/sparsh/Naplam/Bangladesh-UAV-PlantDisease/Training Dataset/Mixed/TN-990.jpg,Mixed,TN-990.jpg,2
481bffb1a04579fd5dda936af47020a9,/home/sparsh/Naplam/Bangladesh-UAV-PlantDisease/Training Dataset/Mixed/TN-1943.jpg,Mixed,TN-1943.jpg,2
d9a9c186d6a8ae409ebc621623fd7e90,/home/sparsh/Naplam/Bangladesh-UAV-PlantDisease/Test Dataset/Hail damages/TN-2690.jpg,Hail damage,TN-2690.jpg,1
a4965debb0d400442c71ebfe828d9577,/home/sparsh/Naplam/Bangladesh-UAV-PlantDisease/Training Dataset/Hail damage/TN-450.jpg,Hail damage,TN-450.jpg,1
8cd3d4f24e03c1ea2e8c5d9ec7eadfe4,/home/sparsh/Naplam/Bangladesh-UAV-PlantDisease/Training Dataset/Mixed/TN-1770.jpg,Mixed,TN-1770.jpg,2
458125599f6d16eeadc03d29d484836e,/home/sparsh/Naplam/Bangladesh-UAV-PlantDisease/Training Dataset/Mixed/TN-1825.jpg,Mixed,TN-1825.jpg,2
52c6e7d97e52b139dcc1ce12778a1641,/home/sparsh/Naplam/Bangladesh-UAV-PlantDisease/Training Dataset/Hail damage/TN-341.jpg,Hail damage,TN-341.jpg,1
f454f9fc6bfd916501b27a98589e1116,/home/sparsh/Naplam/Bangladesh-UAV-PlantDisease/Training Dataset/Cotton Bollworm Infestation/TN-816.jpg,Cotton Bollworm Infestation,TN-816.jpg,0
89b9e0b72df7315451b38fe82801f613,/home/sparsh/Naplam/Bangladesh-UAV-PlantDisease/Training Dataset/Hail damage/TN-465.jpg,Hail damage,TN-465.jpg,1
d4e3de9ff09f2b70105297775d8c17bb,/home/sparsh/Naplam/Bangladesh-UAV-PlantDisease/Test Dataset/Mixed/TN-500.jpg,Mixed,TN-500.jpg,2
c367b299b6f8fdf997bd8adc13b0fc88,/home/sparsh/Naplam/Bangladesh-UAV-PlantDisease/Training Dataset/Hail damage/TN-687.jpg,Hail damage,TN-687.jpg,1
34296b22410aa1b1f5d11ac420e6d800,/home/sparsh/Naplam/Bangladesh-UAV-PlantDisease/Training Dataset/Mixed/TN-1485.jpg,Mixed,TN-1485.jpg,2
72dd1fe2f8ebc49a17488ec83cac942c,/home/sparsh/Naplam/Bangladesh-UAV-PlantDisease/Training Dataset/Strong-Light Burn/TN-406.jpg,Strong-Light Burn,TN-406.jpg,4
963af9604f8cb59ffc8735df35c6fc51,/home/sparsh/Naplam/Bangladesh-UAV-PlantDisease/Test Dataset/Hail damages/TN-2970.jpg,Hail damage,TN-2970.jpg,1
84c682144e2ae8246630789b9355ada3,/home/sparsh/Naplam/Bangladesh-UAV-PlantDisease/Training Dataset/Root Damage/TN-148.jpg,Root Damage,TN-148.jpg,3
c0422eae744fdd4b05b33bc742fa6934,/home/sparsh/Naplam/Bangladesh-UAV-PlantDisease/Training Dataset/Strong-Light Burn/TN-368.jpg,Strong-Light Burn,TN-368.jpg,4
fc7fba6512157ce0ca6767d4acbaec58,/home/sparsh/Naplam/Bangladesh-UAV-PlantDisease/Training Dataset/Mixed/TN-820.jpg,Mixed,TN-820.jpg,2
54f01aab7fc49c27ebd725a7d9bb411a,/home/sparsh/Naplam/Bangladesh-UAV-PlantDisease/Training Dataset/Cotton Bollworm Infestation/TN-930.jpg,Cotton Bollworm Infestation,TN-930.jpg,0
01dfce48c159216227ea4103ac6a6d39,/home/sparsh/Naplam/Bangladesh-UAV-PlantDisease/Test Dataset/Hail damages/TN-2215.jpg,Hail damage,TN-2215.jpg,1
9af659c8eef32edbf068e06479962282,/home/sparsh/Naplam/Bangladesh-UAV-PlantDisease/Training Dataset/Mixed/TN-2008.jpg,Mixed,TN-2008.jpg,2
8c282754346882c907349656bd2d5bd1,/home/sparsh/Naplam/Bangladesh-UAV-PlantDisease/Test Dataset/Hail damages/TN-1055.jpg,Hail damage,TN-1055.jpg,1
ca55977fca282ed81e994bd43185bc67,/home/sparsh/Naplam/Bangladesh-UAV-PlantDisease/Training Dataset/Mixed/TN-1204.jpg,Mixed,TN-1204.jpg,2
e1d2e02d4e2334c0477e44d7af59ff5a,/home/sparsh/Naplam/Bangladesh-UAV-PlantDisease/Test Dataset/Hail damages/TN-2718.jpg,Hail damage,TN-2718.jpg,1
177ccc05175ac66d433926800a6038e8,/home/sparsh/Naplam/Bangladesh-UAV-PlantDisease/Training Dataset/Root Damage/TN-197.jpg,Root Damage,TN-197.jpg,3
a8257ddaf0566a1e30b2bb9a01e5d058,/home/sparsh/Naplam/Bangladesh-UAV-PlantDisease/Test Dataset/Hail damages/TN-1995.jpg,Hail damage,TN-1995.jpg,1
113103c8ebfcf1d843be4c4e12563ea0,/home/sparsh/Naplam/Bangladesh-UAV-PlantDisease/Training Dataset/Mixed/TN-1053.jpg,Mixed,TN-1053.jpg,2
695f43634f8cac10a87505ed2d9ea440,/home/sparsh/Naplam/Bangladesh-UAV-PlantDisease/Training Dataset/Mixed/TN-322.jpg,Mixed,TN-322.jpg,2
f2247a4f601b46a73c56b5e928e275a3,/home/sparsh/Naplam/Bangladesh-UAV-PlantDisease/Test Dataset/Strong-Light Burn/TN-221.jpg,Strong-Light Burn,TN-221.jpg,4
59f28c734ea8794e4bf8278cd0f32652,/home/sparsh/Naplam/Bangladesh-UAV-PlantDisease/Training Dataset/Cotton Bollworm Infestation/TN-50.jpg,Cotton Bollworm Infestation,TN-50.jpg,0
3b36b6196512610d1cdab6be23e9d5c7,/home/sparsh/Naplam/Bangladesh-UAV-PlantDisease/Training Dataset/Mixed/TN-845.jpg,Mixed,TN-845.jpg,2
0b3faf3e84749a85f67921ba1682728d,/home/sparsh/Naplam/Bangladesh-UAV-PlantDisease/Training Dataset/Hail damage/TN-835.jpg,Hail damage,TN-835.jpg,1
2af79d5cbc908919ca619c442ead5e75,/home/sparsh/Naplam/Bangladesh-UAV-PlantDisease/Training Dataset/Cotton Bollworm Infestation/TN-417.jpg,Cotton Bollworm Infestation,TN-417.jpg,0
04a7b09c458930d1ae5d1102c6f3f2ee,/home/sparsh/Naplam/Bangladesh-UAV-PlantDisease/Training Dataset/Mixed/TN-1474.jpg,Mixed,TN-1474.jpg,2
3d6e4be6279bfb85e208c044d6f4e8cc,/home/sparsh/Naplam/Bangladesh-UAV-PlantDisease/Training Dataset/Root Damage/TN-476.jpg,Root Damage,TN-476.jpg,3
d86e2d75ecfac97b23b22024197b8bc8,/home/sparsh/Naplam/Bangladesh-UAV-PlantDisease/Training Dataset/Mixed/TN-1327.jpg,Mixed,TN-1327.jpg,2
7eb12be66acf2431a97612b4488d21a9,/home/sparsh/Naplam/Bangladesh-UAV-PlantDisease/Training Dataset/Hail damage/TN-379.jpg,Hail damage,TN-379.jpg,1
3a372ad3c40688359038d6e5a471cf67,/home/sparsh/Naplam/Bangladesh-UAV-PlantDisease/Training Dataset/Mixed/TN-364.jpg,Mixed,TN-364.jpg,2
c935697e6769f27409e948b26d8244ee,/home/sparsh/Naplam/Bangladesh-UAV-PlantDisease/Training Dataset/Hail damage/TN-696.jpg,Hail damage,TN-696.jpg,1
97d546c6f27bed260ce0962f803098b8,/home/sparsh/Naplam/Bangladesh-UAV-PlantDisease/Test Dataset/Cotton Bollworm Infestation/TN-84.jpg,Cotton Bollworm Infestation,TN-84.jpg,0
37b01ef25b49f31e014246455aef9ecb,/home/sparsh/Naplam/Bangladesh-UAV-PlantDisease/Training Dataset/Cotton Bollworm Infestation/TN-822.jpg,Cotton Bollworm Infestation,TN-822.jpg,0
016b64236d57a6ef34d7a747869ec15f,/home/sparsh/Naplam/Bangladesh-UAV-PlantDisease/Training Dataset/Strong-Light Burn/TN-544.jpg,Strong-Light Burn,TN-544.jpg,4
58e58fee8908f2cca4e0ffed8a2a7aa6,/home/sparsh/Naplam/Bangladesh-UAV-PlantDisease/Training Dataset/Cotton Bollworm Infestation/TN-686.jpg,Cotton Bollworm Infestation,TN-686.jpg,0
eb0d918bd6b8cf495d8c1e115a7509e8,/home/sparsh/Naplam/Bangladesh-UAV-PlantDisease/Training Dataset/Cotton Bollworm Infestation/TN-650.jpg,Cotton Bollworm Infestation,TN-650.jpg,0
66dae5624854bdc8d817afe2cd09b70f,/home/sparsh/Naplam/Bangladesh-UAV-PlantDisease/Training Dataset/Cotton Bollworm Infestation/TN-53.jpg,Cotton Bollworm Infestation,TN-53.jpg,0
6cc5bfacb5fde89d032a1c5a76e446e6,/home/sparsh/Naplam/Bangladesh-UAV-PlantDisease/Training Dataset/Root Damage/TN-275.jpg,Root Damage,TN-275.jpg,3
d6c3bbdeb5aa312a58d30de932806555,/home/sparsh/Naplam/Bangladesh-UAV-PlantDisease/Test Dataset/Hail damages/TN-671.jpg,Hail damage,TN-671.jpg,1
ad663e7a7503ed46a93b42f5dbbc37b4,/home/sparsh/Naplam/Bangladesh-UAV-PlantDisease/Training Dataset/Hail damage/TN-741.jpg,Hail damage,TN-741.jpg,1
5c720e4bc0279b64e13dbe14fd58d99b,/home/sparsh/Naplam/Bangladesh-UAV-PlantDisease/Training Dataset/Cotton Bollworm Infestation/TN-103.jpg,Cotton Bollworm Infestation,TN-103.jpg,0
56be36621afef08adf49c4910302a673,/home/sparsh/Naplam/Bangladesh-UAV-PlantDisease/Test Dataset/Hail damages/TN-2217.jpg,Hail damage,TN-2217.jpg,1
ddea4e21fd31652dababd3b4fccd4de3,/home/sparsh/Naplam/Bangladesh-UAV-PlantDisease/Training Dataset/Mixed/TN-342.jpg,Mixed,TN-342.jpg,2
80c6775793198c2ca62a39bd8f26fa37,/home/sparsh/Naplam/Bangladesh-UAV-PlantDisease/Training Dataset/Mixed/TN-146.jpg,Mixed,TN-146.jpg,2
e63e59eca66da1be93a1bcc3f1ab2780,/home/sparsh/Naplam/Bangladesh-UAV-PlantDisease/Test Dataset/Hail damages/TN-2171.jpg,Hail damage,TN-2171.jpg,1
ccfee4b590c24704ec993c395108e71d,/home/sparsh/Naplam/Bangladesh-UAV-PlantDisease/Training Dataset/Hail damage/TN-602.jpg,Hail damage,TN-602.jpg,1
55f295d1981469d9793a872ef79748d0,/home/sparsh/Naplam/Bangladesh-UAV-PlantDisease/Training Dataset/Hail damage/TN-728.jpg,Hail damage,TN-728.jpg,1
b49d5e3337d537c296e97eb038e48520,/home/sparsh/Naplam/Bangladesh-UAV-PlantDisease/Training Dataset/Hail damage/TN-137.jpg,Hail damage,TN-137.jpg,1
dde9111ef34ce7938113487f5a118695,/home/sparsh/Naplam/Bangladesh-UAV-PlantDisease/Training Dataset/Root Damage/TN-697.jpg,Root Damage,TN-697.jpg,3
aac970b501e40d48c61917a8e5c63c11,/home/sparsh/Naplam/Bangladesh-UAV-PlantDisease/Training Dataset/Mixed/TN-2023.jpg,Mixed,TN-2023.jpg,2
83d7580925c351603e519ff1a7c20798,/home/sparsh/Naplam/Bangladesh-UAV-PlantDisease/Test Dataset/Hail damages/TN-816.jpg,Hail damage,TN-816.jpg,1
de990f85029c766d9ff5310327056df2,/home/sparsh/Naplam/Bangladesh-UAV-PlantDisease/Test Dataset/Hail damages/TN-398.jpg,Hail damage,TN-398.jpg,1
d6cf8fb66671ae84b6c24fd49d10b667,/home/sparsh/Naplam/Bangladesh-UAV-PlantDisease/Test Dataset/Hail damages/TN-150.jpg,Hail damage,TN-150.jpg,1
bcdfbd18d815394f7aaf439b8f3c3b4d,/home/sparsh/Naplam/Bangladesh-UAV-PlantDisease/Training Dataset/Hail damage/TN-773.jpg,Hail damage,TN-773.jpg,1
1d39ba8cde14528bbaa19b78e786d811,/home/sparsh/Naplam/Bangladesh-UAV-PlantDisease/Training Dataset/Cotton Bollworm Infestation/TN-232.jpg,Cotton Bollworm Infestation,TN-232.jpg,0
b3e61131af9acdddb709292739cc77fc,/home/sparsh/Naplam/Bangladesh-UAV-PlantDisease/Training Dataset/Cotton Bollworm Infestation/TN-963.jpg,Cotton Bollworm Infestation,TN-963.jpg,0
e2dcfba99d2b6e363c934eefb25eaaa5,/home/sparsh/Naplam/Bangladesh-UAV-PlantDisease/Training Dataset/Mixed/TN-733.jpg,Mixed,TN-733.jpg,2
43aab63b0cb4f08dba45cf4da6a229f1,/home/sparsh/Naplam/Bangladesh-UAV-PlantDisease/Training Dataset/Strong-Light Burn/TN-558.jpg,Strong-Light Burn,TN-558.jpg,4
49b06f1835a306e188afac27760abd82,/home/sparsh/Naplam/Bangladesh-UAV-PlantDisease/Training Dataset/Strong-Light Burn/TN-298.jpg,Strong-Light Burn,TN-298.jpg,4
0d0ffd7218d6a0acd07024e2d2ebdd28,/home/sparsh/Naplam/Bangladesh-UAV-PlantDisease/Test Dataset/Root Damage/TN-264.jpg,Root Damage,TN-264.jpg,3
a23216abc10b7053b142109f941bc6c1,/home/sparsh/Naplam/Bangladesh-UAV-PlantDisease/Training Dataset/Mixed/TN-1182.jpg,Mixed,TN-1182.jpg,2
3e856d3588038fbcd99f9a803e4a9236,/home/sparsh/Naplam/Bangladesh-UAV-PlantDisease/Test Dataset/Hail damages/TN-929.jpg,Hail damage,TN-929.jpg,1
939e13e84cbd728bf0891aa0cf671cc4,/home/sparsh/Naplam/Bangladesh-UAV-PlantDisease/Training Dataset/Cotton Bollworm Infestation/TN-459.jpg,Cotton Bollworm Infestation,TN-459.jpg,0
80311db4083617e30a647036a1b2353a,/home/sparsh/Naplam/Bangladesh-UAV-PlantDisease/Training Dataset/Mixed/TN-312.jpg,Mixed,TN-312.jpg,2
926b753d3216eac815e61b5662e4f51a,/home/sparsh/Naplam/Bangladesh-UAV-PlantDisease/Training Dataset/Mixed/TN-464.jpg,Mixed,TN-464.jpg,2
8fcc8a1f62f044fc637cbad8d3387ff4,/home/sparsh/Naplam/Bangladesh-UAV-PlantDisease/Training Dataset/Root Damage/TN-439.jpg,Root Damage,TN-439.jpg,3
cb3170e9077dbac50facc4c4ea3558df,/home/sparsh/Naplam/Bangladesh-UAV-PlantDisease/Test Dataset/Hail damages/TN-1826.jpg,Hail damage,TN-1826.jpg,1
e6576d221c2cee2ef8993312d1a1c118,/home/sparsh/Naplam/Bangladesh-UAV-PlantDisease/Training Dataset/Strong-Light Burn/TN-70.jpg,Strong-Light Burn,TN-70.jpg,4
de7aefcfd606c0902900b905c7944983,/home/sparsh/Naplam/Bangladesh-UAV-PlantDisease/Training Dataset/Root Damage/TN-14.jpg,Root Damage,TN-14.jpg,3
1cf66d6045d9248a16f6dffa13c2ff7b,/home/sparsh/Naplam/Bangladesh-UAV-PlantDisease/Test Dataset/Hail damages/TN-540.jpg,Hail damage,TN-540.jpg,1
ae43c8da82e0d6247adc76f5b88acffb,/home/sparsh/Naplam/Bangladesh-UAV-PlantDisease/Training Dataset/Hail damage/TN-764.jpg,Hail damage,TN-764.jpg,1
29b5481c9a965a95d42eec967b3baa60,/home/sparsh/Naplam/Bangladesh-UAV-PlantDisease/Training Dataset/Mixed/TN-1058.jpg,Mixed,TN-1058.jpg,2
2e69f9c44e0d6b3faf8acc6d8eff3369,/home/sparsh/Naplam/Bangladesh-UAV-PlantDisease/Training Dataset/Root Damage/TN-140.jpg,Root Damage,TN-140.jpg,3
0c69f1bc73c75d41236d6700192a0df4,/home/sparsh/Naplam/Bangladesh-UAV-PlantDisease/Training Dataset/Hail damage/TN-337.jpg,Hail damage,TN-337.jpg,1
7f7b1019cd0cc0433b4e6d188302a0e0,/home/sparsh/Naplam/Bangladesh-UAV-PlantDisease/Test Dataset/Hail damages/TN-1967.jpg,Hail damage,TN-1967.jpg,1
f9228541bfc04c53d95e399e1072713b,/home/sparsh/Naplam/Bangladesh-UAV-PlantDisease/Training Dataset/Strong-Light Burn/TN-527.jpg,Strong-Light Burn,TN-527.jpg,4
da1e2f8bc744663a416c675c10ecdaea,/home/sparsh/Naplam/Bangladesh-UAV-PlantDisease/Training Dataset/Mixed/TN-539.jpg,Mixed,TN-539.jpg,2
5d333af97c8176038fba1a23bd817b41,/home/sparsh/Naplam/Bangladesh-UAV-PlantDisease/Training Dataset/Cotton Bollworm Infestation/TN-467.jpg,Cotton Bollworm Infestation,TN-467.jpg,0
c52201b46034decb7f4684fa7d32d416,/home/sparsh/Naplam/Bangladesh-UAV-PlantDisease/Training Dataset/Mixed/TN-1796.jpg,Mixed,TN-1796.jpg,2
cb8b07993ee73f6b4ac80bc1e8dde429,/home/sparsh/Naplam/Bangladesh-UAV-PlantDisease/Test Dataset/Hail damages/TN-1910.jpg,Hail damage,TN-1910.jpg,1
94ac48ba2b55fa7b439de558423fc650,/home/sparsh/Naplam/Bangladesh-UAV-PlantDisease/Training Dataset/Mixed/TN-1934.jpg,Mixed,TN-1934.jpg,2
31b0bb9c29344a4e1cb2417be3cddc16,/home/sparsh/Naplam/Bangladesh-UAV-PlantDisease/Training Dataset/Mixed/TN-1672.jpg,Mixed,TN-1672.jpg,2
c0ffdcd8df5ea93bd16e72ed554f6b01,/home/sparsh/Naplam/Bangladesh-UAV-PlantDisease/Test Dataset/Hail damages/TN-1383.jpg,Hail damage,TN-1383.jpg,1
b737df07d9c291733bd02c3691c69e90,/home/sparsh/Naplam/Bangladesh-UAV-PlantDisease/Training Dataset/Cotton Bollworm Infestation/TN-36.jpg,Cotton Bollworm Infestation,TN-36.jpg,0
e9907a78492280b1e72198669e59000a,/home/sparsh/Naplam/Bangladesh-UAV-PlantDisease/Training Dataset/Mixed/TN-1394.jpg,Mixed,TN-1394.jpg,2
481cfb333137f8fd5df8eeb1dcf08b28,/home/sparsh/Naplam/Bangladesh-UAV-PlantDisease/Test Dataset/Hail damages/TN-2495.jpg,Hail damage,TN-2495.jpg,1
f715cf89e007b16466e4c5b32d4364ad,/home/sparsh/Naplam/Bangladesh-UAV-PlantDisease/Training Dataset/Hail damage/TN-470.jpg,Hail damage,TN-470.jpg,1
719d535392cdc89eef6ea7a620c7765f,/home/sparsh/Naplam/Bangladesh-UAV-PlantDisease/Training Dataset/Mixed/TN-154.jpg,Mixed,TN-154.jpg,2
39918074d37ed1e5685a594d515727bf,/home/sparsh/Naplam/Bangladesh-UAV-PlantDisease/Test Dataset/Hail damages/TN-2159.jpg,Hail damage,TN-2159.jpg,1
8cadc68d6cafc7165246bd22887baf78,/home/sparsh/Naplam/Bangladesh-UAV-PlantDisease/Training Dataset/Root Damage/TN-458.jpg,Root Damage,TN-458.jpg,3
910b311370feba3b4ce7dafb8e86cd85,/home/sparsh/Naplam/Bangladesh-UAV-PlantDisease/Training Dataset/Root Damage/TN-749.jpg,Root Damage,TN-749.jpg,3
ec9f339b5b15e883359eabe16b211f4a,/home/sparsh/Naplam/Bangladesh-UAV-PlantDisease/Training Dataset/Strong-Light Burn/TN-443.jpg,Strong-Light Burn,TN-443.jpg,4
0dbcf7b930b37bda640ce3197107d385,/home/sparsh/Naplam/Bangladesh-UAV-PlantDisease/Training Dataset/Hail damage/TN-12.jpg,Hail damage,TN-12.jpg,1
47101a333568e968e38d02b2bfc2aed8,/home/sparsh/Naplam/Bangladesh-UAV-PlantDisease/Training Dataset/Mixed/TN-267.jpg,Mixed,TN-267.jpg,2
0720d12896140c15d9cb9d744d854875,/home/sparsh/Naplam/Bangladesh-UAV-PlantDisease/Training Dataset/Strong-Light Burn/TN-678.jpg,Strong-Light Burn,TN-678.jpg,4
29e3bca4bc6d24b3f3feb55b6f59aa8e,/home/sparsh/Naplam/Bangladesh-UAV-PlantDisease/Test Dataset/Hail damages/TN-2898.jpg,Hail damage,TN-2898.jpg,1
6037cc39a6936068c16b3af35d9aff4e,/home/sparsh/Naplam/Bangladesh-UAV-PlantDisease/Test Dataset/Hail damages/TN-768.jpg,Hail damage,TN-768.jpg,1
26d326849e83d00996e7219158950b70,/home/sparsh/Naplam/Bangladesh-UAV-PlantDisease/Test Dataset/Hail damages/TN-1079.jpg,Hail damage,TN-1079.jpg,1
d8397346dc4a8437c532e57d55a2c079,/home/sparsh/Naplam/Bangladesh-UAV-PlantDisease/Training Dataset/Root Damage/TN-789.jpg,Root Damage,TN-789.jpg,3
8dc8bf92ec12fab6d0ccad233e6e059b,/home/sparsh/Naplam/Bangladesh-UAV-PlantDisease/Test Dataset/Hail damages/TN-2479.jpg,Hail damage,TN-2479.jpg,1
b0f29bcdc099b9eeea09997419e1723b,/home/sparsh/Naplam/Bangladesh-UAV-PlantDisease/Training Dataset/Strong-Light Burn/TN-2.jpg,Strong-Light Burn,TN-2.jpg,4
cd5d9b452a8e9998d86160b1ba4974cf,/home/sparsh/Naplam/Bangladesh-UAV-PlantDisease/Test Dataset/Hail damages/TN-2058.jpg,Hail damage,TN-2058.jpg,1
e8d5293fe3430232d8b66d9affe722c8,/home/sparsh/Naplam/Bangladesh-UAV-PlantDisease/Test Dataset/Hail damages/TN-2430.jpg,Hail damage,TN-2430.jpg,1
676d5dd1f58f5b6cccea61f5417cbae3,/home/sparsh/Naplam/Bangladesh-UAV-PlantDisease/Training Dataset/Mixed/TN-2179.jpg,Mixed,TN-2179.jpg,2
deec6e8eb0306709304d65529d0db91c,/home/sparsh/Naplam/Bangladesh-UAV-PlantDisease/Test Dataset/Hail damages/TN-2498.jpg,Hail damage,TN-2498.jpg,1
c35506ad323058090bcfc0ff9e859478,/home/sparsh/Naplam/Bangladesh-UAV-PlantDisease/Training Dataset/Hail damage/TN-669.jpg,Hail damage,TN-669.jpg,1
8c5aef5ba1988d8a58bde6e6f250e470,/home/sparsh/Naplam/Bangladesh-UAV-PlantDisease/Test Dataset/Hail damages/TN-2177.jpg,Hail damage,TN-2177.jpg,1
d1a33b1912374a1ff086f4bfa4e9e373,/home/sparsh/Naplam/Bangladesh-UAV-PlantDisease/Test Dataset/Hail damages/TN-2364.jpg,Hail damage,TN-2364.jpg,1
a439c973096f44087fd3fb918c67793e,/home/sparsh/Naplam/Bangladesh-UAV-PlantDisease/Test Dataset/Strong-Light Burn/TN-112.jpg,Strong-Light Burn,TN-112.jpg,4
8172eedc6f4fe8329eb32f43336a49e5,/home/sparsh/Naplam/Bangladesh-UAV-PlantDisease/Test Dataset/Hail damages/TN-1819.jpg,Hail damage,TN-1819.jpg,1
ea78f4038edd9e13981dbed01039e26b,/home/sparsh/Naplam/Bangladesh-UAV-PlantDisease/Test Dataset/Hail damages/TN-1335.jpg,Hail damage,TN-1335.jpg,1
47539e6c75a35e8e3464af0f40db5e71,/home/sparsh/Naplam/Bangladesh-UAV-PlantDisease/Test Dataset/Hail damages/TN-2626.jpg,Hail damage,TN-2626.jpg,1
8e2caee3b2119ef2a01aee0d0466a1df,/home/sparsh/Naplam/Bangladesh-UAV-PlantDisease/Training Dataset/Root Damage/TN-748.jpg,Root Damage,TN-748.jpg,3
b0dc8ac63bfdba8645172d257e443da1,/home/sparsh/Naplam/Bangladesh-UAV-PlantDisease/Test Dataset/Mixed/TN-50.jpg,Mixed,TN-50.jpg,2
422b0c2242248bae0a41cd4e766474da,/home/sparsh/Naplam/Bangladesh-UAV-PlantDisease/Training Dataset/Strong-Light Burn/TN-657.jpg,Strong-Light Burn,TN-657.jpg,4
835d24e156ecc74658b8ff1939e3733c,/home/sparsh/Naplam/Bangladesh-UAV-PlantDisease/Test Dataset/Hail damages/TN-728.jpg,Hail damage,TN-728.jpg,1
5defda44055aaac8da11be3a240ed25d,/home/sparsh/Naplam/Bangladesh-UAV-PlantDisease/Training Dataset/Hail damage/TN-31.jpg,Hail damage,TN-31.jpg,1
a20da9248f8426a32781eb8946869062,/home/sparsh/Naplam/Bangladesh-UAV-PlantDisease/Test Dataset/Hail damages/TN-2687.jpg,Hail damage,TN-2687.jpg,1
52a17ab33e4619685b99d5b543d83937,/home/sparsh/Naplam/Bangladesh-UAV-PlantDisease/Test Dataset/Hail damages/TN-2589.jpg,Hail damage,TN-2589.jpg,1
5b7c8fe6949ae06531a0d540cb39c7d5,/home/sparsh/Naplam/Bangladesh-UAV-PlantDisease/Test Dataset/Hail damages/TN-2418.jpg,Hail damage,TN-2418.jpg,1
fe7979a4a31c03bf3624fe9a86785e7a,/home/sparsh/Naplam/Bangladesh-UAV-PlantDisease/Test Dataset/Hail damages/TN-2007.jpg,Hail damage,TN-2007.jpg,1
5f2c8fbefa1e7bf3bf13c3c470d8b5a9,/home/sparsh/Naplam/Bangladesh-UAV-PlantDisease/Training Dataset/Mixed/TN-2233.jpg,Mixed,TN-2233.jpg,2
e4f36cc89b64a1fff485841bc7868810,/home/sparsh/Naplam/Bangladesh-UAV-PlantDisease/Training Dataset/Cotton Bollworm Infestation/TN-643.jpg,Cotton Bollworm Infestation,TN-643.jpg,0
c827a624cd4d3ceaa44dfd0e48e560fe,/home/sparsh/Naplam/Bangladesh-UAV-PlantDisease/Training Dataset/Mixed/TN-49.jpg,Mixed,TN-49.jpg,2
750de63999e5eeae99cb61fdde812d62,/home/sparsh/Naplam/Bangladesh-UAV-PlantDisease/Training Dataset/Mixed/TN-1648.jpg,Mixed,TN-1648.jpg,2
159c19a06a1e261afede18f3c22af347,/home/sparsh/Naplam/Bangladesh-UAV-PlantDisease/Training Dataset/Root Damage/TN-141.jpg,Root Damage,TN-141.jpg,3
9dc874ab632a21359bccaa589235aa15,/home/sparsh/Naplam/Bangladesh-UAV-PlantDisease/Training Dataset/Mixed/TN-1998.jpg,Mixed,TN-1998.jpg,2
e4906d5dde30dcb77cd27508b8972355,/home/sparsh/Naplam/Bangladesh-UAV-PlantDisease/Training Dataset/Mixed/TN-1977.jpg,Mixed,TN-1977.jpg,2
5b369c811449c6a6623fc0e7e437e00d,/home/sparsh/Naplam/Bangladesh-UAV-PlantDisease/Training Dataset/Mixed/TN-380.jpg,Mixed,TN-380.jpg,2
8736eb9302a8258c69078e0e1ee6c7b3,/home/sparsh/Naplam/Bangladesh-UAV-PlantDisease/Training Dataset/Strong-Light Burn/TN-610.jpg,Strong-Light Burn,TN-610.jpg,4
0dec134cea7d2aecc2d6c6aed028ae44,/home/sparsh/Naplam/Bangladesh-UAV-PlantDisease/Test Dataset/Mixed/TN-84.jpg,Mixed,TN-84.jpg,2
b40f37e381de33e22c325623836daef1,/home/sparsh/Naplam/Bangladesh-UAV-PlantDisease/Training Dataset/Cotton Bollworm Infestation/TN-142.jpg,Cotton Bollworm Infestation,TN-142.jpg,0
5e918d362163e66c5d418e3957146cc1,/home/sparsh/Naplam/Bangladesh-UAV-PlantDisease/Test Dataset/Hail damages/TN-802.jpg,Hail damage,TN-802.jpg,1
b415a5224874e746a17bf5d77199a986,/home/sparsh/Naplam/Bangladesh-UAV-PlantDisease/Training Dataset/Cotton Bollworm Infestation/TN-667.jpg,Cotton Bollworm Infestation,TN-667.jpg,0
db696a9008ee081a76238b493dcb2870,/home/sparsh/Naplam/Bangladesh-UAV-PlantDisease/Training Dataset/Cotton Bollworm Infestation/TN-399.jpg,Cotton Bollworm Infestation,TN-399.jpg,0
69d40448c92dc7864a9fa0dd9dc9637c,/home/sparsh/Naplam/Bangladesh-UAV-PlantDisease/Training Dataset/Mixed/TN-264.jpg,Mixed,TN-264.jpg,2
64efbcd366f9cf072d10a1b989921801,/home/sparsh/Naplam/Bangladesh-UAV-PlantDisease/Test Dataset/Hail damages/TN-2370.jpg,Hail damage,TN-2370.jpg,1
9536678506c1e939b3b9db13141f30d9,/home/sparsh/Naplam/Bangladesh-UAV-PlantDisease/Training Dataset/Mixed/TN-1219.jpg,Mixed,TN-1219.jpg,2
00be3177574c88368069bc4025e89077,/home/sparsh/Naplam/Bangladesh-UAV-PlantDisease/Training Dataset/Cotton Bollworm Infestation/TN-345.jpg,Cotton Bollworm Infestation,TN-345.jpg,0
01f604aa6a2835b389bdb6f53cd6b9aa,/home/sparsh/Naplam/Bangladesh-UAV-PlantDisease/Training Dataset/Mixed/TN-723.jpg,Mixed,TN-723.jpg,2
4dc4791acab5437ed3ee5a18612c231e,/home/sparsh/Naplam/Bangladesh-UAV-PlantDisease/Training Dataset/Mixed/TN-1391.jpg,Mixed,TN-1391.jpg,2
423e92042dab3e84d95989ef99746085,/home/sparsh/Naplam/Bangladesh-UAV-PlantDisease/Training Dataset/Cotton Bollworm Infestation/TN-394.jpg,Cotton Bollworm Infestation,TN-394.jpg,0
fc0a03fd38dee59400fd3ee9b6ebf2ed,/home/sparsh/Naplam/Bangladesh-UAV-PlantDisease/Training Dataset/Strong-Light Burn/TN-409.jpg,Strong-Light Burn,TN-409.jpg,4
78f133ed2b810c674885422ae1404a9f,/home/sparsh/Naplam/Bangladesh-UAV-PlantDisease/Training Dataset/Mixed/TN-1785.jpg,Mixed,TN-1785.jpg,2
078c1d97dc49812ceac15d757edcc22d,/home/sparsh/Naplam/Bangladesh-UAV-PlantDisease/Training Dataset/Strong-Light Burn/TN-458.jpg,Strong-Light Burn,TN-458.jpg,4
32573c8cbe5d39dc887f328c74588ea3,/home/sparsh/Naplam/Bangladesh-UAV-PlantDisease/Training Dataset/Cotton Bollworm Infestation/TN-145.jpg,Cotton Bollworm Infestation,TN-145.jpg,0
3b1678dc679b482d4b2f128000181a8c,/home/sparsh/Naplam/Bangladesh-UAV-PlantDisease/Training Dataset/Mixed/TN-1760.jpg,Mixed,TN-1760.jpg,2
a50969ffef33ddb1943d312ea63def25,/home/sparsh/Naplam/Bangladesh-UAV-PlantDisease/Training Dataset/Cotton Bollworm Infestation/TN-101.jpg,Cotton Bollworm Infestation,TN-101.jpg,0
bf40eb62c1faf6cc735b82cf4b44af6d,/home/sparsh/Naplam/Bangladesh-UAV-PlantDisease/Test Dataset/Mixed/TN-130.jpg,Mixed,TN-130.jpg,2
69f1c104f9127a921f03328ba3a989dd,/home/sparsh/Naplam/Bangladesh-UAV-PlantDisease/Test Dataset/Cotton Bollworm Infestation/TN-290.jpg,Cotton Bollworm Infestation,TN-290.jpg,0
0cb8d6fb7afdf30855dcb00443eeb6da,/home/sparsh/Naplam/Bangladesh-UAV-PlantDisease/Training Dataset/Strong-Light Burn/TN-594.jpg,Strong-Light Burn,TN-594.jpg,4
7e3fb17cb7186842fdde26eed627a50a,/home/sparsh/Naplam/Bangladesh-UAV-PlantDisease/Training Dataset/Cotton Bollworm Infestation/TN-144.jpg,Cotton Bollworm Infestation,TN-144.jpg,0
3c53cd64e77fc7484a4affcdacd9e26a,/home/sparsh/Naplam/Bangladesh-UAV-PlantDisease/Training Dataset/Root Damage/TN-502.jpg,Root Damage,TN-502.jpg,3
997cfca9af2c6c2e416c347187b4410c,/home/sparsh/Naplam/Bangladesh-UAV-PlantDisease/Training Dataset/Root Damage/TN-106.jpg,Root Damage,TN-106.jpg,3
8affcbf99b5a4fe2ef19e044574f0979,/home/sparsh/Naplam/Bangladesh-UAV-PlantDisease/Training Dataset/Hail damage/TN-467.jpg,Hail damage,TN-467.jpg,1
6e5216e549e995191dd6be6580b321ba,/home/sparsh/Naplam/Bangladesh-UAV-PlantDisease/Test Dataset/Hail damages/TN-1255.jpg,Hail damage,TN-1255.jpg,1
461c837f736f171c5df1bf9b22f3c20b,/home/sparsh/Naplam/Bangladesh-UAV-PlantDisease/Training Dataset/Mixed/TN-1259.jpg,Mixed,TN-1259.jpg,2
aef4b0c7dc86a923a25ea6ef0a83da9c,/home/sparsh/Naplam/Bangladesh-UAV-PlantDisease/Training Dataset/Strong-Light Burn/TN-75.jpg,Strong-Light Burn,TN-75.jpg,4
0cc51828e3a32244ad010bc8385061b8,/home/sparsh/Naplam/Bangladesh-UAV-PlantDisease/Training Dataset/Mixed/TN-1456.jpg,Mixed,TN-1456.jpg,2
7bc7942347ea7060422a45ad5141bb62,/home/sparsh/Naplam/Bangladesh-UAV-PlantDisease/Training Dataset/Root Damage/TN-207.jpg,Root Damage,TN-207.jpg,3
4f5a0dae6cc391ded9bc431e118a78c2,/home/sparsh/Naplam/Bangladesh-UAV-PlantDisease/Training Dataset/Strong-Light Burn/TN-305.jpg,Strong-Light Burn,TN-305.jpg,4
e165871e9a0444d9b7ca38e159511fbf,/home/sparsh/Naplam/Bangladesh-UAV-PlantDisease/Training Dataset/Strong-Light Burn/TN-273.jpg,Strong-Light Burn,TN-273.jpg,4
28cbf03edc44203a1a2c2593299d2c6c,/home/sparsh/Naplam/Bangladesh-UAV-PlantDisease/Training Dataset/Root Damage/TN-471.jpg,Root Damage,TN-471.jpg,3
74f5fac1ad92e0bd6b4321815b85ddbf,/home/sparsh/Naplam/Bangladesh-UAV-PlantDisease/Training Dataset/Mixed/TN-1216.jpg,Mixed,TN-1216.jpg,2
7cac83810a019141d91cd48aacbc6a3b,/home/sparsh/Naplam/Bangladesh-UAV-PlantDisease/Training Dataset/Mixed/TN-1806.jpg,Mixed,TN-1806.jpg,2
058b0924932294286dece9f815740efd,/home/sparsh/Naplam/Bangladesh-UAV-PlantDisease/Test Dataset/Hail damages/TN-613.jpg,Hail damage,TN-613.jpg,1
650e7bc8edf6aea97fe3c9f51867b8e8,/home/sparsh/Naplam/Bangladesh-UAV-PlantDisease/Training Dataset/Strong-Light Burn/TN-342.jpg,Strong-Light Burn,TN-342.jpg,4
244d536225a4bb89f1f5decbf2b3f7c7,/home/sparsh/Naplam/Bangladesh-UAV-PlantDisease/Training Dataset/Hail damage/TN-656.jpg,Hail damage,TN-656.jpg,1
41be204099f3dea6f01f28846dca951f,/home/sparsh/Naplam/Bangladesh-UAV-PlantDisease/Training Dataset/Mixed/TN-1473.jpg,Mixed,TN-1473.jpg,2
37f3c4cc21833db65014d9963b2c25bc,/home/sparsh/Naplam/Bangladesh-UAV-PlantDisease/Training Dataset/Root Damage/TN-703.jpg,Root Damage,TN-703.jpg,3
d9e7d9f616d02085c9b18794c80b32a2,/home/sparsh/Naplam/Bangladesh-UAV-PlantDisease/Training Dataset/Mixed/TN-1845.jpg,Mixed,TN-1845.jpg,2
26a4b85a1316bebcd7bca8a06c0a9c8a,/home/sparsh/Naplam/Bangladesh-UAV-PlantDisease/Training Dataset/Mixed/TN-1164.jpg,Mixed,TN-1164.jpg,2
66f2b8af3191c5ca3dae9b9608717cce,/home/sparsh/Naplam/Bangladesh-UAV-PlantDisease/Training Dataset/Cotton Bollworm Infestation/TN-791.jpg,Cotton Bollworm Infestation,TN-791.jpg,0
e59e653436ff28070cb4a75a0fe0b215,/home/sparsh/Naplam/Bangladesh-UAV-PlantDisease/Training Dataset/Mixed/TN-1591.jpg,Mixed,TN-1591.jpg,2
a0bd5cc86892730806288d4e60276276,/home/sparsh/Naplam/Bangladesh-UAV-PlantDisease/Training Dataset/Mixed/TN-343.jpg,Mixed,TN-343.jpg,2
61c30f2c760aaea3e82792c0928a8b58,/home/sparsh/Naplam/Bangladesh-UAV-PlantDisease/Training Dataset/Cotton Bollworm Infestation/TN-442.jpg,Cotton Bollworm Infestation,TN-442.jpg,0
5b704e44adef7f4735f556b9ac10ef27,/home/sparsh/Naplam/Bangladesh-UAV-PlantDisease/Training Dataset/Root Damage/TN-401.jpg,Root Damage,TN-401.jpg,3
e17117a7e290213e1525ce1a050533ab,/home/sparsh/Naplam/Bangladesh-UAV-PlantDisease/Test Dataset/Strong-Light Burn/TN-301.jpg,Strong-Light Burn,TN-301.jpg,4
afd2e0a0bd6dbf35e5fa916be60126be,/home/sparsh/Naplam/Bangladesh-UAV-PlantDisease/Test Dataset/Hail damages/TN-1914.jpg,Hail damage,TN-1914.jpg,1
169aa4fbbba8dd1b0752de1c08cee78e,/home/sparsh/Naplam/Bangladesh-UAV-PlantDisease/Training Dataset/Mixed/TN-2430.jpg,Mixed,TN-2430.jpg,2
1a826846417ff6155b116b0a1460a029,/home/sparsh/Naplam/Bangladesh-UAV-PlantDisease/Training Dataset/Cotton Bollworm Infestation/TN-809.jpg,Cotton Bollworm Infestation,TN-809.jpg,0
a29de20412e77133a82f05772174c386,/home/sparsh/Naplam/Bangladesh-UAV-PlantDisease/Training Dataset/Mixed/TN-1894.jpg,Mixed,TN-1894.jpg,2
2ed7e62040cae33740b1f7ce7111d9be,/home/sparsh/Naplam/Bangladesh-UAV-PlantDisease/Training Dataset/Cotton Bollworm Infestation/TN-614.jpg,Cotton Bollworm Infestation,TN-614.jpg,0
82730ff78261d436ceb241441adeccfb,/home/sparsh/Naplam/Bangladesh-UAV-PlantDisease/Test Dataset/Hail damages/TN-2296.jpg,Hail damage,TN-2296.jpg,1
26a9a83943d49d0bd6897c49502da90f,/home/sparsh/Naplam/Bangladesh-UAV-PlantDisease/Training Dataset/Hail damage/TN-479.jpg,Hail damage,TN-479.jpg,1
f16c659d5f3ecc44ec01c28f8847b098,/home/sparsh/Naplam/Bangladesh-UAV-PlantDisease/Test Dataset/Cotton Bollworm Infestation/TN-1.jpg,Cotton Bollworm Infestation,TN-1.jpg,0
c41b240cde756319b4335f72a492448a,/home/sparsh/Naplam/Bangladesh-UAV-PlantDisease/Test Dataset/Hail damages/TN-970.jpg,Hail damage,TN-970.jpg,1
4ec6cd9f7b049bc0244a25a5aac14437,/home/sparsh/Naplam/Bangladesh-UAV-PlantDisease/Training Dataset/Mixed/TN-126.jpg,Mixed,TN-126.jpg,2
9270d164f209c71833466513aac6f69a,/home/sparsh/Naplam/Bangladesh-UAV-PlantDisease/Test Dataset/Strong-Light Burn/TN-42.jpg,Strong-Light Burn,TN-42.jpg,4
a64c8cecf8ecf61c048ca3eec197c12a,/home/sparsh/Naplam/Bangladesh-UAV-PlantDisease/Training Dataset/Mixed/TN-698.jpg,Mixed,TN-698.jpg,2
f050bd1e9345ca43767f426a2bc550b6,/home/sparsh/Naplam/Bangladesh-UAV-PlantDisease/Training Dataset/Hail damage/TN-222.jpg,Hail damage,TN-222.jpg,1
9fa8fd73d2f9bb3678c59f0e626d576f,/home/sparsh/Naplam/Bangladesh-UAV-PlantDisease/Training Dataset/Mixed/TN-2122.jpg,Mixed,TN-2122.jpg,2
ce51ce9367e79cde03874ec7bc9beabc,/home/sparsh/Naplam/Bangladesh-UAV-PlantDisease/Training Dataset/Mixed/TN-782.jpg,Mixed,TN-782.jpg,2
2a04aca46e4fdc1ad754d6d72d9317f5,/home/sparsh/Naplam/Bangladesh-UAV-PlantDisease/Training Dataset/Root Damage/TN-753.jpg,Root Damage,TN-753.jpg,3
1f36656b44c8ffba014b6bb9af2052b2,/home/sparsh/Naplam/Bangladesh-UAV-PlantDisease/Test Dataset/Hail damages/TN-1358.jpg,Hail damage,TN-1358.jpg,1
8957db675bdb424fc240d11fab7c6502,/home/sparsh/Naplam/Bangladesh-UAV-PlantDisease/Training Dataset/Hail damage/TN-476.jpg,Hail damage,TN-476.jpg,1
6402355f93aa0df1388c967452b539a7,/home/sparsh/Naplam/Bangladesh-UAV-PlantDisease/Test Dataset/Hail damages/TN-1037.jpg,Hail damage,TN-1037.jpg,1
5941b65a9f4a21cae728881c9eec53c8,/home/sparsh/Naplam/Bangladesh-UAV-PlantDisease/Test Dataset/Cotton Bollworm Infestation/TN-443.jpg,Cotton Bollworm Infestation,TN-443.jpg,0
de54f7e8d6465dea342529520872f125,/home/sparsh/Naplam/Bangladesh-UAV-PlantDisease/Test Dataset/Cotton Bollworm Infestation/TN-400.jpg,Cotton Bollworm Infestation,TN-400.jpg,0
c81fd6b66370ebba81f3942a05bd977c,/home/sparsh/Naplam/Bangladesh-UAV-PlantDisease/Training Dataset/Hail damage/TN-727.jpg,Hail damage,TN-727.jpg,1
9d720b0e792b23bc2945f0702fc3d590,/home/sparsh/Naplam/Bangladesh-UAV-PlantDisease/Training Dataset/Hail damage/TN-624.jpg,Hail damage,TN-624.jpg,1
8eb8d3726b3458a0bb5f4c541222152c,/home/sparsh/Naplam/Bangladesh-UAV-PlantDisease/Training Dataset/Mixed/TN-2214.jpg,Mixed,TN-2214.jpg,2
221b94da47050ff6390b69f91834132f,/home/sparsh/Naplam/Bangladesh-UAV-PlantDisease/Test Dataset/Hail damages/TN-1846.jpg,Hail damage,TN-1846.jpg,1
0ba45690a094ef5fc46a18e250e10093,/home/sparsh/Naplam/Bangladesh-UAV-PlantDisease/Test Dataset/Hail damages/TN-443.jpg,Hail damage,TN-443.jpg,1
e8197ba9386a4aabf433e332833808d2,/home/sparsh/Naplam/Bangladesh-UAV-PlantDisease/Test Dataset/Root Damage/TN-272.jpg,Root Damage,TN-272.jpg,3
f36270c7a7b5a7c5c54e3c2cb242a5e1,/home/sparsh/Naplam/Bangladesh-UAV-PlantDisease/Training Dataset/Mixed/TN-1949.jpg,Mixed,TN-1949.jpg,2
ab61039d6b27879f5e8d67f70061b05c,/home/sparsh/Naplam/Bangladesh-UAV-PlantDisease/Test Dataset/Hail damages/TN-1904.jpg,Hail damage,TN-1904.jpg,1
40a4f960fa56e9fca53c95cb8b572508,/home/sparsh/Naplam/Bangladesh-UAV-PlantDisease/Test Dataset/Hail damages/TN-1158.jpg,Hail damage,TN-1158.jpg,1
323efd94f5ecd31a9fe8ac8e59da6884,/home/sparsh/Naplam/Bangladesh-UAV-PlantDisease/Training Dataset/Mixed/TN-2057.jpg,Mixed,TN-2057.jpg,2
20c03c04f0e589ce6146d4aa5a9b775a,/home/sparsh/Naplam/Bangladesh-UAV-PlantDisease/Test Dataset/Hail damages/TN-1468.jpg,Hail damage,TN-1468.jpg,1
40522b37467fe4b04b42b2553ebe1c17,/home/sparsh/Naplam/Bangladesh-UAV-PlantDisease/Test Dataset/Mixed/TN-550.jpg,Mixed,TN-550.jpg,2
f36eec9caa6b0fc4181709c3592796a1,/home/sparsh/Naplam/Bangladesh-UAV-PlantDisease/Training Dataset/Strong-Light Burn/TN-212.jpg,Strong-Light Burn,TN-212.jpg,4
70c4e5e02d573220dd3c3437129524a9,/home/sparsh/Naplam/Bangladesh-UAV-PlantDisease/Training Dataset/Cotton Bollworm Infestation/TN-946.jpg,Cotton Bollworm Infestation,TN-946.jpg,0
cfe012a126fc01ec2e2f1f050169593f,/home/sparsh/Naplam/Bangladesh-UAV-PlantDisease/Training Dataset/Root Damage/TN-545.jpg,Root Damage,TN-545.jpg,3
928579092950f11f4f1309f10dfcfc49,/home/sparsh/Naplam/Bangladesh-UAV-PlantDisease/Test Dataset/Hail damages/TN-1618.jpg,Hail damage,TN-1618.jpg,1
aa7ccffd803a47c287599c2a87ae58cd,/home/sparsh/Naplam/Bangladesh-UAV-PlantDisease/Training Dataset/Hail damage/TN-303.jpg,Hail damage,TN-303.jpg,1
4933a9b914791ee63a8e22103ecd0576,/home/sparsh/Naplam/Bangladesh-UAV-PlantDisease/Training Dataset/Mixed/TN-574.jpg,Mixed,TN-574.jpg,2
618b692661d90860cb1dab0cd95a515e,/home/sparsh/Naplam/Bangladesh-UAV-PlantDisease/Training Dataset/Strong-Light Burn/TN-72.jpg,Strong-Light Burn,TN-72.jpg,4
a35afb76bb32e62c4a7a161f320a0d43,/home/sparsh/Naplam/Bangladesh-UAV-PlantDisease/Training Dataset/Mixed/TN-454.jpg,Mixed,TN-454.jpg,2
7614c91b9f604fa801a0d2e6091716fe,/home/sparsh/Naplam/Bangladesh-UAV-PlantDisease/Training Dataset/Hail damage/TN-738.jpg,Hail damage,TN-738.jpg,1
d883ec89b4d86b4f818bb9dd998a19d3,/home/sparsh/Naplam/Bangladesh-UAV-PlantDisease/Training Dataset/Mixed/TN-1515.jpg,Mixed,TN-1515.jpg,2
202596cbd800788948004153a7ad4df0,/home/sparsh/Naplam/Bangladesh-UAV-PlantDisease/Training Dataset/Mixed/TN-756.jpg,Mixed,TN-756.jpg,2
aa61945303d8654ff457f921571a7cc7,/home/sparsh/Naplam/Bangladesh-UAV-PlantDisease/Test Dataset/Hail damages/TN-1201.jpg,Hail damage,TN-1201.jpg,1
a387cf7162fd15c9ab639e157de9a565,/home/sparsh/Naplam/Bangladesh-UAV-PlantDisease/Training Dataset/Cotton Bollworm Infestation/TN-43.jpg,Cotton Bollworm Infestation,TN-43.jpg,0
f04327062155cc203928f2a26c677e59,/home/sparsh/Naplam/Bangladesh-UAV-PlantDisease/Training Dataset/Strong-Light Burn/TN-582.jpg,Strong-Light Burn,TN-582.jpg,4
67a89bf53ff15837497069e820b2682c,/home/sparsh/Naplam/Bangladesh-UAV-PlantDisease/Test Dataset/Mixed/TN-422.jpg,Mixed,TN-422.jpg,2
2d664811ecd6c4afedaaaf3b1cd17cce,/home/sparsh/Naplam/Bangladesh-UAV-PlantDisease/Training Dataset/Mixed/TN-2381.jpg,Mixed,TN-2381.jpg,2
344d57a15b9625df489a3d447cc492c8,/home/sparsh/Naplam/Bangladesh-UAV-PlantDisease/Test Dataset/Hail damages/TN-2327.jpg,Hail damage,TN-2327.jpg,1
15c45882aa3351154a1be25ef0b12505,/home/sparsh/Naplam/Bangladesh-UAV-PlantDisease/Test Dataset/Hail damages/TN-1979.jpg,Hail damage,TN-1979.jpg,1
6eb2c6cc51e2683b9674a2afd5d76def,/home/sparsh/Naplam/Bangladesh-UAV-PlantDisease/Training Dataset/Mixed/TN-787.jpg,Mixed,TN-787.jpg,2
32e41a3a2ec689df479ed7a2746af4fe,/home/sparsh/Naplam/Bangladesh-UAV-PlantDisease/Training Dataset/Mixed/TN-476.jpg,Mixed,TN-476.jpg,2
d11bf916d51de1799afdc1d880c9bfbb,/home/sparsh/Naplam/Bangladesh-UAV-PlantDisease/Training Dataset/Cotton Bollworm Infestation/TN-535.jpg,Cotton Bollworm Infestation,TN-535.jpg,0
43fc8ed41a27ebd89852bcf6c24d7469,/home/sparsh/Naplam/Bangladesh-UAV-PlantDisease/Training Dataset/Hail damage/TN-723.jpg,Hail damage,TN-723.jpg,1
ee88687715f3a0f74d9f52afcaa4df8c,/home/sparsh/Naplam/Bangladesh-UAV-PlantDisease/Test Dataset/Hail damages/TN-1281.jpg,Hail damage,TN-1281.jpg,1
8236bc95700ea9bfbc6d923443224119,/home/sparsh/Naplam/Bangladesh-UAV-PlantDisease/Test Dataset/Hail damages/TN-1028.jpg,Hail damage,TN-1028.jpg,1
08aedbd47c13d6b820574bc6cc6fb118,/home/sparsh/Naplam/Bangladesh-UAV-PlantDisease/Training Dataset/Mixed/TN-293.jpg,Mixed,TN-293.jpg,2
df5a4e0b7768ab41ea5d13d67a466c29,/home/sparsh/Naplam/Bangladesh-UAV-PlantDisease/Training Dataset/Cotton Bollworm Infestation/TN-104.jpg,Cotton Bollworm Infestation,TN-104.jpg,0
f68328bf94dbc7d61af966f9ef7a022c,/home/sparsh/Naplam/Bangladesh-UAV-PlantDisease/Training Dataset/Mixed/TN-210.jpg,Mixed,TN-210.jpg,2
a0a31e05f62f0d9b723a3b6a321a2bcd,/home/sparsh/Naplam/Bangladesh-UAV-PlantDisease/Test Dataset/Hail damages/TN-1649.jpg,Hail damage,TN-1649.jpg,1
fa57123107c88ab27e536e6d700993d0,/home/sparsh/Naplam/Bangladesh-UAV-PlantDisease/Training Dataset/Mixed/TN-933.jpg,Mixed,TN-933.jpg,2
0a8b907209f046fe22dc313756aff560,/home/sparsh/Naplam/Bangladesh-UAV-PlantDisease/Test Dataset/Hail damages/TN-2052.jpg,Hail damage,TN-2052.jpg,1
64007605dbba3b073361941cb9affbd1,/home/sparsh/Naplam/Bangladesh-UAV-PlantDisease/Training Dataset/Mixed/TN-249.jpg,Mixed,TN-249.jpg,2
5987ee9d73b6861f48dc905e46b6cf56,/home/sparsh/Naplam/Bangladesh-UAV-PlantDisease/Training Dataset/Mixed/TN-335.jpg,Mixed,TN-335.jpg,2
b94226641ffa293cee2037940acc7b87,/home/sparsh/Naplam/Bangladesh-UAV-PlantDisease/Training Dataset/Hail damage/TN-836.jpg,Hail damage,TN-836.jpg,1
b8262f30306b2932f1a33be094882859,/home/sparsh/Naplam/Bangladesh-UAV-PlantDisease/Training Dataset/Mixed/TN-1579.jpg,Mixed,TN-1579.jpg,2
64b88e7b4f245d6af27a310cd4bdeb42,/home/sparsh/Naplam/Bangladesh-UAV-PlantDisease/Test Dataset/Hail damages/TN-1208.jpg,Hail damage,TN-1208.jpg,1
ffc1203bebad4c10efbf65c34ab131ac,/home/sparsh/Naplam/Bangladesh-UAV-PlantDisease/Training Dataset/Mixed/TN-2128.jpg,Mixed,TN-2128.jpg,2
4292cd556308b3621aa9ae44d6c4549b,/home/sparsh/Naplam/Bangladesh-UAV-PlantDisease/Training Dataset/Strong-Light Burn/TN-520.jpg,Strong-Light Burn,TN-520.jpg,4
4dd89b63e3fc65b1c0fa30ad2d3bf55c,/home/sparsh/Naplam/Bangladesh-UAV-PlantDisease/Training Dataset/Mixed/TN-2293.jpg,Mixed,TN-2293.jpg,2
f15b0ddd56bbdcbd9a34e49173a15305,/home/sparsh/Naplam/Bangladesh-UAV-PlantDisease/Training Dataset/Mixed/TN-1012.jpg,Mixed,TN-1012.jpg,2
a3576a66a0834f6d07a51f54155b153f,/home/sparsh/Naplam/Bangladesh-UAV-PlantDisease/Training Dataset/Hail damage/TN-795.jpg,Hail damage,TN-795.jpg,1
b3f16d9dc80a4e543922bb68d9a65633,/home/sparsh/Naplam/Bangladesh-UAV-PlantDisease/Training Dataset/Cotton Bollworm Infestation/TN-751.jpg,Cotton Bollworm Infestation,TN-751.jpg,0
64393cd2e4387977514465d1d1c4b37e,/home/sparsh/Naplam/Bangladesh-UAV-PlantDisease/Training Dataset/Strong-Light Burn/TN-684.jpg,Strong-Light Burn,TN-684.jpg,4
4417784d6357a3453c14ba28bdaa9d22,/home/sparsh/Naplam/Bangladesh-UAV-PlantDisease/Training Dataset/Strong-Light Burn/TN-507.jpg,Strong-Light Burn,TN-507.jpg,4
12729737b94a0a9a442a2029ffcda887,/home/sparsh/Naplam/Bangladesh-UAV-PlantDisease/Test Dataset/Cotton Bollworm Infestation/TN-460.jpg,Cotton Bollworm Infestation,TN-460.jpg,0
daf320d0734deb1bf96d35873a9b752f,/home/sparsh/Naplam/Bangladesh-UAV-PlantDisease/Training Dataset/Mixed/TN-1900.jpg,Mixed,TN-1900.jpg,2
f3417adc78ce36181db0de4fcdbfa4fb,/home/sparsh/Naplam/Bangladesh-UAV-PlantDisease/Test Dataset/Hail damages/TN-2941.jpg,Hail damage,TN-2941.jpg,1
f2361fa52239077dd5d192d63caa5a79,/home/sparsh/Naplam/Bangladesh-UAV-PlantDisease/Training Dataset/Cotton Bollworm Infestation/TN-125.jpg,Cotton Bollworm Infestation,TN-125.jpg,0
186f7d529d869ccdde1388f0ded276dd,/home/sparsh/Naplam/Bangladesh-UAV-PlantDisease/Test Dataset/Hail damages/TN-2220.jpg,Hail damage,TN-2220.jpg,1
c72fa88db77cde2039a8b51178d46d93,/home/sparsh/Naplam/Bangladesh-UAV-PlantDisease/Training Dataset/Cotton Bollworm Infestation/TN-25.jpg,Cotton Bollworm Infestation,TN-25.jpg,0
955c58319b39762e46c2b79f316fe6f7,/home/sparsh/Naplam/Bangladesh-UAV-PlantDisease/Test Dataset/Hail damages/TN-617.jpg,Hail damage,TN-617.jpg,1
1e82387823a3482c7abe7f508cab3075,/home/sparsh/Naplam/Bangladesh-UAV-PlantDisease/Training Dataset/Cotton Bollworm Infestation/TN-566.jpg,Cotton Bollworm Infestation,TN-566.jpg,0
3671fe07e30f47759cbda383e9c51792,/home/sparsh/Naplam/Bangladesh-UAV-PlantDisease/Training Dataset/Strong-Light Burn/TN-435.jpg,Strong-Light Burn,TN-435.jpg,4
fdb28a7e08ffae0d7c4bbe2459cd7ccc,/home/sparsh/Naplam/Bangladesh-UAV-PlantDisease/Test Dataset/Hail damages/TN-2585.jpg,Hail damage,TN-2585.jpg,1
a8befdab3e875b7b8755948f77252dd8,/home/sparsh/Naplam/Bangladesh-UAV-PlantDisease/Training Dataset/Strong-Light Burn/TN-539.jpg,Strong-Light Burn,TN-539.jpg,4
d2472e0437c7396f9341b4449ec628ff,/home/sparsh/Naplam/Bangladesh-UAV-PlantDisease/Training Dataset/Cotton Bollworm Infestation/TN-854.jpg,Cotton Bollworm Infestation,TN-854.jpg,0
6cfb954dc2f05005d9153af76bd7e6f3,/home/sparsh/Naplam/Bangladesh-UAV-PlantDisease/Test Dataset/Hail damages/TN-1659.jpg,Hail damage,TN-1659.jpg,1
a7c522e525dbde570976f11e5e6b1b5f,/home/sparsh/Naplam/Bangladesh-UAV-PlantDisease/Training Dataset/Hail damage/TN-26.jpg,Hail damage,TN-26.jpg,1
44f0551b3379fb2a7dbaacfea10f0d9e,/home/sparsh/Naplam/Bangladesh-UAV-PlantDisease/Training Dataset/Hail damage/TN-614.jpg,Hail damage,TN-614.jpg,1
193850482c94d472b97f532120ec8add,/home/sparsh/Naplam/Bangladesh-UAV-PlantDisease/Training Dataset/Cotton Bollworm Infestation/TN-804.jpg,Cotton Bollworm Infestation,TN-804.jpg,0
43ba713ce8fb6fc3cdf6b2f07cb44624,/home/sparsh/Naplam/Bangladesh-UAV-PlantDisease/Training Dataset/Mixed/TN-1308.jpg,Mixed,TN-1308.jpg,2
00a57da7e77b2191b6c089c24fec5b60,/home/sparsh/Naplam/Bangladesh-UAV-PlantDisease/Training Dataset/Mixed/TN-192.jpg,Mixed,TN-192.jpg,2
091043bfd24b504427f9131f233cf83a,/home/sparsh/Naplam/Bangladesh-UAV-PlantDisease/Training Dataset/Root Damage/TN-445.jpg,Root Damage,TN-445.jpg,3
22f998b2b190cb807aad92625d8c1f62,/home/sparsh/Naplam/Bangladesh-UAV-PlantDisease/Test Dataset/Strong-Light Burn/TN-334.jpg,Strong-Light Burn,TN-334.jpg,4
838fb35582039ca139dd936d6b21d222,/home/sparsh/Naplam/Bangladesh-UAV-PlantDisease/Test Dataset/Cotton Bollworm Infestation/TN-71.jpg,Cotton Bollworm Infestation,TN-71.jpg,0
89749ec63525ee583945766a40749455,/home/sparsh/Naplam/Bangladesh-UAV-PlantDisease/Training Dataset/Strong-Light Burn/TN-427.jpg,Strong-Light Burn,TN-427.jpg,4
dd58ce5120818a6eb9ae7a4bc098b832,/home/sparsh/Naplam/Bangladesh-UAV-PlantDisease/Training Dataset/Cotton Bollworm Infestation/TN-690.jpg,Cotton Bollworm Infestation,TN-690.jpg,0
fae5ca71349424d4bb555257822b569b,/home/sparsh/Naplam/Bangladesh-UAV-PlantDisease/Training Dataset/Cotton Bollworm Infestation/TN-419.jpg,Cotton Bollworm Infestation,TN-419.jpg,0
cc39c69cf16da19f237d68f3f1fa2110,/home/sparsh/Naplam/Bangladesh-UAV-PlantDisease/Training Dataset/Hail damage/TN-15.jpg,Hail damage,TN-15.jpg,1
dc63ba2b9f89826df277b27a7cb3af24,/home/sparsh/Naplam/Bangladesh-UAV-PlantDisease/Training Dataset/Root Damage/TN-604.jpg,Root Damage,TN-604.jpg,3
ac19d97456e51db865cfa2879f6c7777,/home/sparsh/Naplam/Bangladesh-UAV-PlantDisease/Training Dataset/Mixed/TN-1019.jpg,Mixed,TN-1019.jpg,2
72a602bf118c76000b6c6de7a8371ca1,/home/sparsh/Naplam/Bangladesh-UAV-PlantDisease/Training Dataset/Root Damage/TN-182.jpg,Root Damage,TN-182.jpg,3
f8391aa1e04012349bdd8806098c5778,/home/sparsh/Naplam/Bangladesh-UAV-PlantDisease/Training Dataset/Cotton Bollworm Infestation/TN-46.jpg,Cotton Bollworm Infestation,TN-46.jpg,0
98d86a14c8eb9ecba510b7f3672d1bcb,/home/sparsh/Naplam/Bangladesh-UAV-PlantDisease/Training Dataset/Mixed/TN-673.jpg,Mixed,TN-673.jpg,2
302d82dfa256a1d6289ed8e1f99bab03,/home/sparsh/Naplam/Bangladesh-UAV-PlantDisease/Training Dataset/Strong-Light Burn/TN-662.jpg,Strong-Light Burn,TN-662.jpg,4
ca8098d7b5063a45d106e907c52352b0,/home/sparsh/Naplam/Bangladesh-UAV-PlantDisease/Test Dataset/Hail damages/TN-1889.jpg,Hail damage,TN-1889.jpg,1
a60f01d904567d1c33f4f112f378927b,/home/sparsh/Naplam/Bangladesh-UAV-PlantDisease/Training Dataset/Mixed/TN-1870.jpg,Mixed,TN-1870.jpg,2
a98f1963bcbf6de983748a95211f554b,/home/sparsh/Naplam/Bangladesh-UAV-PlantDisease/Training Dataset/Cotton Bollworm Infestation/TN-755.jpg,Cotton Bollworm Infestation,TN-755.jpg,0
3fb59b85ba5a1689aeaa42418593e5d7,/home/sparsh/Naplam/Bangladesh-UAV-PlantDisease/Training Dataset/Mixed/TN-1486.jpg,Mixed,TN-1486.jpg,2
ac046d39f3cbedc2e2c97d1a3a527a88,/home/sparsh/Naplam/Bangladesh-UAV-PlantDisease/Test Dataset/Hail damages/TN-798.jpg,Hail damage,TN-798.jpg,1
8c0185ba21cc7dcea7c22d4fda85010a,/home/sparsh/Naplam/Bangladesh-UAV-PlantDisease/Training Dataset/Hail damage/TN-675.jpg,Hail damage,TN-675.jpg,1
5ccb5653d43c66d19914e5e307fbe0db,/home/sparsh/Naplam/Bangladesh-UAV-PlantDisease/Training Dataset/Mixed/TN-2054.jpg,Mixed,TN-2054.jpg,2
ac22bb74619994c5cb4f8a18f123e5e0,/home/sparsh/Naplam/Bangladesh-UAV-PlantDisease/Training Dataset/Cotton Bollworm Infestation/TN-26.jpg,Cotton Bollworm Infestation,TN-26.jpg,0
4a560a2837085e106828a6923e84e56e,/home/sparsh/Naplam/Bangladesh-UAV-PlantDisease/Training Dataset/Strong-Light Burn/TN-299.jpg,Strong-Light Burn,TN-299.jpg,4
bbc49c94cb18846ab41ee60c047eb9b6,/home/sparsh/Naplam/Bangladesh-UAV-PlantDisease/Training Dataset/Cotton Bollworm Infestation/TN-29.jpg,Cotton Bollworm Infestation,TN-29.jpg,0
b5dc9fac73b58e6213c7295ea1c54bd3,/home/sparsh/Naplam/Bangladesh-UAV-PlantDisease/Training Dataset/Cotton Bollworm Infestation/TN-141.jpg,Cotton Bollworm Infestation,TN-141.jpg,0
4d19951eb0128c0f5ad27a32b1c2f4d4,/home/sparsh/Naplam/Bangladesh-UAV-PlantDisease/Test Dataset/Hail damages/TN-1065.jpg,Hail damage,TN-1065.jpg,1
38d2b04d3bc0df345f61f1b9ac4fbf12,/home/sparsh/Naplam/Bangladesh-UAV-PlantDisease/Training Dataset/Mixed/TN-532.jpg,Mixed,TN-532.jpg,2
a63729556b8d6b9dac9c2121631dd63e,/home/sparsh/Naplam/Bangladesh-UAV-PlantDisease/Training Dataset/Strong-Light Burn/TN-55.jpg,Strong-Light Burn,TN-55.jpg,4
e127829dedb087a07d7333cdbc9ef641,/home/sparsh/Naplam/Bangladesh-UAV-PlantDisease/Training Dataset/Mixed/TN-763.jpg,Mixed,TN-763.jpg,2
d263e2f582f632fd04a06e3a8183bb38,/home/sparsh/Naplam/Bangladesh-UAV-PlantDisease/Training Dataset/Mixed/TN-1454.jpg,Mixed,TN-1454.jpg,2
c684ce2ef0d7b7122c59f15002cfebcc,/home/sparsh/Naplam/Bangladesh-UAV-PlantDisease/Training Dataset/Hail damage/TN-451.jpg,Hail damage,TN-451.jpg,1
5a0046eb0f5e4eda3ea723843cf45bd1,/home/sparsh/Naplam/Bangladesh-UAV-PlantDisease/Test Dataset/Hail damages/TN-910.jpg,Hail damage,TN-910.jpg,1
a728c487fc1a8e57c3401691a0a4b9fd,/home/sparsh/Naplam/Bangladesh-UAV-PlantDisease/Test Dataset/Hail damages/TN-1530.jpg,Hail damage,TN-1530.jpg,1
42a4ff2f22fc4d76040edfdf0931f6a2,/home/sparsh/Naplam/Bangladesh-UAV-PlantDisease/Training Dataset/Mixed/TN-1526.jpg,Mixed,TN-1526.jpg,2
67f9bff1fb5e36819e0b480a1cd57dcd,/home/sparsh/Naplam/Bangladesh-UAV-PlantDisease/Training Dataset/Root Damage/TN-685.jpg,Root Damage,TN-685.jpg,3
e04901342946b5e87bd7d98c451c4875,/home/sparsh/Naplam/Bangladesh-UAV-PlantDisease/Training Dataset/Cotton Bollworm Infestation/TN-143.jpg,Cotton Bollworm Infestation,TN-143.jpg,0
a0a1630eb91d7f3273b1018ad3d4d9e2,/home/sparsh/Naplam/Bangladesh-UAV-PlantDisease/Training Dataset/Hail damage/TN-462.jpg,Hail damage,TN-462.jpg,1
11d7c8d7cd13b728d4008438db8a53cf,/home/sparsh/Naplam/Bangladesh-UAV-PlantDisease/Training Dataset/Strong-Light Burn/TN-637.jpg,Strong-Light Burn,TN-637.jpg,4
afcb29941cd476b9d3f38613eb57ec3d,/home/sparsh/Naplam/Bangladesh-UAV-PlantDisease/Training Dataset/Cotton Bollworm Infestation/TN-385.jpg,Cotton Bollworm Infestation,TN-385.jpg,0
75aea6111025f647e068296df314540b,/home/sparsh/Naplam/Bangladesh-UAV-PlantDisease/Test Dataset/Hail damages/TN-2741.jpg,Hail damage,TN-2741.jpg,1
a290869a3dce1bb065ad8fb4f57864a0,/home/sparsh/Naplam/Bangladesh-UAV-PlantDisease/Training Dataset/Root Damage/TN-60.jpg,Root Damage,TN-60.jpg,3
d5314414b6eae3921e3a0b1c4eb0fca9,/home/sparsh/Naplam/Bangladesh-UAV-PlantDisease/Training Dataset/Mixed/TN-2193.jpg,Mixed,TN-2193.jpg,2
20a71cf3ee754824d5246b9cd839cf68,/home/sparsh/Naplam/Bangladesh-UAV-PlantDisease/Test Dataset/Hail damages/TN-1130.jpg,Hail damage,TN-1130.jpg,1
26bfb9a9e64c266038489daada8f2594,/home/sparsh/Naplam/Bangladesh-UAV-PlantDisease/Training Dataset/Mixed/TN-279.jpg,Mixed,TN-279.jpg,2
9daaaac35267fd36d2190b66a306355d,/home/sparsh/Naplam/Bangladesh-UAV-PlantDisease/Training Dataset/Root Damage/TN-145.jpg,Root Damage,TN-145.jpg,3
cb04ea48626b66735f1fb5d508b492b1,/home/sparsh/Naplam/Bangladesh-UAV-PlantDisease/Training Dataset/Mixed/TN-1828.jpg,Mixed,TN-1828.jpg,2
2033d249afa8ca69c727e020035d05d7,/home/sparsh/Naplam/Bangladesh-UAV-PlantDisease/Training Dataset/Mixed/TN-498.jpg,Mixed,TN-498.jpg,2
3467a1f6cf8f2eef54190b2b9e3410ac,/home/sparsh/Naplam/Bangladesh-UAV-PlantDisease/Training Dataset/Hail damage/TN-565.jpg,Hail damage,TN-565.jpg,1
d9f291da069445204df24037d1e0f661,/home/sparsh/Naplam/Bangladesh-UAV-PlantDisease/Test Dataset/Hail damages/TN-859.jpg,Hail damage,TN-859.jpg,1
6c35ace3e43ac63a9e069308185d163a,/home/sparsh/Naplam/Bangladesh-UAV-PlantDisease/Training Dataset/Root Damage/TN-447.jpg,Root Damage,TN-447.jpg,3
8030de550723671fc2433f9584bea734,/home/sparsh/Naplam/Bangladesh-UAV-PlantDisease/Test Dataset/Hail damages/TN-2440.jpg,Hail damage,TN-2440.jpg,1
d119568f042abb8996a195395da68a6f,/home/sparsh/Naplam/Bangladesh-UAV-PlantDisease/Training Dataset/Root Damage/TN-683.jpg,Root Damage,TN-683.jpg,3
bc1b00934396ceb42574519629e6bdd0,/home/sparsh/Naplam/Bangladesh-UAV-PlantDisease/Training Dataset/Root Damage/TN-588.jpg,Root Damage,TN-588.jpg,3
0be438f5acd825040f40529cb5191b27,/home/sparsh/Naplam/Bangladesh-UAV-PlantDisease/Training Dataset/Hail damage/TN-426.jpg,Hail damage,TN-426.jpg,1
241f53640fe00f3971342a64af9c5c5b,/home/sparsh/Naplam/Bangladesh-UAV-PlantDisease/Training Dataset/Cotton Bollworm Infestation/TN-373.jpg,Cotton Bollworm Infestation,TN-373.jpg,0
59c9af9b7e8cee86350f030433fe5c4a,/home/sparsh/Naplam/Bangladesh-UAV-PlantDisease/Training Dataset/Cotton Bollworm Infestation/TN-448.jpg,Cotton Bollworm Infestation,TN-448.jpg,0
52b27c80362c1ca1eedc250d75c7dd4d,/home/sparsh/Naplam/Bangladesh-UAV-PlantDisease/Training Dataset/Strong-Light Burn/TN-126.jpg,Strong-Light Burn,TN-126.jpg,4
9a146fc4fde39c4f5620e38a0d9fc21d,/home/sparsh/Naplam/Bangladesh-UAV-PlantDisease/Test Dataset/Cotton Bollworm Infestation/TN-171.jpg,Cotton Bollworm Infestation,TN-171.jpg,0
3d056c4d33eeea6bc751dc5103f37838,/home/sparsh/Naplam/Bangladesh-UAV-PlantDisease/Training Dataset/Strong-Light Burn/TN-519.jpg,Strong-Light Burn,TN-519.jpg,4
11b877e0ada7f7e2d98bdb82b29882b0,/home/sparsh/Naplam/Bangladesh-UAV-PlantDisease/Test Dataset/Hail damages/TN-1056.jpg,Hail damage,TN-1056.jpg,1
167d18c113ff3397009c81504c24f165,/home/sparsh/Naplam/Bangladesh-UAV-PlantDisease/Test Dataset/Hail damages/TN-846.jpg,Hail damage,TN-846.jpg,1
7568db10b7855ebbaace490eed5c1368,/home/sparsh/Naplam/Bangladesh-UAV-PlantDisease/Test Dataset/Cotton Bollworm Infestation/TN-390.jpg,Cotton Bollworm Infestation,TN-390.jpg,0
7cee340f779c4d3a589fb35218d0970a,/home/sparsh/Naplam/Bangladesh-UAV-PlantDisease/Training Dataset/Strong-Light Burn/TN-36.jpg,Strong-Light Burn,TN-36.jpg,4
aa6287971e3259f187d2dc366b21ce9e,/home/sparsh/Naplam/Bangladesh-UAV-PlantDisease/Test Dataset/Hail damages/TN-418.jpg,Hail damage,TN-418.jpg,1
1fa4c137da0b24997c4dfaeaa2da5223,/home/sparsh/Naplam/Bangladesh-UAV-PlantDisease/Training Dataset/Mixed/TN-1508.jpg,Mixed,TN-1508.jpg,2
edb6332a9c079129d2d1cc709d23bb8d,/home/sparsh/Naplam/Bangladesh-UAV-PlantDisease/Training Dataset/Hail damage/TN-780.jpg,Hail damage,TN-780.jpg,1
b7d27630ca0be6cf59d9aec71ae3b2e9,/home/sparsh/Naplam/Bangladesh-UAV-PlantDisease/Test Dataset/Hail damages/TN-1313.jpg,Hail damage,TN-1313.jpg,1
6013c7d2417f081182186bbc37db9b1b,/home/sparsh/Naplam/Bangladesh-UAV-PlantDisease/Training Dataset/Mixed/TN-1109.jpg,Mixed,TN-1109.jpg,2
d5a2c4affe76ce85fac563b83af9999b,/home/sparsh/Naplam/Bangladesh-UAV-PlantDisease/Training Dataset/Cotton Bollworm Infestation/TN-271.jpg,Cotton Bollworm Infestation,TN-271.jpg,0
c7c08041af3afe3ed53cf99ce1d4b368,/home/sparsh/Naplam/Bangladesh-UAV-PlantDisease/Training Dataset/Mixed/TN-2116.jpg,Mixed,TN-2116.jpg,2
6d0b105528cd8370f6f76133ecfa36a1,/home/sparsh/Naplam/Bangladesh-UAV-PlantDisease/Training Dataset/Root Damage/TN-418.jpg,Root Damage,TN-418.jpg,3
c8684c1b139ff98ede4a8ce0fc81026b,/home/sparsh/Naplam/Bangladesh-UAV-PlantDisease/Training Dataset/Mixed/TN-2414.jpg,Mixed,TN-2414.jpg,2
67fa21bb0edea862d838ba6c491245ec,/home/sparsh/Naplam/Bangladesh-UAV-PlantDisease/Training Dataset/Hail damage/TN-392.jpg,Hail damage,TN-392.jpg,1
4e528a3d2e8e4ae3e68af5db5cd5cb5b,/home/sparsh/Naplam/Bangladesh-UAV-PlantDisease/Test Dataset/Hail damages/TN-469.jpg,Hail damage,TN-469.jpg,1
1b2855c46f43b3348625d54bb990704c,/home/sparsh/Naplam/Bangladesh-UAV-PlantDisease/Training Dataset/Mixed/TN-1388.jpg,Mixed,TN-1388.jpg,2
384154ea497126758635309ef38ca796,/home/sparsh/Naplam/Bangladesh-UAV-PlantDisease/Test Dataset/Hail damages/TN-2620.jpg,Hail damage,TN-2620.jpg,1
029c20a5f3eded1d3838d82759f0a7d8,/home/sparsh/Naplam/Bangladesh-UAV-PlantDisease/Training Dataset/Mixed/TN-430.jpg,Mixed,TN-430.jpg,2
2ca6b7eaf9a665f0dd9086e82198537a,/home/sparsh/Naplam/Bangladesh-UAV-PlantDisease/Training Dataset/Cotton Bollworm Infestation/TN-408.jpg,Cotton Bollworm Infestation,TN-408.jpg,0
cd8b4fff6eb04feafe86dd943cb8adf5,/home/sparsh/Naplam/Bangladesh-UAV-PlantDisease/Training Dataset/Mixed/TN-1491.jpg,Mixed,TN-1491.jpg,2
3e0ffcf48fe0b0b0333b04c430761ffb,/home/sparsh/Naplam/Bangladesh-UAV-PlantDisease/Training Dataset/Root Damage/TN-308.jpg,Root Damage,TN-308.jpg,3
9104cfbdd7a9672af3be37023a242d9f,/home/sparsh/Naplam/Bangladesh-UAV-PlantDisease/Training Dataset/Hail damage/TN-89.jpg,Hail damage,TN-89.jpg,1
779824955bea9b314f27abcfb4b8baf2,/home/sparsh/Naplam/Bangladesh-UAV-PlantDisease/Training Dataset/Mixed/TN-1932.jpg,Mixed,TN-1932.jpg,2
fcc2570bf6ef206f14a67fca8b9fc1bc,/home/sparsh/Naplam/Bangladesh-UAV-PlantDisease/Training Dataset/Mixed/TN-391.jpg,Mixed,TN-391.jpg,2
520d40e476e116604de5210ddcee5130,/home/sparsh/Naplam/Bangladesh-UAV-PlantDisease/Test Dataset/Hail damages/TN-2228.jpg,Hail damage,TN-2228.jpg,1
c2ec4b79e5d8fae54ca7740aa5ffb7a3,/home/sparsh/Naplam/Bangladesh-UAV-PlantDisease/Training Dataset/Hail damage/TN-811.jpg,Hail damage,TN-811.jpg,1
856ead624e37f45dadf76cbb4ed4f0c3,/home/sparsh/Naplam/Bangladesh-UAV-PlantDisease/Test Dataset/Root Damage/TN-351.jpg,Root Damage,TN-351.jpg,3
9b999d1ca90a564ffe312f8a07676f08,/home/sparsh/Naplam/Bangladesh-UAV-PlantDisease/Test Dataset/Hail damages/TN-1107.jpg,Hail damage,TN-1107.jpg,1
810f2a1281dae9e60351c3ea120da9ea,/home/sparsh/Naplam/Bangladesh-UAV-PlantDisease/Test Dataset/Hail damages/TN-2389.jpg,Hail damage,TN-2389.jpg,1
ece92f9ce8841bed4eafa0123f5cec60,/home/sparsh/Naplam/Bangladesh-UAV-PlantDisease/Training Dataset/Mixed/TN-1717.jpg,Mixed,TN-1717.jpg,2
7d4e47e94f34004c027d6a155dc9bf9d,/home/sparsh/Naplam/Bangladesh-UAV-PlantDisease/Training Dataset/Hail damage/TN-414.jpg,Hail damage,TN-414.jpg,1
a06b773ac8d536fdfe9c16e7150c37f1,/home/sparsh/Naplam/Bangladesh-UAV-PlantDisease/Test Dataset/Hail damages/TN-1220.jpg,Hail damage,TN-1220.jpg,1
797369f69ebc8f2cbacd0154e0ce59a7,/home/sparsh/Naplam/Bangladesh-UAV-PlantDisease/Training Dataset/Mixed/TN-1407.jpg,Mixed,TN-1407.jpg,2
92c06c585e21090186428d4bb188816a,/home/sparsh/Naplam/Bangladesh-UAV-PlantDisease/Test Dataset/Hail damages/TN-2138.jpg,Hail damage,TN-2138.jpg,1
e01221c94b1292292eb9d7d810f1640f,/home/sparsh/Naplam/Bangladesh-UAV-PlantDisease/Training Dataset/Strong-Light Burn/TN-313.jpg,Strong-Light Burn,TN-313.jpg,4
d48fe24979914f9d86457122e4da0414,/home/sparsh/Naplam/Bangladesh-UAV-PlantDisease/Training Dataset/Mixed/TN-1440.jpg,Mixed,TN-1440.jpg,2
8c64f45d507900f0ac909c7219090329,/home/sparsh/Naplam/Bangladesh-UAV-PlantDisease/Training Dataset/Mixed/TN-558.jpg,Mixed,TN-558.jpg,2
f86277a2859bf385bf1ce983abfe94a5,/home/sparsh/Naplam/Bangladesh-UAV-PlantDisease/Training Dataset/Mixed/TN-2405.jpg,Mixed,TN-2405.jpg,2
216fcac0fc60c7c781a342c60bd98a6d,/home/sparsh/Naplam/Bangladesh-UAV-PlantDisease/Test Dataset/Hail damages/TN-2252.jpg,Hail damage,TN-2252.jpg,1
91b7cb4fb711cc1f61e6f01001dbd7aa,/home/sparsh/Naplam/Bangladesh-UAV-PlantDisease/Training Dataset/Strong-Light Burn/TN-590.jpg,Strong-Light Burn,TN-590.jpg,4
f3f38febf306e337cbdb260e46bfc5ab,/home/sparsh/Naplam/Bangladesh-UAV-PlantDisease/Training Dataset/Mixed/TN-1810.jpg,Mixed,TN-1810.jpg,2
ed825118e594d12995525eebf32373ca,/home/sparsh/Naplam/Bangladesh-UAV-PlantDisease/Training Dataset/Strong-Light Burn/TN-386.jpg,Strong-Light Burn,TN-386.jpg,4
f27f0596163c1e6c28287bdc40916122,/home/sparsh/Naplam/Bangladesh-UAV-PlantDisease/Training Dataset/Root Damage/TN-426.jpg,Root Damage,TN-426.jpg,3
bbc43cdab7e2f46ccad7897f64a0fa16,/home/sparsh/Naplam/Bangladesh-UAV-PlantDisease/Training Dataset/Strong-Light Burn/TN-628.jpg,Strong-Light Burn,TN-628.jpg,4
937c614e6ad4a94c32338e6472780c02,/home/sparsh/Naplam/Bangladesh-UAV-PlantDisease/Training Dataset/Strong-Light Burn/TN-557.jpg,Strong-Light Burn,TN-557.jpg,4
dd8649ecb1964729da47314aa0de6e5a,/home/sparsh/Naplam/Bangladesh-UAV-PlantDisease/Test Dataset/Hail damages/TN-500.jpg,Hail damage,TN-500.jpg,1
2d905c88524813f97e63e320715b15f6,/home/sparsh/Naplam/Bangladesh-UAV-PlantDisease/Test Dataset/Root Damage/TN-90.jpg,Root Damage,TN-90.jpg,3
15947342d6c7a36938df90afd85650ba,/home/sparsh/Naplam/Bangladesh-UAV-PlantDisease/Training Dataset/Strong-Light Burn/TN-169.jpg,Strong-Light Burn,TN-169.jpg,4
2e469f7fc8e2fa0a7e0d5d6a221ae270,/home/sparsh/Naplam/Bangladesh-UAV-PlantDisease/Training Dataset/Mixed/TN-841.jpg,Mixed,TN-841.jpg,2
75175016d658f1d54fda7b0100673802,/home/sparsh/Naplam/Bangladesh-UAV-PlantDisease/Training Dataset/Strong-Light Burn/TN-616.jpg,Strong-Light Burn,TN-616.jpg,4
39f955699d38125865f7b26e80115169,/home/sparsh/Naplam/Bangladesh-UAV-PlantDisease/Training Dataset/Root Damage/TN-227.jpg,Root Damage,TN-227.jpg,3
f062167bd4605da01ae6712e721fad8d,/home/sparsh/Naplam/Bangladesh-UAV-PlantDisease/Training Dataset/Hail damage/TN-524.jpg,Hail damage,TN-524.jpg,1
27193d2087a33959678e273dbc6c1f12,/home/sparsh/Naplam/Bangladesh-UAV-PlantDisease/Training Dataset/Mixed/TN-2033.jpg,Mixed,TN-2033.jpg,2
fffd14e2d7505723b0e2d69b75d01b98,/home/sparsh/Naplam/Bangladesh-UAV-PlantDisease/Training Dataset/Mixed/TN-946.jpg,Mixed,TN-946.jpg,2
89bb6a3d98048b481d212054f1004dad,/home/sparsh/Naplam/Bangladesh-UAV-PlantDisease/Training Dataset/Mixed/TN-229.jpg,Mixed,TN-229.jpg,2
6c3d9521149bd2ce828dbcd9a7e19bda,/home/sparsh/Naplam/Bangladesh-UAV-PlantDisease/Training Dataset/Strong-Light Burn/TN-249.jpg,Strong-Light Burn,TN-249.jpg,4
1b411933474b3ef092eb547292d2b5ba,/home/sparsh/Naplam/Bangladesh-UAV-PlantDisease/Training Dataset/Hail damage/TN-187.jpg,Hail damage,TN-187.jpg,1
8d83a4504db48f8e7cb58c2b1fe713e1,/home/sparsh/Naplam/Bangladesh-UAV-PlantDisease/Training Dataset/Root Damage/TN-204.jpg,Root Damage,TN-204.jpg,3
4abc14057f149723e179d52fe3cacb9d,/home/sparsh/Naplam/Bangladesh-UAV-PlantDisease/Test Dataset/Hail damages/TN-2836.jpg,Hail damage,TN-2836.jpg,1
fde4b6b9e5af0a58f94731a1229a2af4,/home/sparsh/Naplam/Bangladesh-UAV-PlantDisease/Training Dataset/Root Damage/TN-146.jpg,Root Damage,TN-146.jpg,3
f8831f56288e3f337f7df84f0d74cb04,/home/sparsh/Naplam/Bangladesh-UAV-PlantDisease/Training Dataset/Cotton Bollworm Infestation/TN-482.jpg,Cotton Bollworm Infestation,TN-482.jpg,0
20ef84b4195dcd288ee4c4e54592aeed,/home/sparsh/Naplam/Bangladesh-UAV-PlantDisease/Test Dataset/Hail damages/TN-2828.jpg,Hail damage,TN-2828.jpg,1
4aaff7c4edd673b477d8da372e931aee,/home/sparsh/Naplam/Bangladesh-UAV-PlantDisease/Training Dataset/Hail damage/TN-816.jpg,Hail damage,TN-816.jpg,1
69cdd69e905755ddac025bf2843ec3de,/home/sparsh/Naplam/Bangladesh-UAV-PlantDisease/Test Dataset/Hail damages/TN-1419.jpg,Hail damage,TN-1419.jpg,1
45ace96d647940d273e4781621d9d1ff,/home/sparsh/Naplam/Bangladesh-UAV-PlantDisease/Test Dataset/Hail damages/TN-2609.jpg,Hail damage,TN-2609.jpg,1
2ef1c1af87a4505f924b728d90cf2538,/home/sparsh/Naplam/Bangladesh-UAV-PlantDisease/Training Dataset/Mixed/TN-1769.jpg,Mixed,TN-1769.jpg,2
4ad0c737ebd415c1aa49078f186ff802,/home/sparsh/Naplam/Bangladesh-UAV-PlantDisease/Training Dataset/Mixed/TN-303.jpg,Mixed,TN-303.jpg,2
e6b574b824c68aceada6b7ebf50bafc4,/home/sparsh/Naplam/Bangladesh-UAV-PlantDisease/Test Dataset/Root Damage/TN-361.jpg,Root Damage,TN-361.jpg,3
45a4a05dcae1114b45791e8a89433c54,/home/sparsh/Naplam/Bangladesh-UAV-PlantDisease/Test Dataset/Hail damages/TN-270.jpg,Hail damage,TN-270.jpg,1
fda93974e5a2f76ba957e953660b5c09,/home/sparsh/Naplam/Bangladesh-UAV-PlantDisease/Training Dataset/Cotton Bollworm Infestation/TN-971.jpg,Cotton Bollworm Infestation,TN-971.jpg,0
c53cfb8d985ee016a740572285f83bd0,/home/sparsh/Naplam/Bangladesh-UAV-PlantDisease/Test Dataset/Hail damages/TN-852.jpg,Hail damage,TN-852.jpg,1
e668b5ab3b2a759fb3e65bf176026c15,/home/sparsh/Naplam/Bangladesh-UAV-PlantDisease/Training Dataset/Strong-Light Burn/TN-267.jpg,Strong-Light Burn,TN-267.jpg,4
b00679ee8de4c27007e4b6c556b536fb,/home/sparsh/Naplam/Bangladesh-UAV-PlantDisease/Test Dataset/Mixed/TN-272.jpg,Mixed,TN-272.jpg,2
a967325db5f06d2fb52a56b6ffb48304,/home/sparsh/Naplam/Bangladesh-UAV-PlantDisease/Training Dataset/Hail damage/TN-207.jpg,Hail damage,TN-207.jpg,1
684dc42e6e8b94cd1745d6ddf7d31f37,/home/sparsh/Naplam/Bangladesh-UAV-PlantDisease/Test Dataset/Hail damages/TN-1955.jpg,Hail damage,TN-1955.jpg,1
4389f842f904a8f3821009b1e9e8f194,/home/sparsh/Naplam/Bangladesh-UAV-PlantDisease/Test Dataset/Hail damages/TN-2688.jpg,Hail damage,TN-2688.jpg,1
6fe22fcc90fac8f25411374f917f85bc,/home/sparsh/Naplam/Bangladesh-UAV-PlantDisease/Test Dataset/Hail damages/TN-1036.jpg,Hail damage,TN-1036.jpg,1
a64a66a9182c192ced791501a0b1e24a,/home/sparsh/Naplam/Bangladesh-UAV-PlantDisease/Training Dataset/Mixed/TN-1158.jpg,Mixed,TN-1158.jpg,2
64f7c5332665e0f125ef955321ca9041,/home/sparsh/Naplam/Bangladesh-UAV-PlantDisease/Training Dataset/Strong-Light Burn/TN-281.jpg,Strong-Light Burn,TN-281.jpg,4
b259f7e3c7d2b865a5748640dca6c89c,/home/sparsh/Naplam/Bangladesh-UAV-PlantDisease/Training Dataset/Cotton Bollworm Infestation/TN-771.jpg,Cotton Bollworm Infestation,TN-771.jpg,0
edf15c1a08e1ba7f26a345b3cffc66bf,/home/sparsh/Naplam/Bangladesh-UAV-PlantDisease/Test Dataset/Hail damages/TN-2127.jpg,Hail damage,TN-2127.jpg,1
8b6834835fbab54386f2bf020ce51449,/home/sparsh/Naplam/Bangladesh-UAV-PlantDisease/Training Dataset/Strong-Light Burn/TN-137.jpg,Strong-Light Burn,TN-137.jpg,4
351d534e3328aecb749dae70653bc4f9,/home/sparsh/Naplam/Bangladesh-UAV-PlantDisease/Training Dataset/Mixed/TN-1332.jpg,Mixed,TN-1332.jpg,2
b9c7a259b5d4611e647c65c960cf44f2,/home/sparsh/Naplam/Bangladesh-UAV-PlantDisease/Test Dataset/Hail damages/TN-1897.jpg,Hail damage,TN-1897.jpg,1
a6eb09581603632e5bfd7ff6b75322c5,/home/sparsh/Naplam/Bangladesh-UAV-PlantDisease/Test Dataset/Hail damages/TN-765.jpg,Hail damage,TN-765.jpg,1
fcc6c13e1b257b2acb469343de924b31,/home/sparsh/Naplam/Bangladesh-UAV-PlantDisease/Training Dataset/Root Damage/TN-174.jpg,Root Damage,TN-174.jpg,3
2f64b3b9cd8fce9f9197141fe12b438d,/home/sparsh/Naplam/Bangladesh-UAV-PlantDisease/Test Dataset/Hail damages/TN-399.jpg,Hail damage,TN-399.jpg,1
3c8cdc08f42a438c04ae9137431ac856,/home/sparsh/Naplam/Bangladesh-UAV-PlantDisease/Test Dataset/Hail damages/TN-1836.jpg,Hail damage,TN-1836.jpg,1
80810ebad5784b7b2209e00141ba8585,/home/sparsh/Naplam/Bangladesh-UAV-PlantDisease/Training Dataset/Mixed/TN-2226.jpg,Mixed,TN-2226.jpg,2
d9c1da0e2e9564ba9a86cc94a07be397,/home/sparsh/Naplam/Bangladesh-UAV-PlantDisease/Training Dataset/Mixed/TN-548.jpg,Mixed,TN-548.jpg,2
4d0a53cf79563a9bba8ae84f6c9458d2,/home/sparsh/Naplam/Bangladesh-UAV-PlantDisease/Test Dataset/Hail damages/TN-940.jpg,Hail damage,TN-940.jpg,1
776f07e6fa2375c5d2839c57a2289496,/home/sparsh/Naplam/Bangladesh-UAV-PlantDisease/Test Dataset/Hail damages/TN-2529.jpg,Hail damage,TN-2529.jpg,1
fe1c3c85f5dd817af8affc46dc55972f,/home/sparsh/Naplam/Bangladesh-UAV-PlantDisease/Training Dataset/Strong-Light Burn/TN-389.jpg,Strong-Light Burn,TN-389.jpg,4
9d5a3f59a82e61a0625eef0fd2a30f78,/home/sparsh/Naplam/Bangladesh-UAV-PlantDisease/Test Dataset/Hail damages/TN-2397.jpg,Hail damage,TN-2397.jpg,1
097648544191be7edd83dde5db607ba7,/home/sparsh/Naplam/Bangladesh-UAV-PlantDisease/Test Dataset/Hail damages/TN-948.jpg,Hail damage,TN-948.jpg,1
0b4165b0348a4b2cf0e60b601348a3b6,/home/sparsh/Naplam/Bangladesh-UAV-PlantDisease/Training Dataset/Mixed/TN-1314.jpg,Mixed,TN-1314.jpg,2
21c57ea57d1eb76395d7bb17b5278bec,/home/sparsh/Naplam/Bangladesh-UAV-PlantDisease/Training Dataset/Strong-Light Burn/TN-372.jpg,Strong-Light Burn,TN-372.jpg,4
e73ca5552cb5c271faf05ec61d7ce584,/home/sparsh/Naplam/Bangladesh-UAV-PlantDisease/Test Dataset/Hail damages/TN-1328.jpg,Hail damage,TN-1328.jpg,1
8280bc93e884205308a01423f76ad79d,/home/sparsh/Naplam/Bangladesh-UAV-PlantDisease/Training Dataset/Mixed/TN-609.jpg,Mixed,TN-609.jpg,2
63617dcfaa4e3af4cb900d4d67e4dcd6,/home/sparsh/Naplam/Bangladesh-UAV-PlantDisease/Training Dataset/Mixed/TN-1411.jpg,Mixed,TN-1411.jpg,2
66f4110c67df425b6d5f13718d9bc579,/home/sparsh/Naplam/Bangladesh-UAV-PlantDisease/Test Dataset/Hail damages/TN-260.jpg,Hail damage,TN-260.jpg,1
9f072ec8489feaa5a76ddc9b3382499d,/home/sparsh/Naplam/Bangladesh-UAV-PlantDisease/Test Dataset/Hail damages/TN-1944.jpg,Hail damage,TN-1944.jpg,1
77eb4efa61fc1116f6e42e9d8812db37,/home/sparsh/Naplam/Bangladesh-UAV-PlantDisease/Test Dataset/Hail damages/TN-1128.jpg,Hail damage,TN-1128.jpg,1
3c3d41ed1e6af81bceb0e96378cea6ba,/home/sparsh/Naplam/Bangladesh-UAV-PlantDisease/Training Dataset/Strong-Light Burn/TN-327.jpg,Strong-Light Burn,TN-327.jpg,4
ea8979ec619f46971696a5718769bb01,/home/sparsh/Naplam/Bangladesh-UAV-PlantDisease/Training Dataset/Root Damage/TN-580.jpg,Root Damage,TN-580.jpg,3
e22a2e58a0f4f339187091aee0f9b464,/home/sparsh/Naplam/Bangladesh-UAV-PlantDisease/Training Dataset/Cotton Bollworm Infestation/TN-747.jpg,Cotton Bollworm Infestation,TN-747.jpg,0
19d7a78fdfeb4951b709ed5ad5f9f15b,/home/sparsh/Naplam/Bangladesh-UAV-PlantDisease/Training Dataset/Hail damage/TN-473.jpg,Hail damage,TN-473.jpg,1
bd808e4ed437741dbce66ce18fb5e161,/home/sparsh/Naplam/Bangladesh-UAV-PlantDisease/Training Dataset/Cotton Bollworm Infestation/TN-306.jpg,Cotton Bollworm Infestation,TN-306.jpg,0
166c020b6d4e1c661aa3fb83eef39c89,/home/sparsh/Naplam/Bangladesh-UAV-PlantDisease/Training Dataset/Hail damage/TN-830.jpg,Hail damage,TN-830.jpg,1
d3fa47ce0107afd54b648f538c48e804,/home/sparsh/Naplam/Bangladesh-UAV-PlantDisease/Training Dataset/Cotton Bollworm Infestation/TN-603.jpg,Cotton Bollworm Infestation,TN-603.jpg,0
b75f7c09f05a6f4b16ef7e2620d1c245,/home/sparsh/Naplam/Bangladesh-UAV-PlantDisease/Training Dataset/Root Damage/TN-835.jpg,Root Damage,TN-835.jpg,3
f002c14343f7acb7ae83c82c51b7030c,/home/sparsh/Naplam/Bangladesh-UAV-PlantDisease/Training Dataset/Mixed/TN-1177.jpg,Mixed,TN-1177.jpg,2
d2c2ad2d7ace1767ed4f04766cd643d0,/home/sparsh/Naplam/Bangladesh-UAV-PlantDisease/Training Dataset/Hail damage/TN-434.jpg,Hail damage,TN-434.jpg,1
737041a613088b60a3821ad685f420a0,/home/sparsh/Naplam/Bangladesh-UAV-PlantDisease/Training Dataset/Mixed/TN-1821.jpg,Mixed,TN-1821.jpg,2
bb9a275105adf550b6448e399c162057,/home/sparsh/Naplam/Bangladesh-UAV-PlantDisease/Test Dataset/Hail damages/TN-2328.jpg,Hail damage,TN-2328.jpg,1
79ebee246fbc2baa5d7c101f2521efb2,/home/sparsh/Naplam/Bangladesh-UAV-PlantDisease/Training Dataset/Root Damage/TN-642.jpg,Root Damage,TN-642.jpg,3
b71d00de01e1ae607d8c1dda8b17ee42,/home/sparsh/Naplam/Bangladesh-UAV-PlantDisease/Test Dataset/Hail damages/TN-2652.jpg,Hail damage,TN-2652.jpg,1
b307ba146b3cefc6fb0d4c8b9ca588b0,/home/sparsh/Naplam/Bangladesh-UAV-PlantDisease/Test Dataset/Hail damages/TN-1035.jpg,Hail damage,TN-1035.jpg,1
c5e33ff9adb97ab2fbe38ab8940b63c5,/home/sparsh/Naplam/Bangladesh-UAV-PlantDisease/Training Dataset/Mixed/TN-1101.jpg,Mixed,TN-1101.jpg,2
27c2859d3a4d29d7d9d40c6aab5eed62,/home/sparsh/Naplam/Bangladesh-UAV-PlantDisease/Training Dataset/Hail damage/TN-486.jpg,Hail damage,TN-486.jpg,1
221c0f40430ea922c0273111440b803f,/home/sparsh/Naplam/Bangladesh-UAV-PlantDisease/Training Dataset/Root Damage/TN-652.jpg,Root Damage,TN-652.jpg,3
3d629bc283be17e6c87a588c87c289bb,/home/sparsh/Naplam/Bangladesh-UAV-PlantDisease/Training Dataset/Cotton Bollworm Infestation/TN-793.jpg,Cotton Bollworm Infestation,TN-793.jpg,0
8be0ab0f0289c5a3d793648a0d291ecf,/home/sparsh/Naplam/Bangladesh-UAV-PlantDisease/Training Dataset/Hail damage/TN-375.jpg,Hail damage,TN-375.jpg,1
a8bd4d7eafb4a381d6e43a0a1c4cfc66,/home/sparsh/Naplam/Bangladesh-UAV-PlantDisease/Training Dataset/Root Damage/TN-840.jpg,Root Damage,TN-840.jpg,3
82eb5e37174b2d0d1fb9dc64e8b6be3f,/home/sparsh/Naplam/Bangladesh-UAV-PlantDisease/Training Dataset/Mixed/TN-1302.jpg,Mixed,TN-1302.jpg,2
ea4d54399ad267199d1d041fe30b39c8,/home/sparsh/Naplam/Bangladesh-UAV-PlantDisease/Test Dataset/Cotton Bollworm Infestation/TN-244.jpg,Cotton Bollworm Infestation,TN-244.jpg,0
66b1ed61fed96309a3eee39f61f70b9b,/home/sparsh/Naplam/Bangladesh-UAV-PlantDisease/Training Dataset/Mixed/TN-735.jpg,Mixed,TN-735.jpg,2
4270ddb91b72a6fbacae0e472f99e469,/home/sparsh/Naplam/Bangladesh-UAV-PlantDisease/Test Dataset/Mixed/TN-140.jpg,Mixed,TN-140.jpg,2
aa3a2496592194ed71cebfe266c7dc24,/home/sparsh/Naplam/Bangladesh-UAV-PlantDisease/Training Dataset/Root Damage/TN-1.jpg,Root Damage,TN-1.jpg,3
d2312450906e8bfede7c147285c7d92f,/home/sparsh/Naplam/Bangladesh-UAV-PlantDisease/Training Dataset/Mixed/TN-1091.jpg,Mixed,TN-1091.jpg,2
237f11aea108f2adfe20752faddf5529,/home/sparsh/Naplam/Bangladesh-UAV-PlantDisease/Test Dataset/Hail damages/TN-2897.jpg,Hail damage,TN-2897.jpg,1
6599533ebfa46e86862da82b6648cfda,/home/sparsh/Naplam/Bangladesh-UAV-PlantDisease/Training Dataset/Hail damage/TN-731.jpg,Hail damage,TN-731.jpg,1
b45d717838d4a6286b9b90746716b946,/home/sparsh/Naplam/Bangladesh-UAV-PlantDisease/Training Dataset/Cotton Bollworm Infestation/TN-763.jpg,Cotton Bollworm Infestation,TN-763.jpg,0
49ea4222741290e053ce35dff2cdd917,/home/sparsh/Naplam/Bangladesh-UAV-PlantDisease/Test Dataset/Hail damages/TN-1089.jpg,Hail damage,TN-1089.jpg,1
de55b96da644a590b05d7e1e032f928c,/home/sparsh/Naplam/Bangladesh-UAV-PlantDisease/Training Dataset/Mixed/TN-355.jpg,Mixed,TN-355.jpg,2
a178eb71ec90cdb425608217dc7c5b3f,/home/sparsh/Naplam/Bangladesh-UAV-PlantDisease/Training Dataset/Mixed/TN-1772.jpg,Mixed,TN-1772.jpg,2
dbd0f59cfc84db69a1591e930ce3320b,/home/sparsh/Naplam/Bangladesh-UAV-PlantDisease/Training Dataset/Mixed/TN-465.jpg,Mixed,TN-465.jpg,2
83efb96023e8612a86f0e86bf7d796f6,/home/sparsh/Naplam/Bangladesh-UAV-PlantDisease/Test Dataset/Hail damages/TN-1100.jpg,Hail damage,TN-1100.jpg,1
9f643796ce4aba7b79a601e3584c0104,/home/sparsh/Naplam/Bangladesh-UAV-PlantDisease/Training Dataset/Mixed/TN-305.jpg,Mixed,TN-305.jpg,2
da3955f7c50ba8e68074d409fdccb5a9,/home/sparsh/Naplam/Bangladesh-UAV-PlantDisease/Test Dataset/Hail damages/TN-2400.jpg,Hail damage,TN-2400.jpg,1
2d3c47fe7aa41220e81c3b6f3a35c6c2,/home/sparsh/Naplam/Bangladesh-UAV-PlantDisease/Test Dataset/Hail damages/TN-406.jpg,Hail damage,TN-406.jpg,1
773444c2968b4e2367ca3cb5c23fc842,/home/sparsh/Naplam/Bangladesh-UAV-PlantDisease/Training Dataset/Mixed/TN-1702.jpg,Mixed,TN-1702.jpg,2
af82f8bff607b04da91b09a562a32c60,/home/sparsh/Naplam/Bangladesh-UAV-PlantDisease/Test Dataset/Hail damages/TN-592.jpg,Hail damage,TN-592.jpg,1
aac308053744f7eed26b8d1c9ecf98d2,/home/sparsh/Naplam/Bangladesh-UAV-PlantDisease/Test Dataset/Hail damages/TN-2280.jpg,Hail damage,TN-2280.jpg,1
4b57014902f1b26e2bc34ab2b1c1fa65,/home/sparsh/Naplam/Bangladesh-UAV-PlantDisease/Training Dataset/Hail damage/TN-62.jpg,Hail damage,TN-62.jpg,1
d3d2a78161db4a64dc985942597094af,/home/sparsh/Naplam/Bangladesh-UAV-PlantDisease/Test Dataset/Hail damages/TN-1539.jpg,Hail damage,TN-1539.jpg,1
36f80622b7b1a1fe3e31ea05a8299911,/home/sparsh/Naplam/Bangladesh-UAV-PlantDisease/Test Dataset/Hail damages/TN-2148.jpg,Hail damage,TN-2148.jpg,1
8a0065eac4a05a4173d5454a96e326e3,/home/sparsh/Naplam/Bangladesh-UAV-PlantDisease/Test Dataset/Cotton Bollworm Infestation/TN-220.jpg,Cotton Bollworm Infestation,TN-220.jpg,0
f9ab07b7ca3a79ae3714fdf62aa49395,/home/sparsh/Naplam/Bangladesh-UAV-PlantDisease/Test Dataset/Hail damages/TN-986.jpg,Hail damage,TN-986.jpg,1
13eb4abb12529969fdd2b089f4324594,/home/sparsh/Naplam/Bangladesh-UAV-PlantDisease/Training Dataset/Mixed/TN-109.jpg,Mixed,TN-109.jpg,2
67b0fc2eb694f3c631407dae5ea06e29,/home/sparsh/Naplam/Bangladesh-UAV-PlantDisease/Training Dataset/Mixed/TN-865.jpg,Mixed,TN-865.jpg,2
f55746de12944efabf04668c2f00af97,/home/sparsh/Naplam/Bangladesh-UAV-PlantDisease/Training Dataset/Cotton Bollworm Infestation/TN-501.jpg,Cotton Bollworm Infestation,TN-501.jpg,0
4cc8ed71fabf85cc4e59236b8437fb6f,/home/sparsh/Naplam/Bangladesh-UAV-PlantDisease/Training Dataset/Cotton Bollworm Infestation/TN-37.jpg,Cotton Bollworm Infestation,TN-37.jpg,0
a817ca210197d276c7ee79e55d93abaf,/home/sparsh/Naplam/Bangladesh-UAV-PlantDisease/Training Dataset/Hail damage/TN-769.jpg,Hail damage,TN-769.jpg,1
aaf449ee653844fe238f666a6827af15,/home/sparsh/Naplam/Bangladesh-UAV-PlantDisease/Test Dataset/Hail damages/TN-1197.jpg,Hail damage,TN-1197.jpg,1
01ff490c51f80824f3d55b55cbce0d38,/home/sparsh/Naplam/Bangladesh-UAV-PlantDisease/Training Dataset/Cotton Bollworm Infestation/TN-288.jpg,Cotton Bollworm Infestation,TN-288.jpg,0
bdbf965a1de6312c21dcfe917e265bbf,/home/sparsh/Naplam/Bangladesh-UAV-PlantDisease/Training Dataset/Mixed/TN-231.jpg,Mixed,TN-231.jpg,2
651084628b42c94c29cfee3aeee981ed,/home/sparsh/Naplam/Bangladesh-UAV-PlantDisease/Test Dataset/Hail damages/TN-1535.jpg,Hail damage,TN-1535.jpg,1
69a471706464b632fa42ca7cdfbfb898,/home/sparsh/Naplam/Bangladesh-UAV-PlantDisease/Test Dataset/Hail damages/TN-1480.jpg,Hail damage,TN-1480.jpg,1
7e05c5ead4c8e22267bb4ed711b274c1,/home/sparsh/Naplam/Bangladesh-UAV-PlantDisease/Training Dataset/Strong-Light Burn/TN-113.jpg,Strong-Light Burn,TN-113.jpg,4
9833bb637c1f7c4cedc10f8c90b027ce,/home/sparsh/Naplam/Bangladesh-UAV-PlantDisease/Test Dataset/Hail damages/TN-2768.jpg,Hail damage,TN-2768.jpg,1
3a9291a75b55b18588ff8bf40c59fb3d,/home/sparsh/Naplam/Bangladesh-UAV-PlantDisease/Test Dataset/Hail damages/TN-2566.jpg,Hail damage,TN-2566.jpg,1
08334b4120a7d9dd1ce5b4bf09e313c8,/home/sparsh/Naplam/Bangladesh-UAV-PlantDisease/Training Dataset/Cotton Bollworm Infestation/TN-774.jpg,Cotton Bollworm Infestation,TN-774.jpg,0
39b416fd9b9d2d53a1009d8e6c65cacb,/home/sparsh/Naplam/Bangladesh-UAV-PlantDisease/Training Dataset/Hail damage/TN-393.jpg,Hail damage,TN-393.jpg,1
5e9ff8ec93031599b98760c269279363,/home/sparsh/Naplam/Bangladesh-UAV-PlantDisease/Training Dataset/Mixed/TN-900.jpg,Mixed,TN-900.jpg,2
43f793e1c6dd9669500d86923703c3d0,/home/sparsh/Naplam/Bangladesh-UAV-PlantDisease/Test Dataset/Hail damages/TN-1805.jpg,Hail damage,TN-1805.jpg,1
f507eeb888347beefbfa11fbe51ad89b,/home/sparsh/Naplam/Bangladesh-UAV-PlantDisease/Training Dataset/Mixed/TN-2135.jpg,Mixed,TN-2135.jpg,2
c13769780a07c15401d67f607ce48620,/home/sparsh/Naplam/Bangladesh-UAV-PlantDisease/Training Dataset/Strong-Light Burn/TN-379.jpg,Strong-Light Burn,TN-379.jpg,4
d1df3532da1b314d5da6b9554e6f153d,/home/sparsh/Naplam/Bangladesh-UAV-PlantDisease/Training Dataset/Hail damage/TN-151.jpg,Hail damage,TN-151.jpg,1
ca5c46555f6bfeeda149aea9f6c88662,/home/sparsh/Naplam/Bangladesh-UAV-PlantDisease/Training Dataset/Mixed/TN-1218.jpg,Mixed,TN-1218.jpg,2
b15bd6390cd812c07235f1dd3b4c5192,/home/sparsh/Naplam/Bangladesh-UAV-PlantDisease/Training Dataset/Mixed/TN-1150.jpg,Mixed,TN-1150.jpg,2
60277c605b0e1a45d53dbdd34fabf66c,/home/sparsh/Naplam/Bangladesh-UAV-PlantDisease/Training Dataset/Mixed/TN-91.jpg,Mixed,TN-91.jpg,2
bda85d4cb8a8bccc09cf9f88dcdfe4af,/home/sparsh/Naplam/Bangladesh-UAV-PlantDisease/Test Dataset/Hail damages/TN-1258.jpg,Hail damage,TN-1258.jpg,1
d42093b1b69ab42f5b6401fbc81b4d74,/home/sparsh/Naplam/Bangladesh-UAV-PlantDisease/Test Dataset/Hail damages/TN-777.jpg,Hail damage,TN-777.jpg,1
d692b23b4f8b1d6c77dfd0aa975b4ad4,/home/sparsh/Naplam/Bangladesh-UAV-PlantDisease/Training Dataset/Cotton Bollworm Infestation/TN-279.jpg,Cotton Bollworm Infestation,TN-279.jpg,0
18598bb6be826a4021d6a80dba5f25cf,/home/sparsh/Naplam/Bangladesh-UAV-PlantDisease/Training Dataset/Mixed/TN-1862.jpg,Mixed,TN-1862.jpg,2
fb379d4af2a7b23738823dd236b3fcf7,/home/sparsh/Naplam/Bangladesh-UAV-PlantDisease/Training Dataset/Mixed/TN-2029.jpg,Mixed,TN-2029.jpg,2
a971f6a4833cf6255272e503e24d6224,/home/sparsh/Naplam/Bangladesh-UAV-PlantDisease/Training Dataset/Hail damage/TN-496.jpg,Hail damage,TN-496.jpg,1
323aa8cb65f0cf6a5cec3137385ebfe5,/home/sparsh/Naplam/Bangladesh-UAV-PlantDisease/Training Dataset/Cotton Bollworm Infestation/TN-1054.jpg,Cotton Bollworm Infestation,TN-1054.jpg,0
5e352c7a51513610b91fa20d009ac2dd,/home/sparsh/Naplam/Bangladesh-UAV-PlantDisease/Training Dataset/Mixed/TN-1683.jpg,Mixed,TN-1683.jpg,2
b43601ee040a7fc97abc8b0fa622dffa,/home/sparsh/Naplam/Bangladesh-UAV-PlantDisease/Test Dataset/Hail damages/TN-518.jpg,Hail damage,TN-518.jpg,1
2a34409822b11b6e0b41f320daa0ffca,/home/sparsh/Naplam/Bangladesh-UAV-PlantDisease/Test Dataset/Hail damages/TN-2313.jpg,Hail damage,TN-2313.jpg,1
8bf4dbc4a6ca1e512e251c09892ad512,/home/sparsh/Naplam/Bangladesh-UAV-PlantDisease/Training Dataset/Root Damage/TN-78.jpg,Root Damage,TN-78.jpg,3
e050732c2399655eb18bd317569be7d7,/home/sparsh/Naplam/Bangladesh-UAV-PlantDisease/Training Dataset/Mixed/TN-1291.jpg,Mixed,TN-1291.jpg,2
99cc5ca27d057aca4f36eb8bbd03510b,/home/sparsh/Naplam/Bangladesh-UAV-PlantDisease/Training Dataset/Root Damage/TN-133.jpg,Root Damage,TN-133.jpg,3
24f46baf298463bdc196d5116554a50b,/home/sparsh/Naplam/Bangladesh-UAV-PlantDisease/Training Dataset/Mixed/TN-1827.jpg,Mixed,TN-1827.jpg,2
1813693a571718aac9d79e5a059e6060,/home/sparsh/Naplam/Bangladesh-UAV-PlantDisease/Training Dataset/Mixed/TN-577.jpg,Mixed,TN-577.jpg,2
6d9f96a10c8b72e4b712510b160daf02,/home/sparsh/Naplam/Bangladesh-UAV-PlantDisease/Training Dataset/Cotton Bollworm Infestation/TN-859.jpg,Cotton Bollworm Infestation,TN-859.jpg,0
f788679a144c34a7cf4dd6d57c37decd,/home/sparsh/Naplam/Bangladesh-UAV-PlantDisease/Training Dataset/Mixed/TN-2211.jpg,Mixed,TN-2211.jpg,2
8c2ee15ad9fec8baea68d979631b8e62,/home/sparsh/Naplam/Bangladesh-UAV-PlantDisease/Test Dataset/Hail damages/TN-2803.jpg,Hail damage,TN-2803.jpg,1
78661b204a45887fae617e1d1c202074,/home/sparsh/Naplam/Bangladesh-UAV-PlantDisease/Training Dataset/Cotton Bollworm Infestation/TN-90.jpg,Cotton Bollworm Infestation,TN-90.jpg,0
9e03f2fc26e96155094400dd0b3c201b,/home/sparsh/Naplam/Bangladesh-UAV-PlantDisease/Training Dataset/Cotton Bollworm Infestation/TN-343.jpg,Cotton Bollworm Infestation,TN-343.jpg,0
33d9b06202b3564856319cfcec5e5665,/home/sparsh/Naplam/Bangladesh-UAV-PlantDisease/Training Dataset/Mixed/TN-166.jpg,Mixed,TN-166.jpg,2
7356a55f31daaf945c96537ea032015a,/home/sparsh/Naplam/Bangladesh-UAV-PlantDisease/Test Dataset/Hail damages/TN-405.jpg,Hail damage,TN-405.jpg,1
3136d6bcc5120b17a1c5ce071e9acaa9,/home/sparsh/Naplam/Bangladesh-UAV-PlantDisease/Training Dataset/Root Damage/TN-446.jpg,Root Damage,TN-446.jpg,3
e63e6e0aa559718aa8118c883377dff2,/home/sparsh/Naplam/Bangladesh-UAV-PlantDisease/Training Dataset/Mixed/TN-1358.jpg,Mixed,TN-1358.jpg,2
8f50ebf774cd9205440f0642e271bd1e,/home/sparsh/Naplam/Bangladesh-UAV-PlantDisease/Training Dataset/Cotton Bollworm Infestation/TN-629.jpg,Cotton Bollworm Infestation,TN-629.jpg,0
a9b0fcb149d6478e1a1fdd962a31861c,/home/sparsh/Naplam/Bangladesh-UAV-PlantDisease/Test Dataset/Hail damages/TN-1580.jpg,Hail damage,TN-1580.jpg,1
7dc8f89ceeabc08f324ede9327a03c7a,/home/sparsh/Naplam/Bangladesh-UAV-PlantDisease/Training Dataset/Mixed/TN-1968.jpg,Mixed,TN-1968.jpg,2
7361714df86dbad60c433a4a080af217,/home/sparsh/Naplam/Bangladesh-UAV-PlantDisease/Training Dataset/Mixed/TN-1548.jpg,Mixed,TN-1548.jpg,2
0cf22af78ec5deff0f077e51bb52e132,/home/sparsh/Naplam/Bangladesh-UAV-PlantDisease/Training Dataset/Mixed/TN-1982.jpg,Mixed,TN-1982.jpg,2
48453bc96066e2f43939f3daa8f3f314,/home/sparsh/Naplam/Bangladesh-UAV-PlantDisease/Training Dataset/Cotton Bollworm Infestation/TN-826.jpg,Cotton Bollworm Infestation,TN-826.jpg,0
bdaafb2044225f92f266bf48204b5894,/home/sparsh/Naplam/Bangladesh-UAV-PlantDisease/Training Dataset/Strong-Light Burn/TN-464.jpg,Strong-Light Burn,TN-464.jpg,4
c7d0be4a3af227f18be116f03c1ab95c,/home/sparsh/Naplam/Bangladesh-UAV-PlantDisease/Training Dataset/Strong-Light Burn/TN-301.jpg,Strong-Light Burn,TN-301.jpg,4
25ce61248d36d0f872facf5d4b53de7c,/home/sparsh/Naplam/Bangladesh-UAV-PlantDisease/Test Dataset/Hail damages/TN-2876.jpg,Hail damage,TN-2876.jpg,1
fdb5d3f7c857b2b3d340e6d68f8f4449,/home/sparsh/Naplam/Bangladesh-UAV-PlantDisease/Training Dataset/Mixed/TN-30.jpg,Mixed,TN-30.jpg,2
c7fd72bfe838d9b3a4f358cc46e0de1e,/home/sparsh/Naplam/Bangladesh-UAV-PlantDisease/Training Dataset/Root Damage/TN-790.jpg,Root Damage,TN-790.jpg,3
e68b6f098198d8b840c1d0524ac38ffb,/home/sparsh/Naplam/Bangladesh-UAV-PlantDisease/Training Dataset/Mixed/TN-648.jpg,Mixed,TN-648.jpg,2
82be549b7ebd12a1a41b9c686440b81a,/home/sparsh/Naplam/Bangladesh-UAV-PlantDisease/Test Dataset/Hail damages/TN-1601.jpg,Hail damage,TN-1601.jpg,1
3c8ecc5c2f9fa1f4966880f15b378f6b,/home/sparsh/Naplam/Bangladesh-UAV-PlantDisease/Test Dataset/Hail damages/TN-1067.jpg,Hail damage,TN-1067.jpg,1
dec86a86afb7138a305b4f77cc3c35fd,/home/sparsh/Naplam/Bangladesh-UAV-PlantDisease/Training Dataset/Cotton Bollworm Infestation/TN-916.jpg,Cotton Bollworm Infestation,TN-916.jpg,0
04a488959adbc3f7c7ee1ac02476814f,/home/sparsh/Naplam/Bangladesh-UAV-PlantDisease/Training Dataset/Mixed/TN-1820.jpg,Mixed,TN-1820.jpg,2
0a7c9b12c0264cbf5b009d74d17392b8,/home/sparsh/Naplam/Bangladesh-UAV-PlantDisease/Test Dataset/Hail damages/TN-1697.jpg,Hail damage,TN-1697.jpg,1
3522a504d1af40b58816c80691f69a60,/home/sparsh/Naplam/Bangladesh-UAV-PlantDisease/Training Dataset/Root Damage/TN-394.jpg,Root Damage,TN-394.jpg,3
cbdd4bf26bc55125b9d07760984bf46e,/home/sparsh/Naplam/Bangladesh-UAV-PlantDisease/Training Dataset/Cotton Bollworm Infestation/TN-305.jpg,Cotton Bollworm Infestation,TN-305.jpg,0
3c48f9def7c9ad37211837517d3336a8,/home/sparsh/Naplam/Bangladesh-UAV-PlantDisease/Training Dataset/Root Damage/TN-823.jpg,Root Damage,TN-823.jpg,3
b1f28208e9f3194c6fe96697f04b9c2f,/home/sparsh/Naplam/Bangladesh-UAV-PlantDisease/Training Dataset/Hail damage/TN-332.jpg,Hail damage,TN-332.jpg,1
438f6195047d59044ca9b35e80e98b8f,/home/sparsh/Naplam/Bangladesh-UAV-PlantDisease/Training Dataset/Hail damage/TN-271.jpg,Hail damage,TN-271.jpg,1
a960eceeb08514f805d951249e820091,/home/sparsh/Naplam/Bangladesh-UAV-PlantDisease/Training Dataset/Mixed/TN-970.jpg,Mixed,TN-970.jpg,2
c17b235792c97fc875c554d98bb8d349,/home/sparsh/Naplam/Bangladesh-UAV-PlantDisease/Training Dataset/Mixed/TN-344.jpg,Mixed,TN-344.jpg,2
536f0f7dff33b1b20d2ab9e2a7b05765,/home/sparsh/Naplam/Bangladesh-UAV-PlantDisease/Training Dataset/Root Damage/TN-501.jpg,Root Damage,TN-501.jpg,3
11252112382d1bbc572ab83099de61c0,/home/sparsh/Naplam/Bangladesh-UAV-PlantDisease/Training Dataset/Cotton Bollworm Infestation/TN-460.jpg,Cotton Bollworm Infestation,TN-460.jpg,0
b0106e923f5d900164a3aa5ff1105db1,/home/sparsh/Naplam/Bangladesh-UAV-PlantDisease/Training Dataset/Cotton Bollworm Infestation/TN-552.jpg,Cotton Bollworm Infestation,TN-552.jpg,0
9142eabb34f4f73d3d86c4d45d1eae40,/home/sparsh/Naplam/Bangladesh-UAV-PlantDisease/Training Dataset/Root Damage/TN-456.jpg,Root Damage,TN-456.jpg,3
969f455eb1c6538fb596d05dbc66dc46,/home/sparsh/Naplam/Bangladesh-UAV-PlantDisease/Training Dataset/Mixed/TN-1207.jpg,Mixed,TN-1207.jpg,2
b2b56890b356a85a071cb63db895f167,/home/sparsh/Naplam/Bangladesh-UAV-PlantDisease/Test Dataset/Hail damages/TN-2710.jpg,Hail damage,TN-2710.jpg,1
a5f645be9c23369c36f59169a0c7948a,/home/sparsh/Naplam/Bangladesh-UAV-PlantDisease/Training Dataset/Mixed/TN-1557.jpg,Mixed,TN-1557.jpg,2
f79bf90c69da5b33713441ccd991d05c,/home/sparsh/Naplam/Bangladesh-UAV-PlantDisease/Training Dataset/Mixed/TN-2331.jpg,Mixed,TN-2331.jpg,2
0482710026cc222a11d71894bb9685d6,/home/sparsh/Naplam/Bangladesh-UAV-PlantDisease/Training Dataset/Root Damage/TN-35.jpg,Root Damage,TN-35.jpg,3
7dacccbb6a8eb01355e4ee470bf0913a,/home/sparsh/Naplam/Bangladesh-UAV-PlantDisease/Training Dataset/Strong-Light Burn/TN-508.jpg,Strong-Light Burn,TN-508.jpg,4
e5dabd44bb00a80e1ed4fe75ba545ae1,/home/sparsh/Naplam/Bangladesh-UAV-PlantDisease/Training Dataset/Cotton Bollworm Infestation/TN-19.jpg,Cotton Bollworm Infestation,TN-19.jpg,0
740feb9e715eb0609e9daf489e7f894d,/home/sparsh/Naplam/Bangladesh-UAV-PlantDisease/Training Dataset/Mixed/TN-1084.jpg,Mixed,TN-1084.jpg,2
cd101b702566cac0657068230afda6a5,/home/sparsh/Naplam/Bangladesh-UAV-PlantDisease/Test Dataset/Hail damages/TN-2298.jpg,Hail damage,TN-2298.jpg,1
ee18fff3cd2591bbf9691a8688ae2876,/home/sparsh/Naplam/Bangladesh-UAV-PlantDisease/Training Dataset/Cotton Bollworm Infestation/TN-624.jpg,Cotton Bollworm Infestation,TN-624.jpg,0
f4b99dde9e04de0686181761ce4071b5,/home/sparsh/Naplam/Bangladesh-UAV-PlantDisease/Training Dataset/Cotton Bollworm Infestation/TN-56.jpg,Cotton Bollworm Infestation,TN-56.jpg,0
391aa6d9c536610712084c574463c8eb,/home/sparsh/Naplam/Bangladesh-UAV-PlantDisease/Test Dataset/Hail damages/TN-787.jpg,Hail damage,TN-787.jpg,1
d07536c96726ec3755d006068a82307f,/home/sparsh/Naplam/Bangladesh-UAV-PlantDisease/Training Dataset/Mixed/TN-1441.jpg,Mixed,TN-1441.jpg,2
9796b33fd44bde52cd9c570299f4dd16,/home/sparsh/Naplam/Bangladesh-UAV-PlantDisease/Training Dataset/Hail damage/TN-363.jpg,Hail damage,TN-363.jpg,1
2d9bbfd6e899c74a71bc523f939fcaa1,/home/sparsh/Naplam/Bangladesh-UAV-PlantDisease/Test Dataset/Hail damages/TN-1076.jpg,Hail damage,TN-1076.jpg,1
2b38a9df19640e28027796e4003541a8,/home/sparsh/Naplam/Bangladesh-UAV-PlantDisease/Test Dataset/Cotton Bollworm Infestation/TN-123.jpg,Cotton Bollworm Infestation,TN-123.jpg,0
7b4e6f2362f1f89cd2d8e32757b78bf9,/home/sparsh/Naplam/Bangladesh-UAV-PlantDisease/Training Dataset/Hail damage/TN-213.jpg,Hail damage,TN-213.jpg,1
249602fa9535f960d901882cf1f35096,/home/sparsh/Naplam/Bangladesh-UAV-PlantDisease/Training Dataset/Strong-Light Burn/TN-490.jpg,Strong-Light Burn,TN-490.jpg,4
d18886770f3d3686c57bc66d2657d436,/home/sparsh/Naplam/Bangladesh-UAV-PlantDisease/Training Dataset/Mixed/TN-1783.jpg,Mixed,TN-1783.jpg,2
04d690bf2b45075551ec7926fe189d53,/home/sparsh/Naplam/Bangladesh-UAV-PlantDisease/Test Dataset/Hail damages/TN-2629.jpg,Hail damage,TN-2629.jpg,1
511cc48e881d526522af0cee86811f70,/home/sparsh/Naplam/Bangladesh-UAV-PlantDisease/Training Dataset/Hail damage/TN-361.jpg,Hail damage,TN-361.jpg,1
be4c4838abb80f069f60b5a7d0cff24a,/home/sparsh/Naplam/Bangladesh-UAV-PlantDisease/Training Dataset/Hail damage/TN-35.jpg,Hail damage,TN-35.jpg,1
3ad30f7c5b0f6c8ec4737d21c857b6ca,/home/sparsh/Naplam/Bangladesh-UAV-PlantDisease/Test Dataset/Cotton Bollworm Infestation/TN-330.jpg,Cotton Bollworm Infestation,TN-330.jpg,0
b5bcb55c0fcf48ad8872550451f63c87,/home/sparsh/Naplam/Bangladesh-UAV-PlantDisease/Test Dataset/Hail damages/TN-1525.jpg,Hail damage,TN-1525.jpg,1
978bb554136f1ad5f9aec8ae21b204a4,/home/sparsh/Naplam/Bangladesh-UAV-PlantDisease/Training Dataset/Hail damage/TN-134.jpg,Hail damage,TN-134.jpg,1
031a7c5b7472faa7df191374f2823b10,/home/sparsh/Naplam/Bangladesh-UAV-PlantDisease/Training Dataset/Mixed/TN-309.jpg,Mixed,TN-309.jpg,2
33550bb94fac9a5ea9dc8d568e076429,/home/sparsh/Naplam/Bangladesh-UAV-PlantDisease/Test Dataset/Hail damages/TN-250.jpg,Hail damage,TN-250.jpg,1
957600b3ac9a30f13cd2ff1d0b13f676,/home/sparsh/Naplam/Bangladesh-UAV-PlantDisease/Training Dataset/Cotton Bollworm Infestation/TN-727.jpg,Cotton Bollworm Infestation,TN-727.jpg,0
34db5d07a6e146de7375932b4758f25b,/home/sparsh/Naplam/Bangladesh-UAV-PlantDisease/Training Dataset/Hail damage/TN-8.jpg,Hail damage,TN-8.jpg,1
033b308ecf381bc3f9bd8e8542522694,/home/sparsh/Naplam/Bangladesh-UAV-PlantDisease/Training Dataset/Mixed/TN-695.jpg,Mixed,TN-695.jpg,2
aac7dfeb434a3dd588f433fae062a58a,/home/sparsh/Naplam/Bangladesh-UAV-PlantDisease/Training Dataset/Mixed/TN-1523.jpg,Mixed,TN-1523.jpg,2
50e467003191455f96784fb52b3c05b7,/home/sparsh/Naplam/Bangladesh-UAV-PlantDisease/Test Dataset/Mixed/TN-170.jpg,Mixed,TN-170.jpg,2
9638c4de3baaa1f8036e27937a6ac631,/home/sparsh/Naplam/Bangladesh-UAV-PlantDisease/Test Dataset/Hail damages/TN-2399.jpg,Hail damage,TN-2399.jpg,1
be9d56960af12a5fe9ca64288b008017,/home/sparsh/Naplam/Bangladesh-UAV-PlantDisease/Training Dataset/Mixed/TN-165.jpg,Mixed,TN-165.jpg,2
9db30a45bd4f4e4336fe09ee00ac21da,/home/sparsh/Naplam/Bangladesh-UAV-PlantDisease/Test Dataset/Hail damages/TN-1608.jpg,Hail damage,TN-1608.jpg,1
0e58476daa0fea1262ae0efe032cd592,/home/sparsh/Naplam/Bangladesh-UAV-PlantDisease/Training Dataset/Mixed/TN-2.jpg,Mixed,TN-2.jpg,2
6356a992ded9e03faff44fca0735baf5,/home/sparsh/Naplam/Bangladesh-UAV-PlantDisease/Training Dataset/Strong-Light Burn/TN-634.jpg,Strong-Light Burn,TN-634.jpg,4
43c001bad688235ecab7e3a51580b358,/home/sparsh/Naplam/Bangladesh-UAV-PlantDisease/Training Dataset/Cotton Bollworm Infestation/TN-379.jpg,Cotton Bollworm Infestation,TN-379.jpg,0
2705a720a126967c9984445a1995cc51,/home/sparsh/Naplam/Bangladesh-UAV-PlantDisease/Training Dataset/Mixed/TN-122.jpg,Mixed,TN-122.jpg,2
63a565be4cb60035aafb5e1d96a91151,/home/sparsh/Naplam/Bangladesh-UAV-PlantDisease/Test Dataset/Hail damages/TN-1109.jpg,Hail damage,TN-1109.jpg,1
36b3b26bd94210005af8e13431e5d375,/home/sparsh/Naplam/Bangladesh-UAV-PlantDisease/Training Dataset/Mixed/TN-2284.jpg,Mixed,TN-2284.jpg,2
a2c1d5d20e815ace5bc747886f15f976,/home/sparsh/Naplam/Bangladesh-UAV-PlantDisease/Training Dataset/Cotton Bollworm Infestation/TN-233.jpg,Cotton Bollworm Infestation,TN-233.jpg,0
2620c9310d3d69ca8ffb3217ae373429,/home/sparsh/Naplam/Bangladesh-UAV-PlantDisease/Training Dataset/Hail damage/TN-265.jpg,Hail damage,TN-265.jpg,1
903416178931f07dcf8ee0270c48d26a,/home/sparsh/Naplam/Bangladesh-UAV-PlantDisease/Training Dataset/Mixed/TN-1983.jpg,Mixed,TN-1983.jpg,2
f202feb5fd33ad95796ad9253bbc2ad5,/home/sparsh/Naplam/Bangladesh-UAV-PlantDisease/Training Dataset/Root Damage/TN-258.jpg,Root Damage,TN-258.jpg,3
fae06ed86ff79e8541c3ac27e7a6697b,/home/sparsh/Naplam/Bangladesh-UAV-PlantDisease/Training Dataset/Root Damage/TN-655.jpg,Root Damage,TN-655.jpg,3
41e0c57bff9b804af08c92a41273edeb,/home/sparsh/Naplam/Bangladesh-UAV-PlantDisease/Training Dataset/Hail damage/TN-449.jpg,Hail damage,TN-449.jpg,1
7f9415a1d899b5f3827fb3b055b29c8b,/home/sparsh/Naplam/Bangladesh-UAV-PlantDisease/Training Dataset/Mixed/TN-1819.jpg,Mixed,TN-1819.jpg,2
2150ba16e2596ec5a32a524f991f6cc7,/home/sparsh/Naplam/Bangladesh-UAV-PlantDisease/Test Dataset/Hail damages/TN-536.jpg,Hail damage,TN-536.jpg,1
555410ec3fbcb9f461ba30c76a97b841,/home/sparsh/Naplam/Bangladesh-UAV-PlantDisease/Training Dataset/Mixed/TN-1803.jpg,Mixed,TN-1803.jpg,2
79a5507398dea70a4e6ee43c1121c107,/home/sparsh/Naplam/Bangladesh-UAV-PlantDisease/Test Dataset/Hail damages/TN-2899.jpg,Hail damage,TN-2899.jpg,1
a6618411e2a072a3445fd5ea52226fd5,/home/sparsh/Naplam/Bangladesh-UAV-PlantDisease/Training Dataset/Cotton Bollworm Infestation/TN-688.jpg,Cotton Bollworm Infestation,TN-688.jpg,0
e064f2be0338f6738ab5d21241aee4e0,/home/sparsh/Naplam/Bangladesh-UAV-PlantDisease/Training Dataset/Mixed/TN-1643.jpg,Mixed,TN-1643.jpg,2
3601514463eaaceb598e8815a857470d,/home/sparsh/Naplam/Bangladesh-UAV-PlantDisease/Training Dataset/Mixed/TN-367.jpg,Mixed,TN-367.jpg,2
4f317c766b928ea33d6997451c84849f,/home/sparsh/Naplam/Bangladesh-UAV-PlantDisease/Training Dataset/Mixed/TN-1047.jpg,Mixed,TN-1047.jpg,2
52ef4691fa760d26fa9b40bc580f7109,/home/sparsh/Naplam/Bangladesh-UAV-PlantDisease/Training Dataset/Hail damage/TN-474.jpg,Hail damage,TN-474.jpg,1
20aed85293630f30bb63ace34a635be6,/home/sparsh/Naplam/Bangladesh-UAV-PlantDisease/Training Dataset/Mixed/TN-580.jpg,Mixed,TN-580.jpg,2
d7799d159eb93e39882c2e39c9a83d40,/home/sparsh/Naplam/Bangladesh-UAV-PlantDisease/Training Dataset/Hail damage/TN-561.jpg,Hail damage,TN-561.jpg,1
875879726511290e8d29b4f0b9c47f26,/home/sparsh/Naplam/Bangladesh-UAV-PlantDisease/Training Dataset/Mixed/TN-1010.jpg,Mixed,TN-1010.jpg,2
e7bf797dfb70a91f1a32c0174515d52a,/home/sparsh/Naplam/Bangladesh-UAV-PlantDisease/Training Dataset/Root Damage/TN-726.jpg,Root Damage,TN-726.jpg,3
8dd9d56296f65199690af7fe20855346,/home/sparsh/Naplam/Bangladesh-UAV-PlantDisease/Training Dataset/Mixed/TN-1872.jpg,Mixed,TN-1872.jpg,2
009580b5de6fcd81b5b2fde0a76c2417,/home/sparsh/Naplam/Bangladesh-UAV-PlantDisease/Test Dataset/Hail damages/TN-2960.jpg,Hail damage,TN-2960.jpg,1
20e7ac1ba65bf4ab2a41b745cadf7c1b,/home/sparsh/Naplam/Bangladesh-UAV-PlantDisease/Training Dataset/Mixed/TN-681.jpg,Mixed,TN-681.jpg,2
8ae37ec1fd8a1002a336ac2ca1292447,/home/sparsh/Naplam/Bangladesh-UAV-PlantDisease/Training Dataset/Mixed/TN-1893.jpg,Mixed,TN-1893.jpg,2
eaf1fbf9fc574fceff536fda5529b0a3,/home/sparsh/Naplam/Bangladesh-UAV-PlantDisease/Training Dataset/Mixed/TN-2171.jpg,Mixed,TN-2171.jpg,2
4b0599d815782ce2d69aec3c7f57bc75,/home/sparsh/Naplam/Bangladesh-UAV-PlantDisease/Training Dataset/Mixed/TN-285.jpg,Mixed,TN-285.jpg,2
8fb5b5a0820d5b64c76411702228e9c7,/home/sparsh/Naplam/Bangladesh-UAV-PlantDisease/Training Dataset/Mixed/TN-2046.jpg,Mixed,TN-2046.jpg,2
0511c33cab544e0b5b282c785d3b9593,/home/sparsh/Naplam/Bangladesh-UAV-PlantDisease/Training Dataset/Strong-Light Burn/TN-685.jpg,Strong-Light Burn,TN-685.jpg,4
758505b105c17760c816701534eed0c1,/home/sparsh/Naplam/Bangladesh-UAV-PlantDisease/Training Dataset/Cotton Bollworm Infestation/TN-926.jpg,Cotton Bollworm Infestation,TN-926.jpg,0
299b4a8483fe443ece659b476c7f39cc,/home/sparsh/Naplam/Bangladesh-UAV-PlantDisease/Training Dataset/Mixed/TN-1787.jpg,Mixed,TN-1787.jpg,2
c387b6ef5517b40bf5f24c826c4c079a,/home/sparsh/Naplam/Bangladesh-UAV-PlantDisease/Training Dataset/Root Damage/TN-530.jpg,Root Damage,TN-530.jpg,3
e3c13930355e42c3607e3a54dca1e328,/home/sparsh/Naplam/Bangladesh-UAV-PlantDisease/Training Dataset/Cotton Bollworm Infestation/TN-51.jpg,Cotton Bollworm Infestation,TN-51.jpg,0
0cfb8b76bde33eb762b871bba24231ae,/home/sparsh/Naplam/Bangladesh-UAV-PlantDisease/Training Dataset/Mixed/TN-1711.jpg,Mixed,TN-1711.jpg,2
2ba97d2c292ee24e7e3a6f8f9c0172c0,/home/sparsh/Naplam/Bangladesh-UAV-PlantDisease/Test Dataset/Hail damages/TN-1974.jpg,Hail damage,TN-1974.jpg,1
dd571cbe7d0ec86b6d9d0bf7e240516e,/home/sparsh/Naplam/Bangladesh-UAV-PlantDisease/Training Dataset/Mixed/TN-1018.jpg,Mixed,TN-1018.jpg,2
a59f3025ec735fb31d53637348433c2f,/home/sparsh/Naplam/Bangladesh-UAV-PlantDisease/Training Dataset/Mixed/TN-758.jpg,Mixed,TN-758.jpg,2
4b179f972fa1c4dcab1b92243d462a48,/home/sparsh/Naplam/Bangladesh-UAV-PlantDisease/Training Dataset/Hail damage/TN-246.jpg,Hail damage,TN-246.jpg,1
1cf2ec1d3b0e018a6a7682836dc4b2d3,/home/sparsh/Naplam/Bangladesh-UAV-PlantDisease/Training Dataset/Mixed/TN-1534.jpg,Mixed,TN-1534.jpg,2
05448f6d60532a33f0d1de07937721c3,/home/sparsh/Naplam/Bangladesh-UAV-PlantDisease/Training Dataset/Mixed/TN-646.jpg,Mixed,TN-646.jpg,2
c6c4e3e18159a751c9604f42aab686d6,/home/sparsh/Naplam/Bangladesh-UAV-PlantDisease/Training Dataset/Cotton Bollworm Infestation/TN-154.jpg,Cotton Bollworm Infestation,TN-154.jpg,0
73f9d58788722c2d4430de6d92fb4fac,/home/sparsh/Naplam/Bangladesh-UAV-PlantDisease/Test Dataset/Hail damages/TN-1839.jpg,Hail damage,TN-1839.jpg,1
a14d102ee7506d69a789a1ad72032e29,/home/sparsh/Naplam/Bangladesh-UAV-PlantDisease/Test Dataset/Strong-Light Burn/TN-30.jpg,Strong-Light Burn,TN-30.jpg,4
906f81d3dda9e5a3f75152148edc36e9,/home/sparsh/Naplam/Bangladesh-UAV-PlantDisease/Training Dataset/Mixed/TN-523.jpg,Mixed,TN-523.jpg,2
d3ae2903f879011b5e299e1d6ecb25a2,/home/sparsh/Naplam/Bangladesh-UAV-PlantDisease/Training Dataset/Mixed/TN-1126.jpg,Mixed,TN-1126.jpg,2
22187c8954c9fc0a4b66724b48a88ad3,/home/sparsh/Naplam/Bangladesh-UAV-PlantDisease/Test Dataset/Hail damages/TN-2877.jpg,Hail damage,TN-2877.jpg,1
07cda72eb49a2ada9b6292c55821353e,/home/sparsh/Naplam/Bangladesh-UAV-PlantDisease/Training Dataset/Mixed/TN-2007.jpg,Mixed,TN-2007.jpg,2
ec21097ccc55fb685305f81a143b1ded,/home/sparsh/Naplam/Bangladesh-UAV-PlantDisease/Training Dataset/Cotton Bollworm Infestation/TN-319.jpg,Cotton Bollworm Infestation,TN-319.jpg,0
97250d5d14a5c4fc1091d75bd6fb0873,/home/sparsh/Naplam/Bangladesh-UAV-PlantDisease/Test Dataset/Hail damages/TN-2048.jpg,Hail damage,TN-2048.jpg,1
3e5270dc1d40112f5334280473ec065f,/home/sparsh/Naplam/Bangladesh-UAV-PlantDisease/Training Dataset/Cotton Bollworm Infestation/TN-795.jpg,Cotton Bollworm Infestation,TN-795.jpg,0
8cd99f368336b4217358901514dab8f7,/home/sparsh/Naplam/Bangladesh-UAV-PlantDisease/Test Dataset/Cotton Bollworm Infestation/TN-10.jpg,Cotton Bollworm Infestation,TN-10.jpg,0
217764d616c1f95ce5486cd3e597908b,/home/sparsh/Naplam/Bangladesh-UAV-PlantDisease/Training Dataset/Mixed/TN-2363.jpg,Mixed,TN-2363.jpg,2
741482863de6d6aabe6a2b249febd969,/home/sparsh/Naplam/Bangladesh-UAV-PlantDisease/Training Dataset/Mixed/TN-86.jpg,Mixed,TN-86.jpg,2
e0ab0c1b9831248b6e95d34a183cd866,/home/sparsh/Naplam/Bangladesh-UAV-PlantDisease/Training Dataset/Mixed/TN-1196.jpg,Mixed,TN-1196.jpg,2
5c4078c5b5d9d6cc5d0054439e74e8f6,/home/sparsh/Naplam/Bangladesh-UAV-PlantDisease/Training Dataset/Mixed/TN-52.jpg,Mixed,TN-52.jpg,2
80c5e25dee6b803b36961c02f2ff5a82,/home/sparsh/Naplam/Bangladesh-UAV-PlantDisease/Training Dataset/Mixed/TN-162.jpg,Mixed,TN-162.jpg,2
2fbcbed3731035ebe4b53bdbddc97e6d,/home/sparsh/Naplam/Bangladesh-UAV-PlantDisease/Training Dataset/Mixed/TN-134.jpg,Mixed,TN-134.jpg,2
ffedd888d384fa1ed14bd6e829ae7a44,/home/sparsh/Naplam/Bangladesh-UAV-PlantDisease/Training Dataset/Hail damage/TN-779.jpg,Hail damage,TN-779.jpg,1
c51b937dc5e7c5a8206405babe4b6a20,/home/sparsh/Naplam/Bangladesh-UAV-PlantDisease/Test Dataset/Hail damages/TN-1400.jpg,Hail damage,TN-1400.jpg,1
4edbe43010219a1bf0b0fe89e7f40a61,/home/sparsh/Naplam/Bangladesh-UAV-PlantDisease/Test Dataset/Hail damages/TN-2195.jpg,Hail damage,TN-2195.jpg,1
e4c5d3ab71d56a531ddb21643f143ec0,/home/sparsh/Naplam/Bangladesh-UAV-PlantDisease/Test Dataset/Hail damages/TN-485.jpg,Hail damage,TN-485.jpg,1
ce05cc151595e3e90803a56bae375258,/home/sparsh/Naplam/Bangladesh-UAV-PlantDisease/Training Dataset/Mixed/TN-1826.jpg,Mixed,TN-1826.jpg,2
355d8ca7adfe1e9ac9e069e0782cf3d7,/home/sparsh/Naplam/Bangladesh-UAV-PlantDisease/Training Dataset/Root Damage/TN-716.jpg,Root Damage,TN-716.jpg,3
b63d51dd77fcc282bcfe6c77bd10fba0,/home/sparsh/Naplam/Bangladesh-UAV-PlantDisease/Training Dataset/Mixed/TN-2379.jpg,Mixed,TN-2379.jpg,2
0f0c2753ffbb135d19ae94e2779e50c7,/home/sparsh/Naplam/Bangladesh-UAV-PlantDisease/Training Dataset/Cotton Bollworm Infestation/TN-208.jpg,Cotton Bollworm Infestation,TN-208.jpg,0
456489dd520825108edeeaa9747c226e,/home/sparsh/Naplam/Bangladesh-UAV-PlantDisease/Training Dataset/Hail damage/TN-664.jpg,Hail damage,TN-664.jpg,1
5bc1681185c10d22df305013473a7130,/home/sparsh/Naplam/Bangladesh-UAV-PlantDisease/Test Dataset/Hail damages/TN-1992.jpg,Hail damage,TN-1992.jpg,1
4228f6e922f2dfd1d988315b2ab23a32,/home/sparsh/Naplam/Bangladesh-UAV-PlantDisease/Training Dataset/Root Damage/TN-822.jpg,Root Damage,TN-822.jpg,3
56efd9cb2cd087fc2fc30416a3ed5f19,/home/sparsh/Naplam/Bangladesh-UAV-PlantDisease/Training Dataset/Root Damage/TN-298.jpg,Root Damage,TN-298.jpg,3
78d3353e3336ea5b59c50f9f3747659f,/home/sparsh/Naplam/Bangladesh-UAV-PlantDisease/Test Dataset/Hail damages/TN-621.jpg,Hail damage,TN-621.jpg,1
7865d08f45ef375790bf540394f5b08f,/home/sparsh/Naplam/Bangladesh-UAV-PlantDisease/Training Dataset/Strong-Light Burn/TN-422.jpg,Strong-Light Burn,TN-422.jpg,4
f2fdf1e31bee7b8475fbd05722922bb7,/home/sparsh/Naplam/Bangladesh-UAV-PlantDisease/Training Dataset/Mixed/TN-1598.jpg,Mixed,TN-1598.jpg,2
5e843c9be3c1f54c9b9ccd54221a3541,/home/sparsh/Naplam/Bangladesh-UAV-PlantDisease/Training Dataset/Mixed/TN-571.jpg,Mixed,TN-571.jpg,2
1db7c6412b29d746178f71f74ecb7502,/home/sparsh/Naplam/Bangladesh-UAV-PlantDisease/Training Dataset/Mixed/TN-1552.jpg,Mixed,TN-1552.jpg,2
f5220df1b4a5cdde7690a3b53263a0cd,/home/sparsh/Naplam/Bangladesh-UAV-PlantDisease/Training Dataset/Hail damage/TN-506.jpg,Hail damage,TN-506.jpg,1
a9072b766979900255c84db050f21d48,/home/sparsh/Naplam/Bangladesh-UAV-PlantDisease/Test Dataset/Hail damages/TN-2682.jpg,Hail damage,TN-2682.jpg,1
38fdc027d1772afb3fe094d5bc8a8eed,/home/sparsh/Naplam/Bangladesh-UAV-PlantDisease/Test Dataset/Hail damages/TN-1670.jpg,Hail damage,TN-1670.jpg,1
f43d191a5bbac0fae76ae596f6d3810e,/home/sparsh/Naplam/Bangladesh-UAV-PlantDisease/Training Dataset/Mixed/TN-7.jpg,Mixed,TN-7.jpg,2
2a7163cb29ac2be0e5e24fdf047618cb,/home/sparsh/Naplam/Bangladesh-UAV-PlantDisease/Training Dataset/Hail damage/TN-491.jpg,Hail damage,TN-491.jpg,1
d8452fbcd358811397dab03d107de8dc,/home/sparsh/Naplam/Bangladesh-UAV-PlantDisease/Training Dataset/Cotton Bollworm Infestation/TN-653.jpg,Cotton Bollworm Infestation,TN-653.jpg,0
0a3a7bc09d49d1ab591bd7db5ddf947b,/home/sparsh/Naplam/Bangladesh-UAV-PlantDisease/Test Dataset/Root Damage/TN-313.jpg,Root Damage,TN-313.jpg,3
923c6e71725935a4230d64a24ede6ffa,/home/sparsh/Naplam/Bangladesh-UAV-PlantDisease/Test Dataset/Hail damages/TN-2307.jpg,Hail damage,TN-2307.jpg,1
bfb1cc615da24176a09282ce331a15e9,/home/sparsh/Naplam/Bangladesh-UAV-PlantDisease/Training Dataset/Hail damage/TN-419.jpg,Hail damage,TN-419.jpg,1
3dd11c86a4b4e70cfe4f5d0e4b402640,/home/sparsh/Naplam/Bangladesh-UAV-PlantDisease/Training Dataset/Strong-Light Burn/TN-17.jpg,Strong-Light Burn,TN-17.jpg,4
94e469ac0fb4fa334c7000bcd00648ba,/home/sparsh/Naplam/Bangladesh-UAV-PlantDisease/Test Dataset/Hail damages/TN-1626.jpg,Hail damage,TN-1626.jpg,1
78fbb2c299b6ba577b5ad3a1a1795cda,/home/sparsh/Naplam/Bangladesh-UAV-PlantDisease/Test Dataset/Hail damages/TN-924.jpg,Hail damage,TN-924.jpg,1
537503cb52fb909e54902d18ab8929bb,/home/sparsh/Naplam/Bangladesh-UAV-PlantDisease/Training Dataset/Cotton Bollworm Infestation/TN-563.jpg,Cotton Bollworm Infestation,TN-563.jpg,0
ae139d875de5f6570f007ea42834d41c,/home/sparsh/Naplam/Bangladesh-UAV-PlantDisease/Test Dataset/Hail damages/TN-1518.jpg,Hail damage,TN-1518.jpg,1
178aa3ec83593ec019d00fa5d97b91a0,/home/sparsh/Naplam/Bangladesh-UAV-PlantDisease/Training Dataset/Strong-Light Burn/TN-197.jpg,Strong-Light Burn,TN-197.jpg,4
f8fd4f886c8e1edb0e2646d46f573e6e,/home/sparsh/Naplam/Bangladesh-UAV-PlantDisease/Training Dataset/Root Damage/TN-410.jpg,Root Damage,TN-410.jpg,3
a37ebb35e1615a600751820862859e16,/home/sparsh/Naplam/Bangladesh-UAV-PlantDisease/Test Dataset/Hail damages/TN-2735.jpg,Hail damage,TN-2735.jpg,1
3f169e897b232a1255bc030c3506b99c,/home/sparsh/Naplam/Bangladesh-UAV-PlantDisease/Test Dataset/Hail damages/TN-2630.jpg,Hail damage,TN-2630.jpg,1
be7f16d2dc1ba493735806aa54b26673,/home/sparsh/Naplam/Bangladesh-UAV-PlantDisease/Test Dataset/Hail damages/TN-1059.jpg,Hail damage,TN-1059.jpg,1
2ccb748ece2a59cf139f4f2a5075c64f,/home/sparsh/Naplam/Bangladesh-UAV-PlantDisease/Training Dataset/Mixed/TN-595.jpg,Mixed,TN-595.jpg,2
cf01afe2a357a23e13275ca0dc61ad3f,/home/sparsh/Naplam/Bangladesh-UAV-PlantDisease/Training Dataset/Mixed/TN-1353.jpg,Mixed,TN-1353.jpg,2
648306cfddc1d16dfa8adc92a26f6e35,/home/sparsh/Naplam/Bangladesh-UAV-PlantDisease/Training Dataset/Mixed/TN-1663.jpg,Mixed,TN-1663.jpg,2
1ef0c4c1f6e299e42efe7f5d0c4f4d6c,/home/sparsh/Naplam/Bangladesh-UAV-PlantDisease/Training Dataset/Cotton Bollworm Infestation/TN-487.jpg,Cotton Bollworm Infestation,TN-487.jpg,0
f182320d8b5dba26e462577bf052cb70,/home/sparsh/Naplam/Bangladesh-UAV-PlantDisease/Training Dataset/Mixed/TN-1395.jpg,Mixed,TN-1395.jpg,2
dd854d1688bafd7aa895cffaa4a19907,/home/sparsh/Naplam/Bangladesh-UAV-PlantDisease/Training Dataset/Mixed/TN-103.jpg,Mixed,TN-103.jpg,2
ce2b2554c1f91aafe2420c9f9312462f,/home/sparsh/Naplam/Bangladesh-UAV-PlantDisease/Training Dataset/Root Damage/TN-543.jpg,Root Damage,TN-543.jpg,3
5e2625666377b3977c2cab82696be199,/home/sparsh/Naplam/Bangladesh-UAV-PlantDisease/Training Dataset/Cotton Bollworm Infestation/TN-767.jpg,Cotton Bollworm Infestation,TN-767.jpg,0
c8a88072a49af2c364cd707eca605f7d,/home/sparsh/Naplam/Bangladesh-UAV-PlantDisease/Training Dataset/Strong-Light Burn/TN-88.jpg,Strong-Light Burn,TN-88.jpg,4
2c8d980bf5e3106ce55ace2a093859db,/home/sparsh/Naplam/Bangladesh-UAV-PlantDisease/Training Dataset/Mixed/TN-1100.jpg,Mixed,TN-1100.jpg,2
8e6accba6c4c2d557705e19a3d236d6b,/home/sparsh/Naplam/Bangladesh-UAV-PlantDisease/Test Dataset/Hail damages/TN-2108.jpg,Hail damage,TN-2108.jpg,1
85033378ae04518ad21e78a7c7410a0d,/home/sparsh/Naplam/Bangladesh-UAV-PlantDisease/Training Dataset/Mixed/TN-2080.jpg,Mixed,TN-2080.jpg,2
5f8a3ee197abc6e3ee6483ca5d3a22e3,/home/sparsh/Naplam/Bangladesh-UAV-PlantDisease/Training Dataset/Hail damage/TN-280.jpg,Hail damage,TN-280.jpg,1
0d04293eff953a7fde9a2cefff5bc9eb,/home/sparsh/Naplam/Bangladesh-UAV-PlantDisease/Test Dataset/Hail damages/TN-2638.jpg,Hail damage,TN-2638.jpg,1
d67840135f47933f263e13ebaa1efaf5,/home/sparsh/Naplam/Bangladesh-UAV-PlantDisease/Training Dataset/Cotton Bollworm Infestation/TN-58.jpg,Cotton Bollworm Infestation,TN-58.jpg,0
f581c3f4ff6007cada7c14f50386919d,/home/sparsh/Naplam/Bangladesh-UAV-PlantDisease/Training Dataset/Mixed/TN-130.jpg,Mixed,TN-130.jpg,2
0b571851e7b919692539575df08e0bd0,/home/sparsh/Naplam/Bangladesh-UAV-PlantDisease/Training Dataset/Mixed/TN-1839.jpg,Mixed,TN-1839.jpg,2
08071fd1de91798dc41b19f0809f7ec7,/home/sparsh/Naplam/Bangladesh-UAV-PlantDisease/Training Dataset/Root Damage/TN-11.jpg,Root Damage,TN-11.jpg,3
b52501012f6e21ce5071a251d7addf83,/home/sparsh/Naplam/Bangladesh-UAV-PlantDisease/Training Dataset/Cotton Bollworm Infestation/TN-10.jpg,Cotton Bollworm Infestation,TN-10.jpg,0
308b4ab02b34c21afe1b2b11bdb99ba8,/home/sparsh/Naplam/Bangladesh-UAV-PlantDisease/Test Dataset/Hail damages/TN-2655.jpg,Hail damage,TN-2655.jpg,1
facf2409eadc6ffc1f841efe5557259d,/home/sparsh/Naplam/Bangladesh-UAV-PlantDisease/Training Dataset/Cotton Bollworm Infestation/TN-625.jpg,Cotton Bollworm Infestation,TN-625.jpg,0
58bdf765d01eded68fbfd3cf740a3ead,/home/sparsh/Naplam/Bangladesh-UAV-PlantDisease/Test Dataset/Hail damages/TN-475.jpg,Hail damage,TN-475.jpg,1
e9b6f831e4dd52b7e67432a3cdba69f4,/home/sparsh/Naplam/Bangladesh-UAV-PlantDisease/Training Dataset/Root Damage/TN-684.jpg,Root Damage,TN-684.jpg,3
55e81febada9ee354832d08e42ecdc65,/home/sparsh/Naplam/Bangladesh-UAV-PlantDisease/Training Dataset/Mixed/TN-1421.jpg,Mixed,TN-1421.jpg,2
963c9f75331f2ba6c3be4c4bd11a19e7,/home/sparsh/Naplam/Bangladesh-UAV-PlantDisease/Test Dataset/Mixed/TN-230.jpg,Mixed,TN-230.jpg,2
4f08ae5edafb483eb8f96ce18990ebf7,/home/sparsh/Naplam/Bangladesh-UAV-PlantDisease/Test Dataset/Hail damages/TN-2485.jpg,Hail damage,TN-2485.jpg,1
4f7989de9a70f9796d1c2c3360622bfd,/home/sparsh/Naplam/Bangladesh-UAV-PlantDisease/Training Dataset/Strong-Light Burn/TN-182.jpg,Strong-Light Burn,TN-182.jpg,4
f813eb6277ae095216aa11574ce0bee7,/home/sparsh/Naplam/Bangladesh-UAV-PlantDisease/Test Dataset/Hail damages/TN-2596.jpg,Hail damage,TN-2596.jpg,1
b3912c9120ea17559203aaaee6fa5bf6,/home/sparsh/Naplam/Bangladesh-UAV-PlantDisease/Test Dataset/Hail damages/TN-535.jpg,Hail damage,TN-535.jpg,1
660cd53d322ea7a4272f46cc3e26bf15,/home/sparsh/Naplam/Bangladesh-UAV-PlantDisease/Training Dataset/Mixed/TN-1935.jpg,Mixed,TN-1935.jpg,2
ee398af69c1fb358aa1eab1f6f27f0f3,/home/sparsh/Naplam/Bangladesh-UAV-PlantDisease/Training Dataset/Cotton Bollworm Infestation/TN-494.jpg,Cotton Bollworm Infestation,TN-494.jpg,0
0de95aa328884f4ba0dafd96337a8531,/home/sparsh/Naplam/Bangladesh-UAV-PlantDisease/Training Dataset/Root Damage/TN-687.jpg,Root Damage,TN-687.jpg,3
1ca81ecedf7d2aa8dd3c0d55ae973018,/home/sparsh/Naplam/Bangladesh-UAV-PlantDisease/Training Dataset/Mixed/TN-683.jpg,Mixed,TN-683.jpg,2
e7367fb65246880b22767ad4cf57465d,/home/sparsh/Naplam/Bangladesh-UAV-PlantDisease/Training Dataset/Mixed/TN-1575.jpg,Mixed,TN-1575.jpg,2
f782badbd6ff3bb2a020983fb0cb9cb3,/home/sparsh/Naplam/Bangladesh-UAV-PlantDisease/Training Dataset/Mixed/TN-259.jpg,Mixed,TN-259.jpg,2
103506033564ea4d3bf44f2395fcb5ce,/home/sparsh/Naplam/Bangladesh-UAV-PlantDisease/Test Dataset/Hail damages/TN-2223.jpg,Hail damage,TN-2223.jpg,1
c9f732d59d92d5002266ac8ee90d2ea5,/home/sparsh/Naplam/Bangladesh-UAV-PlantDisease/Test Dataset/Hail damages/TN-1787.jpg,Hail damage,TN-1787.jpg,1
f85ae0ce2408f365da9f30ce1c4568c3,/home/sparsh/Naplam/Bangladesh-UAV-PlantDisease/Training Dataset/Strong-Light Burn/TN-632.jpg,Strong-Light Burn,TN-632.jpg,4
36597023021840d84c44449daddac27e,/home/sparsh/Naplam/Bangladesh-UAV-PlantDisease/Training Dataset/Hail damage/TN-837.jpg,Hail damage,TN-837.jpg,1
7b6f1ad0b97ab21804eb6102ca64046e,/home/sparsh/Naplam/Bangladesh-UAV-PlantDisease/Test Dataset/Hail damages/TN-1574.jpg,Hail damage,TN-1574.jpg,1
e48b6dbcba606dcb800db582d746b833,/home/sparsh/Naplam/Bangladesh-UAV-PlantDisease/Training Dataset/Mixed/TN-915.jpg,Mixed,TN-915.jpg,2
77f06bf6a3129a7329a2bb6b7e0394cc,/home/sparsh/Naplam/Bangladesh-UAV-PlantDisease/Training Dataset/Cotton Bollworm Infestation/TN-240.jpg,Cotton Bollworm Infestation,TN-240.jpg,0
5d4a05a732327d3cb9161205084d41bc,/home/sparsh/Naplam/Bangladesh-UAV-PlantDisease/Training Dataset/Mixed/TN-382.jpg,Mixed,TN-382.jpg,2
5657edcc72a8b99dbcc226fd19a7cb38,/home/sparsh/Naplam/Bangladesh-UAV-PlantDisease/Training Dataset/Root Damage/TN-567.jpg,Root Damage,TN-567.jpg,3
f12bbbef01056f3cfdbccc2d6ef6eb4d,/home/sparsh/Naplam/Bangladesh-UAV-PlantDisease/Training Dataset/Root Damage/TN-243.jpg,Root Damage,TN-243.jpg,3
4bb7bb1178f78c1d2b0d31ca040b7551,/home/sparsh/Naplam/Bangladesh-UAV-PlantDisease/Training Dataset/Root Damage/TN-408.jpg,Root Damage,TN-408.jpg,3
ae44a268018ef0e9e5564bde4bc46acd,/home/sparsh/Naplam/Bangladesh-UAV-PlantDisease/Training Dataset/Root Damage/TN-522.jpg,Root Damage,TN-522.jpg,3
be65316e8f645bf97aa4e4cdd9db9bed,/home/sparsh/Naplam/Bangladesh-UAV-PlantDisease/Training Dataset/Root Damage/TN-329.jpg,Root Damage,TN-329.jpg,3
374d617ac9c62f639f1c8b7791f6c526,/home/sparsh/Naplam/Bangladesh-UAV-PlantDisease/Training Dataset/Hail damage/TN-632.jpg,Hail damage,TN-632.jpg,1
d6cd48c3bbdf21e4dd9895ab8fac1972,/home/sparsh/Naplam/Bangladesh-UAV-PlantDisease/Test Dataset/Hail damages/TN-2607.jpg,Hail damage,TN-2607.jpg,1
a452c983731dfae5419c1c7aafce9a58,/home/sparsh/Naplam/Bangladesh-UAV-PlantDisease/Training Dataset/Mixed/TN-12.jpg,Mixed,TN-12.jpg,2
4c1d00760156e4021f7945b449716d68,/home/sparsh/Naplam/Bangladesh-UAV-PlantDisease/Training Dataset/Strong-Light Burn/TN-652.jpg,Strong-Light Burn,TN-652.jpg,4
cb1af0a0756f151a60832ef0b34e625e,/home/sparsh/Naplam/Bangladesh-UAV-PlantDisease/Training Dataset/Root Damage/TN-561.jpg,Root Damage,TN-561.jpg,3
1340c91f10f2b909d315a675ffe9a583,/home/sparsh/Naplam/Bangladesh-UAV-PlantDisease/Training Dataset/Hail damage/TN-1.jpg,Hail damage,TN-1.jpg,1
03abc832994d14d4959a302956bb842b,/home/sparsh/Naplam/Bangladesh-UAV-PlantDisease/Training Dataset/Mixed/TN-5.jpg,Mixed,TN-5.jpg,2
2e40cb72d814f0a60a2e6a17774beb00,/home/sparsh/Naplam/Bangladesh-UAV-PlantDisease/Training Dataset/Root Damage/TN-583.jpg,Root Damage,TN-583.jpg,3
cb31f4b69b18ce32e6a3c65a4edc8119,/home/sparsh/Naplam/Bangladesh-UAV-PlantDisease/Test Dataset/Hail damages/TN-619.jpg,Hail damage,TN-619.jpg,1
bff18240603484b1674db3c464d3588a,/home/sparsh/Naplam/Bangladesh-UAV-PlantDisease/Training Dataset/Mixed/TN-44.jpg,Mixed,TN-44.jpg,2
f14b54cf3c34ce3f85cdc3f052528bce,/home/sparsh/Naplam/Bangladesh-UAV-PlantDisease/Training Dataset/Root Damage/TN-661.jpg,Root Damage,TN-661.jpg,3
de29e28639810bf5c9f75d28d66b3265,/home/sparsh/Naplam/Bangladesh-UAV-PlantDisease/Training Dataset/Cotton Bollworm Infestation/TN-338.jpg,Cotton Bollworm Infestation,TN-338.jpg,0
a190a84099c30f0a6edb21076eac2b30,/home/sparsh/Naplam/Bangladesh-UAV-PlantDisease/Test Dataset/Hail damages/TN-2547.jpg,Hail damage,TN-2547.jpg,1
41b924dee1aa004a65947a5d26627f1e,/home/sparsh/Naplam/Bangladesh-UAV-PlantDisease/Training Dataset/Mixed/TN-1739.jpg,Mixed,TN-1739.jpg,2
d8be5c04633f646702db8cf8e744cc7c,/home/sparsh/Naplam/Bangladesh-UAV-PlantDisease/Training Dataset/Root Damage/TN-232.jpg,Root Damage,TN-232.jpg,3
df32d8087480dd83f24b40fb8e0e8de8,/home/sparsh/Naplam/Bangladesh-UAV-PlantDisease/Training Dataset/Mixed/TN-217.jpg,Mixed,TN-217.jpg,2
cbb54477002bd94905b5e04a0b22d83b,/home/sparsh/Naplam/Bangladesh-UAV-PlantDisease/Training Dataset/Strong-Light Burn/TN-561.jpg,Strong-Light Burn,TN-561.jpg,4
9a6edec54b0a6472fbcf6e69d18da2ee,/home/sparsh/Naplam/Bangladesh-UAV-PlantDisease/Training Dataset/Cotton Bollworm Infestation/TN-588.jpg,Cotton Bollworm Infestation,TN-588.jpg,0
4ab704ca3bbe876da7b8fc2edc78fd13,/home/sparsh/Naplam/Bangladesh-UAV-PlantDisease/Training Dataset/Mixed/TN-808.jpg,Mixed,TN-808.jpg,2
c072c48ad8561dfa8324258cce60dba6,/home/sparsh/Naplam/Bangladesh-UAV-PlantDisease/Training Dataset/Cotton Bollworm Infestation/TN-595.jpg,Cotton Bollworm Infestation,TN-595.jpg,0
42e9b15f20fa9b42ec31756452b26f29,/home/sparsh/Naplam/Bangladesh-UAV-PlantDisease/Test Dataset/Hail damages/TN-170.jpg,Hail damage,TN-170.jpg,1
b28e3294f8c32733efd5dc2857214607,/home/sparsh/Naplam/Bangladesh-UAV-PlantDisease/Training Dataset/Root Damage/TN-17.jpg,Root Damage,TN-17.jpg,3
48ec1f3e051ba6f6c687a1e3d6880312,/home/sparsh/Naplam/Bangladesh-UAV-PlantDisease/Training Dataset/Root Damage/TN-675.jpg,Root Damage,TN-675.jpg,3
6ea58255f059b8816757afdfd7c4d4e9,/home/sparsh/Naplam/Bangladesh-UAV-PlantDisease/Training Dataset/Hail damage/TN-208.jpg,Hail damage,TN-208.jpg,1
5e376fd539eceba1a6e1c0a7ba4e5a66,/home/sparsh/Naplam/Bangladesh-UAV-PlantDisease/Training Dataset/Mixed/TN-1784.jpg,Mixed,TN-1784.jpg,2
7e49133ca0f71aedf69d8551c4a1d951,/home/sparsh/Naplam/Bangladesh-UAV-PlantDisease/Training Dataset/Strong-Light Burn/TN-311.jpg,Strong-Light Burn,TN-311.jpg,4
17364060d9cb5fe82bbd3cb2607b175d,/home/sparsh/Naplam/Bangladesh-UAV-PlantDisease/Test Dataset/Strong-Light Burn/TN-350.jpg,Strong-Light Burn,TN-350.jpg,4
f5031c177dad9320f67084ad64d30d5f,/home/sparsh/Naplam/Bangladesh-UAV-PlantDisease/Training Dataset/Mixed/TN-420.jpg,Mixed,TN-420.jpg,2
cc2b5d5c59af033f67fe122308004257,/home/sparsh/Naplam/Bangladesh-UAV-PlantDisease/Training Dataset/Mixed/TN-1922.jpg,Mixed,TN-1922.jpg,2
acc6b453dc7fab3b98798ad7d7fd82e4,/home/sparsh/Naplam/Bangladesh-UAV-PlantDisease/Training Dataset/Mixed/TN-410.jpg,Mixed,TN-410.jpg,2
5d59fcb7b78762e18e00df8ca01f7bd0,/home/sparsh/Naplam/Bangladesh-UAV-PlantDisease/Training Dataset/Mixed/TN-634.jpg,Mixed,TN-634.jpg,2
98e150fd68ca5f696e31a87be08b2496,/home/sparsh/Naplam/Bangladesh-UAV-PlantDisease/Training Dataset/Cotton Bollworm Infestation/TN-521.jpg,Cotton Bollworm Infestation,TN-521.jpg,0
12439bad5a69d89549172a584c7655b3,/home/sparsh/Naplam/Bangladesh-UAV-PlantDisease/Training Dataset/Mixed/TN-1882.jpg,Mixed,TN-1882.jpg,2
ca436db5aff3b6cad89a70b432e14b75,/home/sparsh/Naplam/Bangladesh-UAV-PlantDisease/Training Dataset/Mixed/TN-2115.jpg,Mixed,TN-2115.jpg,2
5b2b0dc7c999905343060edd14f313a9,/home/sparsh/Naplam/Bangladesh-UAV-PlantDisease/Training Dataset/Cotton Bollworm Infestation/TN-54.jpg,Cotton Bollworm Infestation,TN-54.jpg,0
3c038f1f8722c3b0fde818de3b7a5ab5,/home/sparsh/Naplam/Bangladesh-UAV-PlantDisease/Training Dataset/Cotton Bollworm Infestation/TN-582.jpg,Cotton Bollworm Infestation,TN-582.jpg,0
af727a7721898e7cc76e169bc2def242,/home/sparsh/Naplam/Bangladesh-UAV-PlantDisease/Training Dataset/Cotton Bollworm Infestation/TN-407.jpg,Cotton Bollworm Infestation,TN-407.jpg,0
f1ab87b8ca84d2939444bd7520894dbf,/home/sparsh/Naplam/Bangladesh-UAV-PlantDisease/Training Dataset/Mixed/TN-878.jpg,Mixed,TN-878.jpg,2
ddb7d598dccf7526eef2044063635f98,/home/sparsh/Naplam/Bangladesh-UAV-PlantDisease/Training Dataset/Mixed/TN-704.jpg,Mixed,TN-704.jpg,2
64f2c2e5da51eb54ed40d91e014dddae,/home/sparsh/Naplam/Bangladesh-UAV-PlantDisease/Test Dataset/Hail damages/TN-2387.jpg,Hail damage,TN-2387.jpg,1
507622c4e72a8fdef1de1500d0c66ade,/home/sparsh/Naplam/Bangladesh-UAV-PlantDisease/Test Dataset/Hail damages/TN-2715.jpg,Hail damage,TN-2715.jpg,1
b276430b569e82564378cc039d2f35d2,/home/sparsh/Naplam/Bangladesh-UAV-PlantDisease/Training Dataset/Mixed/TN-1902.jpg,Mixed,TN-1902.jpg,2
7292e04a83ed16f97f38b711d7ba54d4,/home/sparsh/Naplam/Bangladesh-UAV-PlantDisease/Test Dataset/Hail damages/TN-1847.jpg,Hail damage,TN-1847.jpg,1
fe0e2055a3bc066618bae179e0670673,/home/sparsh/Naplam/Bangladesh-UAV-PlantDisease/Training Dataset/Root Damage/TN-345.jpg,Root Damage,TN-345.jpg,3
440ffb233e77ae0d5c2055d0ea4b378a,/home/sparsh/Naplam/Bangladesh-UAV-PlantDisease/Test Dataset/Hail damages/TN-563.jpg,Hail damage,TN-563.jpg,1
13ce5aa47fe4fe780e45ff39f13972a0,/home/sparsh/Naplam/Bangladesh-UAV-PlantDisease/Training Dataset/Mixed/TN-2372.jpg,Mixed,TN-2372.jpg,2
162da05e6298bfaea07483dfc30d7541,/home/sparsh/Naplam/Bangladesh-UAV-PlantDisease/Training Dataset/Strong-Light Burn/TN-486.jpg,Strong-Light Burn,TN-486.jpg,4
804d575f20916958643168b5f3123624,/home/sparsh/Naplam/Bangladesh-UAV-PlantDisease/Training Dataset/Mixed/TN-1290.jpg,Mixed,TN-1290.jpg,2
dd4798258d00072d186de75236ff0ba3,/home/sparsh/Naplam/Bangladesh-UAV-PlantDisease/Test Dataset/Hail damages/TN-1958.jpg,Hail damage,TN-1958.jpg,1
231c11ac8f3b5698099e215c0f12014d,/home/sparsh/Naplam/Bangladesh-UAV-PlantDisease/Training Dataset/Strong-Light Burn/TN-581.jpg,Strong-Light Burn,TN-581.jpg,4
4d509ed20e21479a5a8aaa6a89062bc7,/home/sparsh/Naplam/Bangladesh-UAV-PlantDisease/Training Dataset/Mixed/TN-1349.jpg,Mixed,TN-1349.jpg,2
c22fa7a08166eeeb8ff0a8913df878c2,/home/sparsh/Naplam/Bangladesh-UAV-PlantDisease/Training Dataset/Mixed/TN-1633.jpg,Mixed,TN-1633.jpg,2
6039a5d9933770789e0d77c8e99863b4,/home/sparsh/Naplam/Bangladesh-UAV-PlantDisease/Test Dataset/Hail damages/TN-647.jpg,Hail damage,TN-647.jpg,1
00a0ba79366e530b87f7f50be9c73c19,/home/sparsh/Naplam/Bangladesh-UAV-PlantDisease/Training Dataset/Mixed/TN-1202.jpg,Mixed,TN-1202.jpg,2
39b4bee256e953c9b95ca78aff4d58d2,/home/sparsh/Naplam/Bangladesh-UAV-PlantDisease/Training Dataset/Cotton Bollworm Infestation/TN-696.jpg,Cotton Bollworm Infestation,TN-696.jpg,0
0f9708da459a529ff534e6b0b37d712e,/home/sparsh/Naplam/Bangladesh-UAV-PlantDisease/Training Dataset/Strong-Light Burn/TN-80.jpg,Strong-Light Burn,TN-80.jpg,4
a0ef1b063153a35686603d9d7a701751,/home/sparsh/Naplam/Bangladesh-UAV-PlantDisease/Training Dataset/Mixed/TN-1604.jpg,Mixed,TN-1604.jpg,2
afb66327d0112acd8ed342e439b68d3b,/home/sparsh/Naplam/Bangladesh-UAV-PlantDisease/Training Dataset/Strong-Light Burn/TN-1.jpg,Strong-Light Burn,TN-1.jpg,4
106a4b392d11474afd1417e371fa7c0f,/home/sparsh/Naplam/Bangladesh-UAV-PlantDisease/Training Dataset/Mixed/TN-1.jpg,Mixed,TN-1.jpg,2
66f1bbd94017c3d170ef27976567a22f,/home/sparsh/Naplam/Bangladesh-UAV-PlantDisease/Training Dataset/Mixed/TN-1881.jpg,Mixed,TN-1881.jpg,2
b39db0bcf0272015828afdf3300387c1,/home/sparsh/Naplam/Bangladesh-UAV-PlantDisease/Training Dataset/Hail damage/TN-238.jpg,Hail damage,TN-238.jpg,1
0ce0aad982ff86afdcd58cd053c1b242,/home/sparsh/Naplam/Bangladesh-UAV-PlantDisease/Training Dataset/Mixed/TN-2360.jpg,Mixed,TN-2360.jpg,2
bd55d9e5346fee5e56eb64bc38277f40,/home/sparsh/Naplam/Bangladesh-UAV-PlantDisease/Training Dataset/Mixed/TN-123.jpg,Mixed,TN-123.jpg,2
75bbc586d9e64021a4bf9fe50fbd136d,/home/sparsh/Naplam/Bangladesh-UAV-PlantDisease/Test Dataset/Hail damages/TN-2468.jpg,Hail damage,TN-2468.jpg,1
27915229cb38fb1691fc39fae8e5f21e,/home/sparsh/Naplam/Bangladesh-UAV-PlantDisease/Training Dataset/Strong-Light Burn/TN-668.jpg,Strong-Light Burn,TN-668.jpg,4
ad57bdd6dd53bb17450a235bcdf5de89,/home/sparsh/Naplam/Bangladesh-UAV-PlantDisease/Training Dataset/Strong-Light Burn/TN-130.jpg,Strong-Light Burn,TN-130.jpg,4
b269655bb208e12c5146d4c4ec65a978,/home/sparsh/Naplam/Bangladesh-UAV-PlantDisease/Training Dataset/Hail damage/TN-199.jpg,Hail damage,TN-199.jpg,1
90a787a1f3f85c28bca128a374e53144,/home/sparsh/Naplam/Bangladesh-UAV-PlantDisease/Training Dataset/Cotton Bollworm Infestation/TN-1050.jpg,Cotton Bollworm Infestation,TN-1050.jpg,0
adad2418057e961552a608dc542b9600,/home/sparsh/Naplam/Bangladesh-UAV-PlantDisease/Test Dataset/Hail damages/images.jpg,Hail damage,images.jpg,1
9287081dcc7d944b77b6c5558245ac9c,/home/sparsh/Naplam/Bangladesh-UAV-PlantDisease/Test Dataset/Hail damages/TN-1.jpg,Hail damage,TN-1.jpg,1
bba0588c36d2ea3a29313778e02f4422,/home/sparsh/Naplam/Bangladesh-UAV-PlantDisease/Test Dataset/Hail damages/TN-1062.jpg,Hail damage,TN-1062.jpg,1
ba70313d8ea892f93169a8f83481f335,/home/sparsh/Naplam/Bangladesh-UAV-PlantDisease/Test Dataset/Hail damages/TN-2188.jpg,Hail damage,TN-2188.jpg,1
227356bb4f2f028aae851e2ae5c99768,/home/sparsh/Naplam/Bangladesh-UAV-PlantDisease/Training Dataset/Hail damage/TN-661.jpg,Hail damage,TN-661.jpg,1
876bcd7c8291cad7ce018388493ea978,/home/sparsh/Naplam/Bangladesh-UAV-PlantDisease/Training Dataset/Cotton Bollworm Infestation/TN-298.jpg,Cotton Bollworm Infestation,TN-298.jpg,0
05d453d16f40f99c79f78ca46c706f7c,/home/sparsh/Naplam/Bangladesh-UAV-PlantDisease/Training Dataset/Mixed/TN-1257.jpg,Mixed,TN-1257.jpg,2
9c1cb6825ffa8a440821cba5229f7569,/home/sparsh/Naplam/Bangladesh-UAV-PlantDisease/Training Dataset/Mixed/TN-2205.jpg,Mixed,TN-2205.jpg,2
7f944837b21b9c823c8e6befe7e13cc0,/home/sparsh/Naplam/Bangladesh-UAV-PlantDisease/Training Dataset/Mixed/TN-2156.jpg,Mixed,TN-2156.jpg,2
3ce19a659418ef7f05a5299537c9eb17,/home/sparsh/Naplam/Bangladesh-UAV-PlantDisease/Test Dataset/Hail damages/TN-1696.jpg,Hail damage,TN-1696.jpg,1
432444829b952f1673298f1f48759c6d,/home/sparsh/Naplam/Bangladesh-UAV-PlantDisease/Training Dataset/Mixed/TN-1716.jpg,Mixed,TN-1716.jpg,2
5ef31b8c1fb9dcb43ee98d539ab09ee9,/home/sparsh/Naplam/Bangladesh-UAV-PlantDisease/Training Dataset/Cotton Bollworm Infestation/TN-256.jpg,Cotton Bollworm Infestation,TN-256.jpg,0
745e9156907c1384887fefcacc73eae6,/home/sparsh/Naplam/Bangladesh-UAV-PlantDisease/Training Dataset/Hail damage/TN-3.jpg,Hail damage,TN-3.jpg,1
e8a8f87ab04fc9a4323439e40c79e011,/home/sparsh/Naplam/Bangladesh-UAV-PlantDisease/Training Dataset/Mixed/TN-466.jpg,Mixed,TN-466.jpg,2
7812a143d060cf5d8dc0138357c6d58b,/home/sparsh/Naplam/Bangladesh-UAV-PlantDisease/Training Dataset/Cotton Bollworm Infestation/TN-149.jpg,Cotton Bollworm Infestation,TN-149.jpg,0
1c6dfe4781d9cf2ad719786b86ed4efd,/home/sparsh/Naplam/Bangladesh-UAV-PlantDisease/Test Dataset/Hail damages/TN-495.jpg,Hail damage,TN-495.jpg,1
d23241b51ffeb00edf97fa754daed504,/home/sparsh/Naplam/Bangladesh-UAV-PlantDisease/Training Dataset/Hail damage/TN-173.jpg,Hail damage,TN-173.jpg,1
293a83ffb2e2d728c68ecf918a70a766,/home/sparsh/Naplam/Bangladesh-UAV-PlantDisease/Training Dataset/Mixed/TN-2234.jpg,Mixed,TN-2234.jpg,2
b503767cd3c4cc363901249220096a8d,/home/sparsh/Naplam/Bangladesh-UAV-PlantDisease/Training Dataset/Mixed/TN-1774.jpg,Mixed,TN-1774.jpg,2
08f3f27b172a89eab00818821863aeab,/home/sparsh/Naplam/Bangladesh-UAV-PlantDisease/Training Dataset/Cotton Bollworm Infestation/TN-353.jpg,Cotton Bollworm Infestation,TN-353.jpg,0
4693c5267d90156d1379c0027640c711,/home/sparsh/Naplam/Bangladesh-UAV-PlantDisease/Training Dataset/Cotton Bollworm Infestation/TN-411.jpg,Cotton Bollworm Infestation,TN-411.jpg,0
de1252b48524ce4c4a3dae1e2738b72c,/home/sparsh/Naplam/Bangladesh-UAV-PlantDisease/Test Dataset/Hail damages/TN-2575.jpg,Hail damage,TN-2575.jpg,1
f8df44ae21769c73fe0932d4f91881b0,/home/sparsh/Naplam/Bangladesh-UAV-PlantDisease/Test Dataset/Hail damages/TN-2358.jpg,Hail damage,TN-2358.jpg,1
661c3401f20b76b2d4f1b134c45d14c6,/home/sparsh/Naplam/Bangladesh-UAV-PlantDisease/Training Dataset/Root Damage/TN-400.jpg,Root Damage,TN-400.jpg,3
2bdb470251e0eb145e5915ca581b879b,/home/sparsh/Naplam/Bangladesh-UAV-PlantDisease/Training Dataset/Mixed/TN-1613.jpg,Mixed,TN-1613.jpg,2
308c0590517bb81de9e0dbc38deb8e31,/home/sparsh/Naplam/Bangladesh-UAV-PlantDisease/Test Dataset/Hail damages/TN-478.jpg,Hail damage,TN-478.jpg,1
f29b141cf89364ef4d2fbd3f60f9e494,/home/sparsh/Naplam/Bangladesh-UAV-PlantDisease/Test Dataset/Hail damages/TN-1307.jpg,Hail damage,TN-1307.jpg,1
bb73354075752a6e8d3e030d6008bf9a,/home/sparsh/Naplam/Bangladesh-UAV-PlantDisease/Training Dataset/Root Damage/TN-200.jpg,Root Damage,TN-200.jpg,3
c9cd73c6ed19c8e51dfc35343ec83731,/home/sparsh/Naplam/Bangladesh-UAV-PlantDisease/Training Dataset/Mixed/TN-2369.jpg,Mixed,TN-2369.jpg,2
32517b098990d149b4fe9f42e3693bcb,/home/sparsh/Naplam/Bangladesh-UAV-PlantDisease/Test Dataset/Cotton Bollworm Infestation/TN-70.jpg,Cotton Bollworm Infestation,TN-70.jpg,0
f36a15106adac3bda5fa1afeb222c960,/home/sparsh/Naplam/Bangladesh-UAV-PlantDisease/Test Dataset/Hail damages/TN-1927.jpg,Hail damage,TN-1927.jpg,1
974722b42ea9c7bf5a5b801d5af4fa68,/home/sparsh/Naplam/Bangladesh-UAV-PlantDisease/Test Dataset/Hail damages/TN-690.jpg,Hail damage,TN-690.jpg,1
48a96d5990ca7e61157bcacb63f1cf6f,/home/sparsh/Naplam/Bangladesh-UAV-PlantDisease/Training Dataset/Mixed/TN-1066.jpg,Mixed,TN-1066.jpg,2
ad7cb3d9529aba4625ed3b7f93954421,/home/sparsh/Naplam/Bangladesh-UAV-PlantDisease/Training Dataset/Cotton Bollworm Infestation/TN-383.jpg,Cotton Bollworm Infestation,TN-383.jpg,0
7bfa67e0cc15564dc263e14295c59f37,/home/sparsh/Naplam/Bangladesh-UAV-PlantDisease/Test Dataset/Hail damages/TN-747.jpg,Hail damage,TN-747.jpg,1
17f3f1dccbb87bf242fb725b7365d437,/home/sparsh/Naplam/Bangladesh-UAV-PlantDisease/Training Dataset/Mixed/TN-277.jpg,Mixed,TN-277.jpg,2
368374360c6b98b755d1be9cc64bdcf3,/home/sparsh/Naplam/Bangladesh-UAV-PlantDisease/Training Dataset/Cotton Bollworm Infestation/TN-72.jpg,Cotton Bollworm Infestation,TN-72.jpg,0
c3e539c5a598dd33e73edc02935fd965,/home/sparsh/Naplam/Bangladesh-UAV-PlantDisease/Training Dataset/Hail damage/TN-709.jpg,Hail damage,TN-709.jpg,1
9deca989cc632c9245039782bceddcab,/home/sparsh/Naplam/Bangladesh-UAV-PlantDisease/Training Dataset/Mixed/TN-538.jpg,Mixed,TN-538.jpg,2
e3c3fea3aa8a70684d72d88f3ff6b2a5,/home/sparsh/Naplam/Bangladesh-UAV-PlantDisease/Test Dataset/Cotton Bollworm Infestation/TN-260.jpg,Cotton Bollworm Infestation,TN-260.jpg,0
6c2b3cd8aa0b47b24538fb5ba6df5e4f,/home/sparsh/Naplam/Bangladesh-UAV-PlantDisease/Training Dataset/Cotton Bollworm Infestation/TN-261.jpg,Cotton Bollworm Infestation,TN-261.jpg,0
f4e8fdc66f44acb6e370c6ab50ade3d8,/home/sparsh/Naplam/Bangladesh-UAV-PlantDisease/Training Dataset/Strong-Light Burn/TN-317.jpg,Strong-Light Burn,TN-317.jpg,4
50c7bcb26c9ff908452cd2576bcc7eaa,/home/sparsh/Naplam/Bangladesh-UAV-PlantDisease/Training Dataset/Strong-Light Burn/TN-259.jpg,Strong-Light Burn,TN-259.jpg,4
98be281ac88a00ffee595237b44eea10,/home/sparsh/Naplam/Bangladesh-UAV-PlantDisease/Training Dataset/Mixed/TN-1763.jpg,Mixed,TN-1763.jpg,2
608ecdfc465e8fac78da8b3fff268b0c,/home/sparsh/Naplam/Bangladesh-UAV-PlantDisease/Training Dataset/Root Damage/TN-253.jpg,Root Damage,TN-253.jpg,3
31e227ec89c4747a895843f3bfe04e89,/home/sparsh/Naplam/Bangladesh-UAV-PlantDisease/Training Dataset/Cotton Bollworm Infestation/TN-703.jpg,Cotton Bollworm Infestation,TN-703.jpg,0
241467bfb825604837c335f24460549c,/home/sparsh/Naplam/Bangladesh-UAV-PlantDisease/Training Dataset/Root Damage/TN-150.jpg,Root Damage,TN-150.jpg,3
8cfc3c13cedd599ac9f1e553572730c0,/home/sparsh/Naplam/Bangladesh-UAV-PlantDisease/Training Dataset/Mixed/TN-620.jpg,Mixed,TN-620.jpg,2
809a7abf8951227ee6bf752213a5c8d7,/home/sparsh/Naplam/Bangladesh-UAV-PlantDisease/Training Dataset/Hail damage/TN-460.jpg,Hail damage,TN-460.jpg,1
945196ea1681b06643c5cc4e6a97c393,/home/sparsh/Naplam/Bangladesh-UAV-PlantDisease/Training Dataset/Root Damage/TN-651.jpg,Root Damage,TN-651.jpg,3
ea80e6dd2bcf80d38d36a3d75787f873,/home/sparsh/Naplam/Bangladesh-UAV-PlantDisease/Test Dataset/Cotton Bollworm Infestation/TN-160.jpg,Cotton Bollworm Infestation,TN-160.jpg,0
8e6d8f43a24995c3d87d0c2a48ed7b36,/home/sparsh/Naplam/Bangladesh-UAV-PlantDisease/Training Dataset/Cotton Bollworm Infestation/TN-627.jpg,Cotton Bollworm Infestation,TN-627.jpg,0
aa26e1222d351dab790e94d036470b2c,/home/sparsh/Naplam/Bangladesh-UAV-PlantDisease/Test Dataset/Hail damages/TN-2157.jpg,Hail damage,TN-2157.jpg,1
bad2a73b9d9763d5be942e2fa72babeb,/home/sparsh/Naplam/Bangladesh-UAV-PlantDisease/Training Dataset/Cotton Bollworm Infestation/TN-126.jpg,Cotton Bollworm Infestation,TN-126.jpg,0
bb5cc2e2d0930be915cc50902dc06a8e,/home/sparsh/Naplam/Bangladesh-UAV-PlantDisease/Training Dataset/Mixed/TN-2162.jpg,Mixed,TN-2162.jpg,2
3379e7f555c8c052a3c2b6795f730e88,/home/sparsh/Naplam/Bangladesh-UAV-PlantDisease/Training Dataset/Hail damage/TN-689.jpg,Hail damage,TN-689.jpg,1
0e44040e43e798f311f5303c8247cb83,/home/sparsh/Naplam/Bangladesh-UAV-PlantDisease/Training Dataset/Cotton Bollworm Infestation/TN-976.jpg,Cotton Bollworm Infestation,TN-976.jpg,0
43149d95b045232e4cb1d009af5ec454,/home/sparsh/Naplam/Bangladesh-UAV-PlantDisease/Test Dataset/Hail damages/TN-2918.jpg,Hail damage,TN-2918.jpg,1
ab36c27614ea33555fb83e22204f5980,/home/sparsh/Naplam/Bangladesh-UAV-PlantDisease/Training Dataset/Strong-Light Burn/TN-439.jpg,Strong-Light Burn,TN-439.jpg,4
9ca54f59cd731799195a55007d3994ed,/home/sparsh/Naplam/Bangladesh-UAV-PlantDisease/Training Dataset/Root Damage/TN-745.jpg,Root Damage,TN-745.jpg,3
289ac3444adc51fb78d20f40de3a4380,/home/sparsh/Naplam/Bangladesh-UAV-PlantDisease/Training Dataset/Mixed/TN-1888.jpg,Mixed,TN-1888.jpg,2
5b97c83a4bd30646344864f79218be2e,/home/sparsh/Naplam/Bangladesh-UAV-PlantDisease/Training Dataset/Cotton Bollworm Infestation/TN-181.jpg,Cotton Bollworm Infestation,TN-181.jpg,0
030a0047daa681b54246abb9809318f8,/home/sparsh/Naplam/Bangladesh-UAV-PlantDisease/Test Dataset/Hail damages/TN-2209.jpg,Hail damage,TN-2209.jpg,1
712c88927382c4a833ec3d9f8bc8d5be,/home/sparsh/Naplam/Bangladesh-UAV-PlantDisease/Training Dataset/Cotton Bollworm Infestation/TN-275.jpg,Cotton Bollworm Infestation,TN-275.jpg,0
3ae4974027331dc2aca17b34a6383285,/home/sparsh/Naplam/Bangladesh-UAV-PlantDisease/Training Dataset/Mixed/TN-2323.jpg,Mixed,TN-2323.jpg,2
ba9a3554920d0ef92ba92bb7375550c1,/home/sparsh/Naplam/Bangladesh-UAV-PlantDisease/Training Dataset/Strong-Light Burn/TN-480.jpg,Strong-Light Burn,TN-480.jpg,4
5c849eafe68ce0218edc13d8959a8a6e,/home/sparsh/Naplam/Bangladesh-UAV-PlantDisease/Training Dataset/Mixed/TN-1955.jpg,Mixed,TN-1955.jpg,2
3afdbfada7eb7a285036343380823405,/home/sparsh/Naplam/Bangladesh-UAV-PlantDisease/Training Dataset/Strong-Light Burn/TN-339.jpg,Strong-Light Burn,TN-339.jpg,4
046662244cfc73b9d8b271093a4c584f,/home/sparsh/Naplam/Bangladesh-UAV-PlantDisease/Training Dataset/Cotton Bollworm Infestation/TN-570.jpg,Cotton Bollworm Infestation,TN-570.jpg,0
263731354c2d801e4bc90c895f32a6b5,/home/sparsh/Naplam/Bangladesh-UAV-PlantDisease/Test Dataset/Hail damages/TN-1378.jpg,Hail damage,TN-1378.jpg,1
dd4823a9a780120be21f33f3033354e9,/home/sparsh/Naplam/Bangladesh-UAV-PlantDisease/Test Dataset/Hail damages/TN-548.jpg,Hail damage,TN-548.jpg,1
41ee8f8606b8326eb2a4f393cf8435e5,/home/sparsh/Naplam/Bangladesh-UAV-PlantDisease/Test Dataset/Hail damages/TN-2535.jpg,Hail damage,TN-2535.jpg,1
77261804acb8a871af433bc7ab2e5fea,/home/sparsh/Naplam/Bangladesh-UAV-PlantDisease/Training Dataset/Cotton Bollworm Infestation/TN-895.jpg,Cotton Bollworm Infestation,TN-895.jpg,0
7ab3f2f09e04330d1504e3c023084ec0,/home/sparsh/Naplam/Bangladesh-UAV-PlantDisease/Training Dataset/Root Damage/TN-10.jpg,Root Damage,TN-10.jpg,3
0fbd04bc52c1e4336ceaf71482e4a98c,/home/sparsh/Naplam/Bangladesh-UAV-PlantDisease/Training Dataset/Cotton Bollworm Infestation/TN-128.jpg,Cotton Bollworm Infestation,TN-128.jpg,0
997f7cd5e95ffef379eb3a7b6adfbedf,/home/sparsh/Naplam/Bangladesh-UAV-PlantDisease/Training Dataset/Hail damage/TN-411.jpg,Hail damage,TN-411.jpg,1
2b39a172c12637916c00aea4de13f0da,/home/sparsh/Naplam/Bangladesh-UAV-PlantDisease/Training Dataset/Strong-Light Burn/TN-639.jpg,Strong-Light Burn,TN-639.jpg,4
4bc0fd7655085ff4a9c0e4c44858fda4,/home/sparsh/Naplam/Bangladesh-UAV-PlantDisease/Training Dataset/Mixed/TN-483.jpg,Mixed,TN-483.jpg,2
2596d43e3b58ac32e415b6ef62c56cea,/home/sparsh/Naplam/Bangladesh-UAV-PlantDisease/Training Dataset/Mixed/TN-1087.jpg,Mixed,TN-1087.jpg,2
77196b0fdcafb310de601723d7ae52e9,/home/sparsh/Naplam/Bangladesh-UAV-PlantDisease/Test Dataset/Hail damages/TN-419.jpg,Hail damage,TN-419.jpg,1
357f17d78ed3c2df911bf1e7ce285053,/home/sparsh/Naplam/Bangladesh-UAV-PlantDisease/Test Dataset/Hail damages/TN-2568.jpg,Hail damage,TN-2568.jpg,1
de0325f6d5ac404659bea628e71ab429,/home/sparsh/Naplam/Bangladesh-UAV-PlantDisease/Training Dataset/Cotton Bollworm Infestation/TN-119.jpg,Cotton Bollworm Infestation,TN-119.jpg,0
72efb722a4baca59ed1b8db97a732971,/home/sparsh/Naplam/Bangladesh-UAV-PlantDisease/Training Dataset/Root Damage/TN-341.jpg,Root Damage,TN-341.jpg,3
48c2b3cfe9cede81817a26c3a4daf187,/home/sparsh/Naplam/Bangladesh-UAV-PlantDisease/Training Dataset/Cotton Bollworm Infestation/TN-296.jpg,Cotton Bollworm Infestation,TN-296.jpg,0
6572a2458177a95fe2f194b7ba84152b,/home/sparsh/Naplam/Bangladesh-UAV-PlantDisease/Training Dataset/Root Damage/TN-53.jpg,Root Damage,TN-53.jpg,3
1f9dcfc2afe7ed07b5b42b41d7193e26,/home/sparsh/Naplam/Bangladesh-UAV-PlantDisease/Training Dataset/Root Damage/TN-693.jpg,Root Damage,TN-693.jpg,3
e80ea0fe8a85eb6c1d32acc8b756a82c,/home/sparsh/Naplam/Bangladesh-UAV-PlantDisease/Test Dataset/Hail damages/TN-976.jpg,Hail damage,TN-976.jpg,1
a33932abd8ffa19b4e911c22bce0d23c,/home/sparsh/Naplam/Bangladesh-UAV-PlantDisease/Training Dataset/Cotton Bollworm Infestation/TN-45.jpg,Cotton Bollworm Infestation,TN-45.jpg,0
081d9e023fc916acbfefb9a1feef51d9,/home/sparsh/Naplam/Bangladesh-UAV-PlantDisease/Training Dataset/Mixed/TN-1714.jpg,Mixed,TN-1714.jpg,2
fa4168bf49834d70677581467a8b3356,/home/sparsh/Naplam/Bangladesh-UAV-PlantDisease/Training Dataset/Root Damage/TN-365.jpg,Root Damage,TN-365.jpg,3
d20e62fa07f0980abbe7b90f66dc4a52,/home/sparsh/Naplam/Bangladesh-UAV-PlantDisease/Training Dataset/Cotton Bollworm Infestation/TN-300.jpg,Cotton Bollworm Infestation,TN-300.jpg,0
8958f035eb8fab25798c41ded760b834,/home/sparsh/Naplam/Bangladesh-UAV-PlantDisease/Training Dataset/Root Damage/TN-565.jpg,Root Damage,TN-565.jpg,3
9c3636061b846559a494906216d72d9e,/home/sparsh/Naplam/Bangladesh-UAV-PlantDisease/Training Dataset/Root Damage/TN-274.jpg,Root Damage,TN-274.jpg,3
1aa4e0c2605e1af5afbf32485a178902,/home/sparsh/Naplam/Bangladesh-UAV-PlantDisease/Test Dataset/Strong-Light Burn/TN-10.jpg,Strong-Light Burn,TN-10.jpg,4
459df20fdc48cc36d7c827e83f40544e,/home/sparsh/Naplam/Bangladesh-UAV-PlantDisease/Training Dataset/Hail damage/TN-153.jpg,Hail damage,TN-153.jpg,1
daf33c4309ff2046635e4beb9cfe7a00,/home/sparsh/Naplam/Bangladesh-UAV-PlantDisease/Training Dataset/Mixed/TN-852.jpg,Mixed,TN-852.jpg,2
065c64586ddbd785347551d7172a2d7f,/home/sparsh/Naplam/Bangladesh-UAV-PlantDisease/Test Dataset/Root Damage/TN-270.jpg,Root Damage,TN-270.jpg,3
45ec460f19ba0be1b5ccdcd39419bb24,/home/sparsh/Naplam/Bangladesh-UAV-PlantDisease/Training Dataset/Cotton Bollworm Infestation/TN-48.jpg,Cotton Bollworm Infestation,TN-48.jpg,0
3e255a22eeb9a33216db2f81e3a9385a,/home/sparsh/Naplam/Bangladesh-UAV-PlantDisease/Training Dataset/Root Damage/TN-267.jpg,Root Damage,TN-267.jpg,3
6d5244e3e3ac769b316c01ad7b057d8a,/home/sparsh/Naplam/Bangladesh-UAV-PlantDisease/Training Dataset/Cotton Bollworm Infestation/TN-1014.jpg,Cotton Bollworm Infestation,TN-1014.jpg,0
f442b7c4e0ac33a0919ddff85f0043d8,/home/sparsh/Naplam/Bangladesh-UAV-PlantDisease/Test Dataset/Hail damages/TN-2815.jpg,Hail damage,TN-2815.jpg,1
87f3c4dc225a5e1653d80d05cc46dca8,/home/sparsh/Naplam/Bangladesh-UAV-PlantDisease/Training Dataset/Root Damage/TN-721.jpg,Root Damage,TN-721.jpg,3
edcda176d424e33ede07e2ea4770a509,/home/sparsh/Naplam/Bangladesh-UAV-PlantDisease/Test Dataset/Hail damages/TN-749.jpg,Hail damage,TN-749.jpg,1
5ecb1259fb5b7f35f10212fbd7547e7b,/home/sparsh/Naplam/Bangladesh-UAV-PlantDisease/Training Dataset/Strong-Light Burn/TN-86.jpg,Strong-Light Burn,TN-86.jpg,4
c3b3730a49ffa19beebb423f7c31f8a5,/home/sparsh/Naplam/Bangladesh-UAV-PlantDisease/Training Dataset/Hail damage/TN-740.jpg,Hail damage,TN-740.jpg,1
79fd5ab685dfe47a0f87d4d47a84975d,/home/sparsh/Naplam/Bangladesh-UAV-PlantDisease/Training Dataset/Hail damage/TN-750.jpg,Hail damage,TN-750.jpg,1
0a117b3b22a7157a6af3fe3a3aebfd0f,/home/sparsh/Naplam/Bangladesh-UAV-PlantDisease/Training Dataset/Root Damage/TN-213.jpg,Root Damage,TN-213.jpg,3
c95de5a123593fd2614489876c119a02,/home/sparsh/Naplam/Bangladesh-UAV-PlantDisease/Test Dataset/Hail damages/TN-2779.jpg,Hail damage,TN-2779.jpg,1
58190649aba263b57a1cc53f1b6326e9,/home/sparsh/Naplam/Bangladesh-UAV-PlantDisease/Training Dataset/Cotton Bollworm Infestation/TN-117.jpg,Cotton Bollworm Infestation,TN-117.jpg,0
e5af5e95008deaab40f8a734b5ec9ebb,/home/sparsh/Naplam/Bangladesh-UAV-PlantDisease/Test Dataset/Hail damages/TN-596.jpg,Hail damage,TN-596.jpg,1
d2d33eee880d293c1180ac866fa84535,/home/sparsh/Naplam/Bangladesh-UAV-PlantDisease/Test Dataset/Hail damages/TN-53.jpg,Hail damage,TN-53.jpg,1
d12c3053391412f3cdfe5a43090ef513,/home/sparsh/Naplam/Bangladesh-UAV-PlantDisease/Training Dataset/Hail damage/TN-471.jpg,Hail damage,TN-471.jpg,1
89e7427b1ea8d4cdf6ebf5ae93e6aec4,/home/sparsh/Naplam/Bangladesh-UAV-PlantDisease/Test Dataset/Root Damage/TN-340.jpg,Root Damage,TN-340.jpg,3
53e6ac2d7a3b6ead481eebcdea5e99c2,/home/sparsh/Naplam/Bangladesh-UAV-PlantDisease/Training Dataset/Cotton Bollworm Infestation/TN-156.jpg,Cotton Bollworm Infestation,TN-156.jpg,0
ec1cd9f783370be5e731426e3ef412a7,/home/sparsh/Naplam/Bangladesh-UAV-PlantDisease/Training Dataset/Hail damage/TN-746.jpg,Hail damage,TN-746.jpg,1
04ece1f108ccca8e3b74031e35477f16,/home/sparsh/Naplam/Bangladesh-UAV-PlantDisease/Training Dataset/Root Damage/TN-114.jpg,Root Damage,TN-114.jpg,3
20b0863ccf34f30bcea936d3da527601,/home/sparsh/Naplam/Bangladesh-UAV-PlantDisease/Training Dataset/Root Damage/TN-815.jpg,Root Damage,TN-815.jpg,3
33ce7eb5b32c8cfd6b4f6074280d306b,/home/sparsh/Naplam/Bangladesh-UAV-PlantDisease/Test Dataset/Hail damages/TN-1760.jpg,Hail damage,TN-1760.jpg,1
bbd3c5a89ce7e44be13b5efc4facf347,/home/sparsh/Naplam/Bangladesh-UAV-PlantDisease/Training Dataset/Mixed/TN-1850.jpg,Mixed,TN-1850.jpg,2
b054f78fafa056ee3a5f049676550055,/home/sparsh/Naplam/Bangladesh-UAV-PlantDisease/Training Dataset/Strong-Light Burn/TN-391.jpg,Strong-Light Burn,TN-391.jpg,4
b749915e7a2c779b02e3da0f7b706883,/home/sparsh/Naplam/Bangladesh-UAV-PlantDisease/Test Dataset/Hail damages/TN-1976.jpg,Hail damage,TN-1976.jpg,1
81c1f98f00b73581017d0d9749614f9b,/home/sparsh/Naplam/Bangladesh-UAV-PlantDisease/Test Dataset/Mixed/TN-171.jpg,Mixed,TN-171.jpg,2
fe6ca855648f7b87defb04ce6eb415ed,/home/sparsh/Naplam/Bangladesh-UAV-PlantDisease/Test Dataset/Hail damages/TN-1577.jpg,Hail damage,TN-1577.jpg,1
1c40dc82535de38a281e84afd23518b4,/home/sparsh/Naplam/Bangladesh-UAV-PlantDisease/Training Dataset/Mixed/TN-641.jpg,Mixed,TN-641.jpg,2
67b32d3377df5ec20340e17f3969120a,/home/sparsh/Naplam/Bangladesh-UAV-PlantDisease/Training Dataset/Strong-Light Burn/TN-214.jpg,Strong-Light Burn,TN-214.jpg,4
565c50dee169240cfc232d1b73528ad7,/home/sparsh/Naplam/Bangladesh-UAV-PlantDisease/Training Dataset/Strong-Light Burn/TN-181.jpg,Strong-Light Burn,TN-181.jpg,4
d59fa94c87867b325e0eac0b0de08c6c,/home/sparsh/Naplam/Bangladesh-UAV-PlantDisease/Test Dataset/Hail damages/TN-2098.jpg,Hail damage,TN-2098.jpg,1
96514469b5b2f9100bf9f0ed7f2e520e,/home/sparsh/Naplam/Bangladesh-UAV-PlantDisease/Test Dataset/Hail damages/TN-1801.jpg,Hail damage,TN-1801.jpg,1
0de36d44d0fb6f254bd7c497b22f804e,/home/sparsh/Naplam/Bangladesh-UAV-PlantDisease/Training Dataset/Hail damage/TN-198.jpg,Hail damage,TN-198.jpg,1
d6ed8abac424de3fde7767c28804ff48,/home/sparsh/Naplam/Bangladesh-UAV-PlantDisease/Training Dataset/Cotton Bollworm Infestation/TN-182.jpg,Cotton Bollworm Infestation,TN-182.jpg,0
9ca95cde36e9a3b0ae41674b826d636b,/home/sparsh/Naplam/Bangladesh-UAV-PlantDisease/Training Dataset/Cotton Bollworm Infestation/TN-636.jpg,Cotton Bollworm Infestation,TN-636.jpg,0
12d18699250380823cd7397b8dab3274,/home/sparsh/Naplam/Bangladesh-UAV-PlantDisease/Training Dataset/Root Damage/TN-33.jpg,Root Damage,TN-33.jpg,3
0c9f8cc5d384460f4e7a19969ac29a03,/home/sparsh/Naplam/Bangladesh-UAV-PlantDisease/Training Dataset/Mixed/TN-1044.jpg,Mixed,TN-1044.jpg,2
9af07294c8f40f8efb5d536ae0933b1a,/home/sparsh/Naplam/Bangladesh-UAV-PlantDisease/Test Dataset/Hail damages/TN-1285.jpg,Hail damage,TN-1285.jpg,1
5c31561458377aef5c13e9f86b4e466d,/home/sparsh/Naplam/Bangladesh-UAV-PlantDisease/Training Dataset/Root Damage/TN-171.jpg,Root Damage,TN-171.jpg,3
35f2ccb46615d9c284749464d8a5de21,/home/sparsh/Naplam/Bangladesh-UAV-PlantDisease/Test Dataset/Root Damage/TN-22.jpg,Root Damage,TN-22.jpg,3
1ad645b12b7b29dbb8d5be83cb19732c,/home/sparsh/Naplam/Bangladesh-UAV-PlantDisease/Training Dataset/Mixed/TN-503.jpg,Mixed,TN-503.jpg,2
0760b3faa5ba129b3e0dc211b4277a79,/home/sparsh/Naplam/Bangladesh-UAV-PlantDisease/Training Dataset/Strong-Light Burn/TN-456.jpg,Strong-Light Burn,TN-456.jpg,4
f6572061a49168b4ab28c03c5f22e300,/home/sparsh/Naplam/Bangladesh-UAV-PlantDisease/Training Dataset/Hail damage/TN-244.jpg,Hail damage,TN-244.jpg,1
e6c56a6114c05cf98d3dfd4b46763807,/home/sparsh/Naplam/Bangladesh-UAV-PlantDisease/Test Dataset/Hail damages/TN-897.jpg,Hail damage,TN-897.jpg,1
798a0d59a27422c4372fb81794e1fca4,/home/sparsh/Naplam/Bangladesh-UAV-PlantDisease/Training Dataset/Mixed/TN-1052.jpg,Mixed,TN-1052.jpg,2
9b5abc6585019fb9006b165e610f91b4,/home/sparsh/Naplam/Bangladesh-UAV-PlantDisease/Test Dataset/Hail damages/TN-828.jpg,Hail damage,TN-828.jpg,1
a11b1b9d0ac9c6af5556ba605a0d8c9e,/home/sparsh/Naplam/Bangladesh-UAV-PlantDisease/Test Dataset/Hail damages/TN-2022.jpg,Hail damage,TN-2022.jpg,1
daa10753e61707918602b82ef3467a88,/home/sparsh/Naplam/Bangladesh-UAV-PlantDisease/Training Dataset/Mixed/TN-1272.jpg,Mixed,TN-1272.jpg,2
98f4208ba5486ecd5232df7d155a5cf6,/home/sparsh/Naplam/Bangladesh-UAV-PlantDisease/Test Dataset/Hail damages/TN-1243.jpg,Hail damage,TN-1243.jpg,1
bc742721d00850b3cd43f236a9430f05,/home/sparsh/Naplam/Bangladesh-UAV-PlantDisease/Training Dataset/Mixed/TN-1373.jpg,Mixed,TN-1373.jpg,2
86d2975e38e7c7d2918235534510887c,/home/sparsh/Naplam/Bangladesh-UAV-PlantDisease/Training Dataset/Mixed/TN-1476.jpg,Mixed,TN-1476.jpg,2
b6a72588a62599da1761a77d27bb35f8,/home/sparsh/Naplam/Bangladesh-UAV-PlantDisease/Training Dataset/Hail damage/TN-581.jpg,Hail damage,TN-581.jpg,1
66875a0b076773be7059a389adc2d275,/home/sparsh/Naplam/Bangladesh-UAV-PlantDisease/Training Dataset/Mixed/TN-1247.jpg,Mixed,TN-1247.jpg,2
70be7e8ed539660b557ccd8cafb621d7,/home/sparsh/Naplam/Bangladesh-UAV-PlantDisease/Training Dataset/Strong-Light Burn/TN-343.jpg,Strong-Light Burn,TN-343.jpg,4
7efec85f6b3c165408960121a55a0e9d,/home/sparsh/Naplam/Bangladesh-UAV-PlantDisease/Training Dataset/Mixed/TN-1989.jpg,Mixed,TN-1989.jpg,2
113f16d648d9f0dd93e3856713292f59,/home/sparsh/Naplam/Bangladesh-UAV-PlantDisease/Test Dataset/Hail damages/TN-520.jpg,Hail damage,TN-520.jpg,1
9be48cd03fb035360f84ba21dc927173,/home/sparsh/Naplam/Bangladesh-UAV-PlantDisease/Training Dataset/Cotton Bollworm Infestation/TN-1030.jpg,Cotton Bollworm Infestation,TN-1030.jpg,0
ca94fc79e89ca4406fc21444c5d21acf,/home/sparsh/Naplam/Bangladesh-UAV-PlantDisease/Training Dataset/Root Damage/TN-578.jpg,Root Damage,TN-578.jpg,3
edd2469dbf6ed1052c3ff66bd64d1a38,/home/sparsh/Naplam/Bangladesh-UAV-PlantDisease/Test Dataset/Hail damages/TN-2900.jpg,Hail damage,TN-2900.jpg,1
43fd77461d704ca66808a499b61beca5,/home/sparsh/Naplam/Bangladesh-UAV-PlantDisease/Training Dataset/Mixed/TN-2232.jpg,Mixed,TN-2232.jpg,2
95f1b92293705416615981b65acf2988,/home/sparsh/Naplam/Bangladesh-UAV-PlantDisease/Training Dataset/Mixed/TN-1589.jpg,Mixed,TN-1589.jpg,2
1c62673e058428fb8a50fe57c0361f31,/home/sparsh/Naplam/Bangladesh-UAV-PlantDisease/Training Dataset/Strong-Light Burn/TN-592.jpg,Strong-Light Burn,TN-592.jpg,4
f1bdb2f78b8141bbd292659cd8e2f1be,/home/sparsh/Naplam/Bangladesh-UAV-PlantDisease/Training Dataset/Cotton Bollworm Infestation/TN-571.jpg,Cotton Bollworm Infestation,TN-571.jpg,0
cf1827d066ef98e231114b3b7e7b9e30,/home/sparsh/Naplam/Bangladesh-UAV-PlantDisease/Training Dataset/Cotton Bollworm Infestation/TN-608.jpg,Cotton Bollworm Infestation,TN-608.jpg,0
35886407a25b9b117865a12dd4fcc3d8,/home/sparsh/Naplam/Bangladesh-UAV-PlantDisease/Training Dataset/Mixed/TN-2216.jpg,Mixed,TN-2216.jpg,2
5ff0dc238d58f2c63ee2cd3b4ab6cfc5,/home/sparsh/Naplam/Bangladesh-UAV-PlantDisease/Training Dataset/Hail damage/TN-52.jpg,Hail damage,TN-52.jpg,1
7610f49dd6fe4574fab632213c60e404,/home/sparsh/Naplam/Bangladesh-UAV-PlantDisease/Training Dataset/Mixed/TN-2221.jpg,Mixed,TN-2221.jpg,2
f0607e7570c81cd39d918f0637d81e61,/home/sparsh/Naplam/Bangladesh-UAV-PlantDisease/Training Dataset/Cotton Bollworm Infestation/TN-782.jpg,Cotton Bollworm Infestation,TN-782.jpg,0
e3b3d460a7d15604c7c7b53f7170cc70,/home/sparsh/Naplam/Bangladesh-UAV-PlantDisease/Training Dataset/Strong-Light Burn/TN-533.jpg,Strong-Light Burn,TN-533.jpg,4
00e531cdae64802c54528fd1ef2c7591,/home/sparsh/Naplam/Bangladesh-UAV-PlantDisease/Training Dataset/Root Damage/TN-692.jpg,Root Damage,TN-692.jpg,3
4a3705a72c4024ddaa481432c52f4b88,/home/sparsh/Naplam/Bangladesh-UAV-PlantDisease/Training Dataset/Mixed/TN-744.jpg,Mixed,TN-744.jpg,2
d94a55100214011688e9a98c7f17b2ed,/home/sparsh/Naplam/Bangladesh-UAV-PlantDisease/Training Dataset/Mixed/TN-1961.jpg,Mixed,TN-1961.jpg,2
e32fcaeb23826e2b6efd0db27438d9da,/home/sparsh/Naplam/Bangladesh-UAV-PlantDisease/Training Dataset/Strong-Light Burn/TN-454.jpg,Strong-Light Burn,TN-454.jpg,4
2f4885d715bb08e32321d7468d1cf881,/home/sparsh/Naplam/Bangladesh-UAV-PlantDisease/Test Dataset/Hail damages/TN-2202.jpg,Hail damage,TN-2202.jpg,1
8473f785da59a2fe4b431f7a49d25624,/home/sparsh/Naplam/Bangladesh-UAV-PlantDisease/Training Dataset/Cotton Bollworm Infestation/TN-694.jpg,Cotton Bollworm Infestation,TN-694.jpg,0
f8ffdb30f50947af32fbb1cd0bed5a50,/home/sparsh/Naplam/Bangladesh-UAV-PlantDisease/Test Dataset/Hail damages/TN-2834.jpg,Hail damage,TN-2834.jpg,1
6106c4c1bd953b5597d637c9ccaffeca,/home/sparsh/Naplam/Bangladesh-UAV-PlantDisease/Training Dataset/Mixed/TN-6.jpg,Mixed,TN-6.jpg,2
93421022512ff72d0aadb8647fc7f812,/home/sparsh/Naplam/Bangladesh-UAV-PlantDisease/Test Dataset/Hail damages/TN-1786.jpg,Hail damage,TN-1786.jpg,1
101bc59575f430cda6f41b8f4c6ac978,/home/sparsh/Naplam/Bangladesh-UAV-PlantDisease/Training Dataset/Mixed/TN-1212.jpg,Mixed,TN-1212.jpg,2
9acde49a02f93731ca13d29bdf28c5c3,/home/sparsh/Naplam/Bangladesh-UAV-PlantDisease/Test Dataset/Hail damages/TN-2555.jpg,Hail damage,TN-2555.jpg,1
2c37fca7fbd377d8cba16850e8adbdab,/home/sparsh/Naplam/Bangladesh-UAV-PlantDisease/Test Dataset/Hail damages/TN-2015.jpg,Hail damage,TN-2015.jpg,1
c9543793bdd819ce4a8325d35191a90c,/home/sparsh/Naplam/Bangladesh-UAV-PlantDisease/Training Dataset/Hail damage/TN-263.jpg,Hail damage,TN-263.jpg,1
00171500fb474cb030598c73b8342403,/home/sparsh/Naplam/Bangladesh-UAV-PlantDisease/Training Dataset/Mixed/TN-2166.jpg,Mixed,TN-2166.jpg,2
32bef22ce4a764c70c366ae2d6fa2d32,/home/sparsh/Naplam/Bangladesh-UAV-PlantDisease/Training Dataset/Hail damage/TN-464.jpg,Hail damage,TN-464.jpg,1
c44d7922e903ae0411188c4271b304d0,/home/sparsh/Naplam/Bangladesh-UAV-PlantDisease/Training Dataset/Root Damage/TN-128.jpg,Root Damage,TN-128.jpg,3
e30d6907512d93484b08fea9ba042442,/home/sparsh/Naplam/Bangladesh-UAV-PlantDisease/Test Dataset/Mixed/TN-470.jpg,Mixed,TN-470.jpg,2
5e89e67f9ae3acd6e689e951a2eb7408,/home/sparsh/Naplam/Bangladesh-UAV-PlantDisease/Training Dataset/Cotton Bollworm Infestation/TN-697.jpg,Cotton Bollworm Infestation,TN-697.jpg,0
cd8901db97368e0d222b364d36f7bd5e,/home/sparsh/Naplam/Bangladesh-UAV-PlantDisease/Training Dataset/Root Damage/TN-154.jpg,Root Damage,TN-154.jpg,3
abee8a09745b9c6ae1101eb998069693,/home/sparsh/Naplam/Bangladesh-UAV-PlantDisease/Test Dataset/Hail damages/TN-408.jpg,Hail damage,TN-408.jpg,1
1bbb8c22e8f118becf267aca79595043,/home/sparsh/Naplam/Bangladesh-UAV-PlantDisease/Training Dataset/Cotton Bollworm Infestation/TN-805.jpg,Cotton Bollworm Infestation,TN-805.jpg,0
777b89a98dca4701c1d7c5abe8391242,/home/sparsh/Naplam/Bangladesh-UAV-PlantDisease/Training Dataset/Root Damage/TN-804.jpg,Root Damage,TN-804.jpg,3
df0a301150edaad94e12bd7ffd4e344b,/home/sparsh/Naplam/Bangladesh-UAV-PlantDisease/Training Dataset/Strong-Light Burn/TN-675.jpg,Strong-Light Burn,TN-675.jpg,4
88022f6323993c6a830952bcbce7cf3b,/home/sparsh/Naplam/Bangladesh-UAV-PlantDisease/Training Dataset/Root Damage/TN-153.jpg,Root Damage,TN-153.jpg,3
22d709c37267232924417121d69f4cca,/home/sparsh/Naplam/Bangladesh-UAV-PlantDisease/Test Dataset/Hail damages/TN-1776.jpg,Hail damage,TN-1776.jpg,1
c04d5c0f0acd3012b067c4066b7f58fb,/home/sparsh/Naplam/Bangladesh-UAV-PlantDisease/Test Dataset/Hail damages/TN-1922.jpg,Hail damage,TN-1922.jpg,1
3c15d7b8aa96a8519a9a8bd5f2929f74,/home/sparsh/Naplam/Bangladesh-UAV-PlantDisease/Test Dataset/Hail damages/TN-2642.jpg,Hail damage,TN-2642.jpg,1
13f110fa5b54f6773420f4d5cda24726,/home/sparsh/Naplam/Bangladesh-UAV-PlantDisease/Test Dataset/Hail damages/TN-1947.jpg,Hail damage,TN-1947.jpg,1
0674fe544a84912314ef85eb9a8c2b31,/home/sparsh/Naplam/Bangladesh-UAV-PlantDisease/Training Dataset/Strong-Light Burn/TN-351.jpg,Strong-Light Burn,TN-351.jpg,4
eb3edbadcb252587f44e2fa2c224eb14,/home/sparsh/Naplam/Bangladesh-UAV-PlantDisease/Training Dataset/Hail damage/TN-657.jpg,Hail damage,TN-657.jpg,1
61d13e3f2d47443821fb8d093f45a3b6,/home/sparsh/Naplam/Bangladesh-UAV-PlantDisease/Training Dataset/Mixed/TN-284.jpg,Mixed,TN-284.jpg,2
aecdc599ce91e28197011c8e01776989,/home/sparsh/Naplam/Bangladesh-UAV-PlantDisease/Test Dataset/Hail damages/TN-2697.jpg,Hail damage,TN-2697.jpg,1
100cce3073c5cf2f8f29753ae1cb20fa,/home/sparsh/Naplam/Bangladesh-UAV-PlantDisease/Training Dataset/Hail damage/TN-438.jpg,Hail damage,TN-438.jpg,1
fb1fbf0cdea2eef41edec1fad490d7d6,/home/sparsh/Naplam/Bangladesh-UAV-PlantDisease/Training Dataset/Mixed/TN-94.jpg,Mixed,TN-94.jpg,2
e6bf965200fc86a092be2bf895bc8152,/home/sparsh/Naplam/Bangladesh-UAV-PlantDisease/Training Dataset/Cotton Bollworm Infestation/TN-225.jpg,Cotton Bollworm Infestation,TN-225.jpg,0
e63094c4f37ba38daa4bccf25bbdadc6,/home/sparsh/Naplam/Bangladesh-UAV-PlantDisease/Training Dataset/Hail damage/TN-591.jpg,Hail damage,TN-591.jpg,1
05228bdd499b6a2de6455457f90e5dc7,/home/sparsh/Naplam/Bangladesh-UAV-PlantDisease/Training Dataset/Mixed/TN-764.jpg,Mixed,TN-764.jpg,2
2e5e667f53d35ffcda2ef838fa64e84a,/home/sparsh/Naplam/Bangladesh-UAV-PlantDisease/Training Dataset/Mixed/TN-233.jpg,Mixed,TN-233.jpg,2
d4b20f9592b678d90805e430081314b0,/home/sparsh/Naplam/Bangladesh-UAV-PlantDisease/Training Dataset/Hail damage/TN-81.jpg,Hail damage,TN-81.jpg,1
e525ce520ef5b70c7b7483e7e08ab24f,/home/sparsh/Naplam/Bangladesh-UAV-PlantDisease/Training Dataset/Mixed/TN-69.jpg,Mixed,TN-69.jpg,2
1003e65f0aff4b2ba58e58decf0b7014,/home/sparsh/Naplam/Bangladesh-UAV-PlantDisease/Training Dataset/Mixed/TN-1009.jpg,Mixed,TN-1009.jpg,2
64b67de1c71fe8661b848a0a9413242d,/home/sparsh/Naplam/Bangladesh-UAV-PlantDisease/Training Dataset/Strong-Light Burn/TN-350.jpg,Strong-Light Burn,TN-350.jpg,4
df57471589ff62ab8de9b47b9bef7383,/home/sparsh/Naplam/Bangladesh-UAV-PlantDisease/Training Dataset/Mixed/TN-1597.jpg,Mixed,TN-1597.jpg,2
6a10c178ddac7f82c0797167c15add7a,/home/sparsh/Naplam/Bangladesh-UAV-PlantDisease/Training Dataset/Cotton Bollworm Infestation/TN-375.jpg,Cotton Bollworm Infestation,TN-375.jpg,0
086c2de9e7b578d12cf9219d59084701,/home/sparsh/Naplam/Bangladesh-UAV-PlantDisease/Training Dataset/Strong-Light Burn/TN-34.jpg,Strong-Light Burn,TN-34.jpg,4
f20332e98179342d6ca8c644fd5df119,/home/sparsh/Naplam/Bangladesh-UAV-PlantDisease/Test Dataset/Hail damages/TN-699.jpg,Hail damage,TN-699.jpg,1
f8375575b1b55921c40b37c26a4f28ad,/home/sparsh/Naplam/Bangladesh-UAV-PlantDisease/Training Dataset/Root Damage/TN-356.jpg,Root Damage,TN-356.jpg,3
67f7affa13d8142834fcd24dce6dbfe4,/home/sparsh/Naplam/Bangladesh-UAV-PlantDisease/Training Dataset/Mixed/TN-2398.jpg,Mixed,TN-2398.jpg,2
dfdd4668886e18ef5be43abea8069c15,/home/sparsh/Naplam/Bangladesh-UAV-PlantDisease/Training Dataset/Mixed/TN-350.jpg,Mixed,TN-350.jpg,2
485154b8a4703a1920dde5f485610542,/home/sparsh/Naplam/Bangladesh-UAV-PlantDisease/Training Dataset/Mixed/TN-1258.jpg,Mixed,TN-1258.jpg,2
825f7ae0bc26cb47a8980aafbd40d523,/home/sparsh/Naplam/Bangladesh-UAV-PlantDisease/Training Dataset/Cotton Bollworm Infestation/TN-88.jpg,Cotton Bollworm Infestation,TN-88.jpg,0
caeffe0cef330ae0f605d02367eb0179,/home/sparsh/Naplam/Bangladesh-UAV-PlantDisease/Test Dataset/Hail damages/TN-1989.jpg,Hail damage,TN-1989.jpg,1
78de62d4fd6705755319b82759759256,/home/sparsh/Naplam/Bangladesh-UAV-PlantDisease/Training Dataset/Mixed/TN-2263.jpg,Mixed,TN-2263.jpg,2
bf182feea1eaf9d3d39cb01291922589,/home/sparsh/Naplam/Bangladesh-UAV-PlantDisease/Training Dataset/Mixed/TN-67.jpg,Mixed,TN-67.jpg,2
2fbd4f333706ea737024c3aea197063a,/home/sparsh/Naplam/Bangladesh-UAV-PlantDisease/Test Dataset/Hail damages/TN-1337.jpg,Hail damage,TN-1337.jpg,1
1f8330a6772d2b75e3b6a193197cedb0,/home/sparsh/Naplam/Bangladesh-UAV-PlantDisease/Training Dataset/Root Damage/TN-593.jpg,Root Damage,TN-593.jpg,3
0f916672a040fccc1dfba77243f80ff6,/home/sparsh/Naplam/Bangladesh-UAV-PlantDisease/Test Dataset/Hail damages/TN-446.jpg,Hail damage,TN-446.jpg,1
1c5f51b8ff25596f3c230a57802f2962,/home/sparsh/Naplam/Bangladesh-UAV-PlantDisease/Test Dataset/Hail damages/TN-445.jpg,Hail damage,TN-445.jpg,1
cb87ec06e36c922d8faad3a2d86326e5,/home/sparsh/Naplam/Bangladesh-UAV-PlantDisease/Test Dataset/Hail damages/TN-993.jpg,Hail damage,TN-993.jpg,1
d0d187d5ac4df13632af8743402ab47b,/home/sparsh/Naplam/Bangladesh-UAV-PlantDisease/Test Dataset/Hail damages/TN-1119.jpg,Hail damage,TN-1119.jpg,1
fe4cc31ee702b5b2678040390ba605db,/home/sparsh/Naplam/Bangladesh-UAV-PlantDisease/Training Dataset/Hail damage/TN-378.jpg,Hail damage,TN-378.jpg,1
aaa380219d2cd60524dd3c9675b49281,/home/sparsh/Naplam/Bangladesh-UAV-PlantDisease/Training Dataset/Mixed/TN-1969.jpg,Mixed,TN-1969.jpg,2
3e8e7dd466130eb810447783f57c8d6e,/home/sparsh/Naplam/Bangladesh-UAV-PlantDisease/Training Dataset/Mixed/TN-167.jpg,Mixed,TN-167.jpg,2
fb132b309bac5daf6dc9a0beede2227a,/home/sparsh/Naplam/Bangladesh-UAV-PlantDisease/Training Dataset/Mixed/TN-435.jpg,Mixed,TN-435.jpg,2
fed753bf545e770d12217dee96e4797e,/home/sparsh/Naplam/Bangladesh-UAV-PlantDisease/Training Dataset/Mixed/TN-2318.jpg,Mixed,TN-2318.jpg,2
e34ec6e4cb91806ab69456891828395a,/home/sparsh/Naplam/Bangladesh-UAV-PlantDisease/Training Dataset/Mixed/TN-986.jpg,Mixed,TN-986.jpg,2
666820bb07c045b2470bac68e6e9495c,/home/sparsh/Naplam/Bangladesh-UAV-PlantDisease/Test Dataset/Hail damages/TN-489.jpg,Hail damage,TN-489.jpg,1
809e7f9e14bafe75babb6c9c3e1dd4f8,/home/sparsh/Naplam/Bangladesh-UAV-PlantDisease/Training Dataset/Cotton Bollworm Infestation/TN-337.jpg,Cotton Bollworm Infestation,TN-337.jpg,0
eaab52063fabeec4871051bb0a039d4d,/home/sparsh/Naplam/Bangladesh-UAV-PlantDisease/Training Dataset/Mixed/TN-35.jpg,Mixed,TN-35.jpg,2
68fd28c15f526f6ce60c9ad9465659e8,/home/sparsh/Naplam/Bangladesh-UAV-PlantDisease/Training Dataset/Strong-Light Burn/TN-488.jpg,Strong-Light Burn,TN-488.jpg,4
c2a909fd5b5f698faf563892ed0b2558,/home/sparsh/Naplam/Bangladesh-UAV-PlantDisease/Training Dataset/Mixed/TN-1936.jpg,Mixed,TN-1936.jpg,2
ee8cabe627839700c909fe42fcaa281e,/home/sparsh/Naplam/Bangladesh-UAV-PlantDisease/Test Dataset/Hail damages/TN-2543.jpg,Hail damage,TN-2543.jpg,1
addd9a174645c37ec79b22c663ca6b1a,/home/sparsh/Naplam/Bangladesh-UAV-PlantDisease/Test Dataset/Cotton Bollworm Infestation/TN-313.jpg,Cotton Bollworm Infestation,TN-313.jpg,0
e0bc060cf79cf599c303af413153fd3b,/home/sparsh/Naplam/Bangladesh-UAV-PlantDisease/Training Dataset/Strong-Light Burn/TN-240.jpg,Strong-Light Burn,TN-240.jpg,4
089631b847e0b46aaaefa49a75586fe3,/home/sparsh/Naplam/Bangladesh-UAV-PlantDisease/Training Dataset/Root Damage/TN-526.jpg,Root Damage,TN-526.jpg,3
e9b5a533a307432902cfe5c108290577,/home/sparsh/Naplam/Bangladesh-UAV-PlantDisease/Training Dataset/Root Damage/TN-735.jpg,Root Damage,TN-735.jpg,3
799584e3da94d0271df10d579523f128,/home/sparsh/Naplam/Bangladesh-UAV-PlantDisease/Test Dataset/Mixed/TN-490.jpg,Mixed,TN-490.jpg,2
188082f42aa38109bca7c67a5a0cd45f,/home/sparsh/Naplam/Bangladesh-UAV-PlantDisease/Training Dataset/Root Damage/TN-448.jpg,Root Damage,TN-448.jpg,3
bf7e769f8fd83a330e27f626841ceecf,/home/sparsh/Naplam/Bangladesh-UAV-PlantDisease/Training Dataset/Cotton Bollworm Infestation/TN-127.jpg,Cotton Bollworm Infestation,TN-127.jpg,0
f08f1f7da8965c009b7d9e126a1b0de2,/home/sparsh/Naplam/Bangladesh-UAV-PlantDisease/Training Dataset/Mixed/TN-607.jpg,Mixed,TN-607.jpg,2
e6067ce585d731c41280ee08ed5b21eb,/home/sparsh/Naplam/Bangladesh-UAV-PlantDisease/Test Dataset/Hail damages/TN-901.jpg,Hail damage,TN-901.jpg,1
7b4f9ac4f62996393f977e3f540a1c7b,/home/sparsh/Naplam/Bangladesh-UAV-PlantDisease/Training Dataset/Mixed/TN-1694.jpg,Mixed,TN-1694.jpg,2
87c98f1d5db48180f0f7c92da8327f06,/home/sparsh/Naplam/Bangladesh-UAV-PlantDisease/Training Dataset/Cotton Bollworm Infestation/TN-515.jpg,Cotton Bollworm Infestation,TN-515.jpg,0
18f0777901bc5fe5404dbdee4b4fd736,/home/sparsh/Naplam/Bangladesh-UAV-PlantDisease/Training Dataset/Mixed/TN-28.jpg,Mixed,TN-28.jpg,2
22338c75641d9812c4fea0657c591acd,/home/sparsh/Naplam/Bangladesh-UAV-PlantDisease/Training Dataset/Cotton Bollworm Infestation/TN-61.jpg,Cotton Bollworm Infestation,TN-61.jpg,0
81aefef890ce138a54f6893b8b55722b,/home/sparsh/Naplam/Bangladesh-UAV-PlantDisease/Training Dataset/Root Damage/TN-395.jpg,Root Damage,TN-395.jpg,3
b9af2c062f64194b863a61dbd00c380d,/home/sparsh/Naplam/Bangladesh-UAV-PlantDisease/Training Dataset/Strong-Light Burn/TN-341.jpg,Strong-Light Burn,TN-341.jpg,4
db1603bb286b5310f4895a24c0535dea,/home/sparsh/Naplam/Bangladesh-UAV-PlantDisease/Training Dataset/Mixed/TN-2273.jpg,Mixed,TN-2273.jpg,2
2790741b5eb4fc74fe93fdb33d6606f7,/home/sparsh/Naplam/Bangladesh-UAV-PlantDisease/Training Dataset/Mixed/TN-1007.jpg,Mixed,TN-1007.jpg,2
21146e3b81d3ed8ead24dccb75991279,/home/sparsh/Naplam/Bangladesh-UAV-PlantDisease/Training Dataset/Strong-Light Burn/TN-468.jpg,Strong-Light Burn,TN-468.jpg,4
cc43914df1e12bf4ba53c233edd4c6c1,/home/sparsh/Naplam/Bangladesh-UAV-PlantDisease/Training Dataset/Mixed/TN-1316.jpg,Mixed,TN-1316.jpg,2
46acbfd178e0afd1b0bf42a45a277413,/home/sparsh/Naplam/Bangladesh-UAV-PlantDisease/Training Dataset/Mixed/TN-1099.jpg,Mixed,TN-1099.jpg,2
cd7c850ff8fe24d0f4d8ae31dbf59785,/home/sparsh/Naplam/Bangladesh-UAV-PlantDisease/Training Dataset/Mixed/TN-1039.jpg,Mixed,TN-1039.jpg,2
35c46ccb79de135ed470425416ef25d6,/home/sparsh/Naplam/Bangladesh-UAV-PlantDisease/Test Dataset/Hail damages/TN-1446.jpg,Hail damage,TN-1446.jpg,1
762e30caa8f1aa354ebb0d026be9ebbe,/home/sparsh/Naplam/Bangladesh-UAV-PlantDisease/Training Dataset/Mixed/TN-232.jpg,Mixed,TN-232.jpg,2
d7f5c788398286b0bb978632842c5bf7,/home/sparsh/Naplam/Bangladesh-UAV-PlantDisease/Training Dataset/Mixed/TN-1372.jpg,Mixed,TN-1372.jpg,2
9e079a7d21bf52372b2ae6aeacd9a851,/home/sparsh/Naplam/Bangladesh-UAV-PlantDisease/Training Dataset/Mixed/TN-2288.jpg,Mixed,TN-2288.jpg,2
e84d63491a129df3a9065e317ecb1a0a,/home/sparsh/Naplam/Bangladesh-UAV-PlantDisease/Training Dataset/Strong-Light Burn/TN-633.jpg,Strong-Light Burn,TN-633.jpg,4
6188f20c7c7a5a15d94b7b70c72f9830,/home/sparsh/Naplam/Bangladesh-UAV-PlantDisease/Training Dataset/Mixed/TN-2424.jpg,Mixed,TN-2424.jpg,2
08fcf7f54fbecda22168944055428eb2,/home/sparsh/Naplam/Bangladesh-UAV-PlantDisease/Training Dataset/Cotton Bollworm Infestation/TN-475.jpg,Cotton Bollworm Infestation,TN-475.jpg,0
18fab82b2d4a4ae63ec5d59b6f978c9e,/home/sparsh/Naplam/Bangladesh-UAV-PlantDisease/Training Dataset/Mixed/TN-602.jpg,Mixed,TN-602.jpg,2
b5ef8c862150d558d23daeba559b3d0e,/home/sparsh/Naplam/Bangladesh-UAV-PlantDisease/Training Dataset/Hail damage/TN-813.jpg,Hail damage,TN-813.jpg,1
163ccc428b417664f9471e32c48b9605,/home/sparsh/Naplam/Bangladesh-UAV-PlantDisease/Test Dataset/Hail damages/TN-1657.jpg,Hail damage,TN-1657.jpg,1
089a3c850a552e8155946ab6e8fd79cf,/home/sparsh/Naplam/Bangladesh-UAV-PlantDisease/Training Dataset/Mixed/TN-2391.jpg,Mixed,TN-2391.jpg,2
be91f11f210a7b01b68c2512885a17e1,/home/sparsh/Naplam/Bangladesh-UAV-PlantDisease/Test Dataset/Hail damages/TN-2916.jpg,Hail damage,TN-2916.jpg,1
f8924f0f197b8a02eb50ef172ee2326e,/home/sparsh/Naplam/Bangladesh-UAV-PlantDisease/Test Dataset/Hail damages/TN-1140.jpg,Hail damage,TN-1140.jpg,1
d3e94c182d07c23f9a10938bca82b42e,/home/sparsh/Naplam/Bangladesh-UAV-PlantDisease/Training Dataset/Mixed/TN-29.jpg,Mixed,TN-29.jpg,2
fb5bc01678a5e478e17e479307472392,/home/sparsh/Naplam/Bangladesh-UAV-PlantDisease/Training Dataset/Strong-Light Burn/TN-660.jpg,Strong-Light Burn,TN-660.jpg,4
0103478244fdef74d8e53a26159dced7,/home/sparsh/Naplam/Bangladesh-UAV-PlantDisease/Training Dataset/Hail damage/TN-706.jpg,Hail damage,TN-706.jpg,1
54c9d4ff6b0929fd458fea48b53f8f24,/home/sparsh/Naplam/Bangladesh-UAV-PlantDisease/Training Dataset/Strong-Light Burn/TN-81.jpg,Strong-Light Burn,TN-81.jpg,4
002e1b37446bbd2f595e10294f5f87cc,/home/sparsh/Naplam/Bangladesh-UAV-PlantDisease/Training Dataset/Cotton Bollworm Infestation/TN-69.jpg,Cotton Bollworm Infestation,TN-69.jpg,0
d110d53777f75bcec9264d2daaa35a45,/home/sparsh/Naplam/Bangladesh-UAV-PlantDisease/Test Dataset/Hail damages/TN-1906.jpg,Hail damage,TN-1906.jpg,1
85f25a8babec26479e1ed2d87d4d16db,/home/sparsh/Naplam/Bangladesh-UAV-PlantDisease/Test Dataset/Strong-Light Burn/TN-60.jpg,Strong-Light Burn,TN-60.jpg,4
5f15ab99427fc45575827b6343c6dca7,/home/sparsh/Naplam/Bangladesh-UAV-PlantDisease/Training Dataset/Cotton Bollworm Infestation/TN-772.jpg,Cotton Bollworm Infestation,TN-772.jpg,0
db8d30638ee249cb1083ed69dd039903,/home/sparsh/Naplam/Bangladesh-UAV-PlantDisease/Test Dataset/Hail damages/TN-848.jpg,Hail damage,TN-848.jpg,1
2c0f4036677255d8c8eefaf1f69f5378,/home/sparsh/Naplam/Bangladesh-UAV-PlantDisease/Training Dataset/Mixed/TN-34.jpg,Mixed,TN-34.jpg,2
f16d24186c83156f57b17f2498399d7a,/home/sparsh/Naplam/Bangladesh-UAV-PlantDisease/Test Dataset/Hail damages/TN-1176.jpg,Hail damage,TN-1176.jpg,1
ee3b66cf7ffa0b033fd75a439c0a763e,/home/sparsh/Naplam/Bangladesh-UAV-PlantDisease/Training Dataset/Strong-Light Burn/TN-524.jpg,Strong-Light Burn,TN-524.jpg,4
7fc61d025ac0cc6f2bff67d061aa61b5,/home/sparsh/Naplam/Bangladesh-UAV-PlantDisease/Training Dataset/Hail damage/TN-772.jpg,Hail damage,TN-772.jpg,1
bb52f0e81fee15ec09106c71c44ba607,/home/sparsh/Naplam/Bangladesh-UAV-PlantDisease/Training Dataset/Mixed/TN-2030.jpg,Mixed,TN-2030.jpg,2
aaec14839577c656ff3fa0e5ffa1071c,/home/sparsh/Naplam/Bangladesh-UAV-PlantDisease/Test Dataset/Hail damages/TN-2180.jpg,Hail damage,TN-2180.jpg,1
ffb3b8a11d885beb9ff58655fa98345a,/home/sparsh/Naplam/Bangladesh-UAV-PlantDisease/Training Dataset/Root Damage/TN-521.jpg,Root Damage,TN-521.jpg,3
198f396c3a3780136a213816e448fb06,/home/sparsh/Naplam/Bangladesh-UAV-PlantDisease/Training Dataset/Mixed/TN-2227.jpg,Mixed,TN-2227.jpg,2
1bd235a4364bfe8f423e5ea46a57def2,/home/sparsh/Naplam/Bangladesh-UAV-PlantDisease/Test Dataset/Hail damages/TN-1397.jpg,Hail damage,TN-1397.jpg,1
29389bcac0c99969e17e29d67c3c20a2,/home/sparsh/Naplam/Bangladesh-UAV-PlantDisease/Test Dataset/Strong-Light Burn/TN-282.jpg,Strong-Light Burn,TN-282.jpg,4
726139f53b94241666ebf1170f6e00f6,/home/sparsh/Naplam/Bangladesh-UAV-PlantDisease/Training Dataset/Mixed/TN-1194.jpg,Mixed,TN-1194.jpg,2
d7d07df92ea2d5e568eb42138a5231cf,/home/sparsh/Naplam/Bangladesh-UAV-PlantDisease/Training Dataset/Cotton Bollworm Infestation/TN-912.jpg,Cotton Bollworm Infestation,TN-912.jpg,0
6e45c0e1fb27e1cc0855dc7623473fcf,/home/sparsh/Naplam/Bangladesh-UAV-PlantDisease/Training Dataset/Mixed/TN-489.jpg,Mixed,TN-489.jpg,2
19f1148f518ea23163afaeeea2379462,/home/sparsh/Naplam/Bangladesh-UAV-PlantDisease/Training Dataset/Root Damage/TN-67.jpg,Root Damage,TN-67.jpg,3
afd174293dfacd5d13748fbbe7c4e5e7,/home/sparsh/Naplam/Bangladesh-UAV-PlantDisease/Training Dataset/Mixed/TN-1725.jpg,Mixed,TN-1725.jpg,2
56bd5cebac7939a2a93f452c38496de7,/home/sparsh/Naplam/Bangladesh-UAV-PlantDisease/Training Dataset/Strong-Light Burn/TN-159.jpg,Strong-Light Burn,TN-159.jpg,4
e9774ac0ed321236f7d6db09e82b1043,/home/sparsh/Naplam/Bangladesh-UAV-PlantDisease/Training Dataset/Mixed/TN-780.jpg,Mixed,TN-780.jpg,2
99a0ca4a9c00477f6db456c02d71ebac,/home/sparsh/Naplam/Bangladesh-UAV-PlantDisease/Training Dataset/Mixed/TN-1778.jpg,Mixed,TN-1778.jpg,2
2ec4dd8b251775f4fba481fed56d3146,/home/sparsh/Naplam/Bangladesh-UAV-PlantDisease/Training Dataset/Mixed/TN-187.jpg,Mixed,TN-187.jpg,2
a42b4d76d417defa6e85ac9fb1459251,/home/sparsh/Naplam/Bangladesh-UAV-PlantDisease/Training Dataset/Strong-Light Burn/TN-101.jpg,Strong-Light Burn,TN-101.jpg,4
2fd2d02b46c11cfe32bc0643e8d69ce5,/home/sparsh/Naplam/Bangladesh-UAV-PlantDisease/Training Dataset/Mixed/TN-1408.jpg,Mixed,TN-1408.jpg,2
ffcdd460d316a43e0a487a6f761aa85a,/home/sparsh/Naplam/Bangladesh-UAV-PlantDisease/Training Dataset/Hail damage/TN-759.jpg,Hail damage,TN-759.jpg,1
4656ea970fe1b289cf9cbd572b1342ad,/home/sparsh/Naplam/Bangladesh-UAV-PlantDisease/Training Dataset/Mixed/TN-2244.jpg,Mixed,TN-2244.jpg,2
4a5cca7cfa454a10eff602c1929e83b6,/home/sparsh/Naplam/Bangladesh-UAV-PlantDisease/Test Dataset/Hail damages/TN-579.jpg,Hail damage,TN-579.jpg,1
df21294ba21d64635e47dac7f426e577,/home/sparsh/Naplam/Bangladesh-UAV-PlantDisease/Training Dataset/Strong-Light Burn/TN-438.jpg,Strong-Light Burn,TN-438.jpg,4
87db20bf20998a5c59fc0e9c3f90f109,/home/sparsh/Naplam/Bangladesh-UAV-PlantDisease/Test Dataset/Hail damages/TN-1479.jpg,Hail damage,TN-1479.jpg,1
416cc57e84af306e1731c494a3604f68,/home/sparsh/Naplam/Bangladesh-UAV-PlantDisease/Training Dataset/Mixed/TN-814.jpg,Mixed,TN-814.jpg,2
87edd09db2f9ff86f34aa807f7e0af6b,/home/sparsh/Naplam/Bangladesh-UAV-PlantDisease/Training Dataset/Root Damage/TN-725.jpg,Root Damage,TN-725.jpg,3
1d82bfe850493be936fd184e9c85dca6,/home/sparsh/Naplam/Bangladesh-UAV-PlantDisease/Test Dataset/Cotton Bollworm Infestation/TN-64.jpg,Cotton Bollworm Infestation,TN-64.jpg,0
d8a8da43ef792e6054aff7d369cff8f6,/home/sparsh/Naplam/Bangladesh-UAV-PlantDisease/Training Dataset/Root Damage/TN-800.jpg,Root Damage,TN-800.jpg,3
0357507de584749096b1348a3b9c43cd,/home/sparsh/Naplam/Bangladesh-UAV-PlantDisease/Training Dataset/Cotton Bollworm Infestation/TN-114.jpg,Cotton Bollworm Infestation,TN-114.jpg,0
11a0b82dd4f85ade68e61a59e87f518d,/home/sparsh/Naplam/Bangladesh-UAV-PlantDisease/Training Dataset/Cotton Bollworm Infestation/TN-457.jpg,Cotton Bollworm Infestation,TN-457.jpg,0
50f168db71915c075e2f28a270dfb94c,/home/sparsh/Naplam/Bangladesh-UAV-PlantDisease/Training Dataset/Cotton Bollworm Infestation/TN-815.jpg,Cotton Bollworm Infestation,TN-815.jpg,0
020c6cfffe4fa4b7d826ddca44483055,/home/sparsh/Naplam/Bangladesh-UAV-PlantDisease/Test Dataset/Hail damages/TN-396.jpg,Hail damage,TN-396.jpg,1
d4bb153324f3d8467be6831ec986580f,/home/sparsh/Naplam/Bangladesh-UAV-PlantDisease/Training Dataset/Strong-Light Burn/TN-615.jpg,Strong-Light Burn,TN-615.jpg,4
a1d12810303e567999ba6ee8c8e728b7,/home/sparsh/Naplam/Bangladesh-UAV-PlantDisease/Test Dataset/Hail damages/TN-1207.jpg,Hail damage,TN-1207.jpg,1
18d95430a9783f0ea1edd80de47a48c6,/home/sparsh/Naplam/Bangladesh-UAV-PlantDisease/Training Dataset/Root Damage/TN-506.jpg,Root Damage,TN-506.jpg,3
4d0dfec7a9c6e02f8bddec5c0abe90b2,/home/sparsh/Naplam/Bangladesh-UAV-PlantDisease/Training Dataset/Strong-Light Burn/TN-688.jpg,Strong-Light Burn,TN-688.jpg,4
bc2aa0f1f562d6ee14b04c0396dc6e2d,/home/sparsh/Naplam/Bangladesh-UAV-PlantDisease/Training Dataset/Mixed/TN-973.jpg,Mixed,TN-973.jpg,2
abaeef202b690c066443ce7f30667820,/home/sparsh/Naplam/Bangladesh-UAV-PlantDisease/Training Dataset/Mixed/TN-184.jpg,Mixed,TN-184.jpg,2
fc76acb9e5d23a12f0ce93ec215bb422,/home/sparsh/Naplam/Bangladesh-UAV-PlantDisease/Training Dataset/Root Damage/TN-832.jpg,Root Damage,TN-832.jpg,3
9ef16ce943f9a0448d3c7f50d146b533,/home/sparsh/Naplam/Bangladesh-UAV-PlantDisease/Training Dataset/Root Damage/TN-256.jpg,Root Damage,TN-256.jpg,3
18d8e61da075d1713358b32486f40e87,/home/sparsh/Naplam/Bangladesh-UAV-PlantDisease/Training Dataset/Cotton Bollworm Infestation/TN-130.jpg,Cotton Bollworm Infestation,TN-130.jpg,0
6b716f43dae78866f2d3c501092ad72b,/home/sparsh/Naplam/Bangladesh-UAV-PlantDisease/Training Dataset/Hail damage/TN-307.jpg,Hail damage,TN-307.jpg,1
5101b1b4dda666cf38d5b5e4afe44619,/home/sparsh/Naplam/Bangladesh-UAV-PlantDisease/Training Dataset/Mixed/TN-1163.jpg,Mixed,TN-1163.jpg,2
e51bba3c265304248093fc2ddba1922a,/home/sparsh/Naplam/Bangladesh-UAV-PlantDisease/Training Dataset/Mixed/TN-88.jpg,Mixed,TN-88.jpg,2
942e824af50ab31fab148c04e0f4c0c6,/home/sparsh/Naplam/Bangladesh-UAV-PlantDisease/Training Dataset/Cotton Bollworm Infestation/TN-412.jpg,Cotton Bollworm Infestation,TN-412.jpg,0
47f38ffe97cb0a576d72c8bd296fcdc9,/home/sparsh/Naplam/Bangladesh-UAV-PlantDisease/Training Dataset/Hail damage/TN-686.jpg,Hail damage,TN-686.jpg,1
b53cd4eb4e8e1e1eb6bc619a5c3b766e,/home/sparsh/Naplam/Bangladesh-UAV-PlantDisease/Training Dataset/Hail damage/TN-121.jpg,Hail damage,TN-121.jpg,1
d8d16a736c1b397b920c70b33c64ff48,/home/sparsh/Naplam/Bangladesh-UAV-PlantDisease/Training Dataset/Mixed/TN-372.jpg,Mixed,TN-372.jpg,2
afc2f0fd3d4f313a201a5d708c37cc92,/home/sparsh/Naplam/Bangladesh-UAV-PlantDisease/Training Dataset/Mixed/TN-1274.jpg,Mixed,TN-1274.jpg,2
3bac25feba3558c081732931abd39e28,/home/sparsh/Naplam/Bangladesh-UAV-PlantDisease/Training Dataset/Mixed/TN-1420.jpg,Mixed,TN-1420.jpg,2
4de303866d3f53bcf245dbdc79f50595,/home/sparsh/Naplam/Bangladesh-UAV-PlantDisease/Test Dataset/Hail damages/TN-1645.jpg,Hail damage,TN-1645.jpg,1
f594035ec7ae97257f327e66dcf7a255,/home/sparsh/Naplam/Bangladesh-UAV-PlantDisease/Training Dataset/Mixed/TN-610.jpg,Mixed,TN-610.jpg,2
f73a53c9e05b4d728b153b20fe081144,/home/sparsh/Naplam/Bangladesh-UAV-PlantDisease/Training Dataset/Mixed/TN-1830.jpg,Mixed,TN-1830.jpg,2
43a9829f36e8b8ff615755ae410b0a53,/home/sparsh/Naplam/Bangladesh-UAV-PlantDisease/Training Dataset/Mixed/TN-32.jpg,Mixed,TN-32.jpg,2
ad3b8e0126f461285ca98a970927fa68,/home/sparsh/Naplam/Bangladesh-UAV-PlantDisease/Training Dataset/Mixed/TN-576.jpg,Mixed,TN-576.jpg,2
8a0555f1b3cd24d241238996ea8f1103,/home/sparsh/Naplam/Bangladesh-UAV-PlantDisease/Test Dataset/Hail damages/TN-397.jpg,Hail damage,TN-397.jpg,1
3db113601f80df5fbafcb9d25d131486,/home/sparsh/Naplam/Bangladesh-UAV-PlantDisease/Training Dataset/Cotton Bollworm Infestation/TN-94.jpg,Cotton Bollworm Infestation,TN-94.jpg,0
1c3c04cd674eef004fb697fb77b33999,/home/sparsh/Naplam/Bangladesh-UAV-PlantDisease/Training Dataset/Root Damage/TN-585.jpg,Root Damage,TN-585.jpg,3
272edfec03ea93d9b0b373db8af8b6dd,/home/sparsh/Naplam/Bangladesh-UAV-PlantDisease/Training Dataset/Cotton Bollworm Infestation/TN-336.jpg,Cotton Bollworm Infestation,TN-336.jpg,0
72ba76c603eec38adee8dcf0a8ad3931,/home/sparsh/Naplam/Bangladesh-UAV-PlantDisease/Test Dataset/Mixed/TN-180.jpg,Mixed,TN-180.jpg,2
5c5b41f8cb2db789be34482733ea4313,/home/sparsh/Naplam/Bangladesh-UAV-PlantDisease/Training Dataset/Root Damage/TN-470.jpg,Root Damage,TN-470.jpg,3
9d245018aaadca02f441df0371b07e05,/home/sparsh/Naplam/Bangladesh-UAV-PlantDisease/Training Dataset/Mixed/TN-1500.jpg,Mixed,TN-1500.jpg,2
97b130704867d115133307537b6a3319,/home/sparsh/Naplam/Bangladesh-UAV-PlantDisease/Training Dataset/Mixed/TN-792.jpg,Mixed,TN-792.jpg,2
b6815f55f9e5c83058138d9f882b6419,/home/sparsh/Naplam/Bangladesh-UAV-PlantDisease/Test Dataset/Hail damages/TN-313.jpg,Hail damage,TN-313.jpg,1
033cfcae9625c3df4ba427b885cd9e07,/home/sparsh/Naplam/Bangladesh-UAV-PlantDisease/Test Dataset/Hail damages/TN-1940.jpg,Hail damage,TN-1940.jpg,1
b82df6f8a3039476e9a89805dd901bf6,/home/sparsh/Naplam/Bangladesh-UAV-PlantDisease/Test Dataset/Hail damages/TN-1456.jpg,Hail damage,TN-1456.jpg,1
97c9e49f0a9d0bb40fdaac43fb3c046b,/home/sparsh/Naplam/Bangladesh-UAV-PlantDisease/Test Dataset/Hail damages/TN-1920.jpg,Hail damage,TN-1920.jpg,1
27dc0ac0a8194cca798a4b2bb3e44637,/home/sparsh/Naplam/Bangladesh-UAV-PlantDisease/Training Dataset/Strong-Light Burn/TN-436.jpg,Strong-Light Burn,TN-436.jpg,4
f7631bfbfbbc11a88ffa4459b20bc36d,/home/sparsh/Naplam/Bangladesh-UAV-PlantDisease/Test Dataset/Strong-Light Burn/TN-260.jpg,Strong-Light Burn,TN-260.jpg,4
cf40ebcc8752b259070b2d8de5e1b125,/home/sparsh/Naplam/Bangladesh-UAV-PlantDisease/Test Dataset/Strong-Light Burn/TN-240.jpg,Strong-Light Burn,TN-240.jpg,4
47ffac31d75d1768f7309a2328166171,/home/sparsh/Naplam/Bangladesh-UAV-PlantDisease/Test Dataset/Hail damages/TN-2645.jpg,Hail damage,TN-2645.jpg,1
ea4d87447f43f1198ef8a1459c98a9f5,/home/sparsh/Naplam/Bangladesh-UAV-PlantDisease/Training Dataset/Strong-Light Burn/TN-417.jpg,Strong-Light Burn,TN-417.jpg,4
1ca1bb1b9242b4fd76e14e7a15f17d55,/home/sparsh/Naplam/Bangladesh-UAV-PlantDisease/Training Dataset/Hail damage/TN-136.jpg,Hail damage,TN-136.jpg,1
054bdf7b71b2684e2b340ea13a8dad1b,/home/sparsh/Naplam/Bangladesh-UAV-PlantDisease/Training Dataset/Strong-Light Burn/TN-177.jpg,Strong-Light Burn,TN-177.jpg,4
8d3201bdf31eb3e2e5e1c88f4720c1df,/home/sparsh/Naplam/Bangladesh-UAV-PlantDisease/Test Dataset/Hail damages/TN-2699.jpg,Hail damage,TN-2699.jpg,1
20c527bee90f1d3ad67d9bf8decad338,/home/sparsh/Naplam/Bangladesh-UAV-PlantDisease/Training Dataset/Cotton Bollworm Infestation/TN-835.jpg,Cotton Bollworm Infestation,TN-835.jpg,0
3273eb74f598f93af165f6949fed8d6f,/home/sparsh/Naplam/Bangladesh-UAV-PlantDisease/Training Dataset/Mixed/TN-1203.jpg,Mixed,TN-1203.jpg,2
3fb0f906395e5a2b68dd8b6b060331d4,/home/sparsh/Naplam/Bangladesh-UAV-PlantDisease/Test Dataset/Hail damages/TN-585.jpg,Hail damage,TN-585.jpg,1
f2a123c5169396b51c913a604d38be14,/home/sparsh/Naplam/Bangladesh-UAV-PlantDisease/Test Dataset/Hail damages/TN-2695.jpg,Hail damage,TN-2695.jpg,1
3d4c40eefbf6566114c1bd04d33d7bd4,/home/sparsh/Naplam/Bangladesh-UAV-PlantDisease/Test Dataset/Hail damages/TN-1424.jpg,Hail damage,TN-1424.jpg,1
b21af9ac8576f97461680191fd557024,/home/sparsh/Naplam/Bangladesh-UAV-PlantDisease/Test Dataset/Mixed/TN-70.jpg,Mixed,TN-70.jpg,2
3802e0240578cab063b49622ab34d47d,/home/sparsh/Naplam/Bangladesh-UAV-PlantDisease/Training Dataset/Cotton Bollworm Infestation/TN-775.jpg,Cotton Bollworm Infestation,TN-775.jpg,0
bb7692e14f4a82c24b450a3fdd01602f,/home/sparsh/Naplam/Bangladesh-UAV-PlantDisease/Training Dataset/Hail damage/TN-827.jpg,Hail damage,TN-827.jpg,1
e6619bae49bf3356f3ac373dd3206bd1,/home/sparsh/Naplam/Bangladesh-UAV-PlantDisease/Test Dataset/Hail damages/TN-1619.jpg,Hail damage,TN-1619.jpg,1
c9e0bc445eebd00924402f17dd1dfab0,/home/sparsh/Naplam/Bangladesh-UAV-PlantDisease/Training Dataset/Hail damage/TN-84.jpg,Hail damage,TN-84.jpg,1
1744e64a1be7f4faa30f86733ce7414b,/home/sparsh/Naplam/Bangladesh-UAV-PlantDisease/Training Dataset/Mixed/TN-1975.jpg,Mixed,TN-1975.jpg,2
1e43ee163af1fada913479d4522172ee,/home/sparsh/Naplam/Bangladesh-UAV-PlantDisease/Training Dataset/Cotton Bollworm Infestation/TN-398.jpg,Cotton Bollworm Infestation,TN-398.jpg,0
d636b7dba8b99ce749741f967f8e5715,/home/sparsh/Naplam/Bangladesh-UAV-PlantDisease/Training Dataset/Cotton Bollworm Infestation/TN-902.jpg,Cotton Bollworm Infestation,TN-902.jpg,0
c92e821e39cd1011a5f24a602cab5850,/home/sparsh/Naplam/Bangladesh-UAV-PlantDisease/Training Dataset/Cotton Bollworm Infestation/TN-693.jpg,Cotton Bollworm Infestation,TN-693.jpg,0
b0e3cd0f082957d6bbfb89d5668780a6,/home/sparsh/Naplam/Bangladesh-UAV-PlantDisease/Test Dataset/Hail damages/TN-937.jpg,Hail damage,TN-937.jpg,1
364dca0e7d188e00f786a0a427f5c0ff,/home/sparsh/Naplam/Bangladesh-UAV-PlantDisease/Training Dataset/Mixed/TN-2158.jpg,Mixed,TN-2158.jpg,2
3a5e1b0453d6113cc8c153141f81db2b,/home/sparsh/Naplam/Bangladesh-UAV-PlantDisease/Training Dataset/Root Damage/TN-239.jpg,Root Damage,TN-239.jpg,3
f7fe25551dafe7064cc71b2fb6bcd536,/home/sparsh/Naplam/Bangladesh-UAV-PlantDisease/Training Dataset/Mixed/TN-1951.jpg,Mixed,TN-1951.jpg,2
ca7a60da22ea292dd22b16cd876d0e07,/home/sparsh/Naplam/Bangladesh-UAV-PlantDisease/Training Dataset/Cotton Bollworm Infestation/TN-605.jpg,Cotton Bollworm Infestation,TN-605.jpg,0
7c9710bc44f3506f1d51fc8130dea388,/home/sparsh/Naplam/Bangladesh-UAV-PlantDisease/Training Dataset/Root Damage/TN-346.jpg,Root Damage,TN-346.jpg,3
130c92e816854c86c08576a66cea0bc7,/home/sparsh/Naplam/Bangladesh-UAV-PlantDisease/Training Dataset/Mixed/TN-2294.jpg,Mixed,TN-2294.jpg,2
0ff0302e7eba04d90f1d216502bbcb51,/home/sparsh/Naplam/Bangladesh-UAV-PlantDisease/Training Dataset/Strong-Light Burn/TN-116.jpg,Strong-Light Burn,TN-116.jpg,4
5cabb9827ed463e80925833266fd2bd1,/home/sparsh/Naplam/Bangladesh-UAV-PlantDisease/Test Dataset/Hail damages/TN-2786.jpg,Hail damage,TN-2786.jpg,1
55d3f5b415767be5b5235ef1242aa9dc,/home/sparsh/Naplam/Bangladesh-UAV-PlantDisease/Training Dataset/Hail damage/TN-825.jpg,Hail damage,TN-825.jpg,1
0fcd42b484b9d8d4332321a7d9071922,/home/sparsh/Naplam/Bangladesh-UAV-PlantDisease/Training Dataset/Mixed/TN-200.jpg,Mixed,TN-200.jpg,2
ff6a4670d2f31712f14c6b6b1c492a86,/home/sparsh/Naplam/Bangladesh-UAV-PlantDisease/Test Dataset/Hail damages/TN-1129.jpg,Hail damage,TN-1129.jpg,1
5944454548190b2166d0de0dadfeb10d,/home/sparsh/Naplam/Bangladesh-UAV-PlantDisease/Training Dataset/Mixed/TN-1017.jpg,Mixed,TN-1017.jpg,2
a654a6a72612fd58f4d778ab50d09719,/home/sparsh/Naplam/Bangladesh-UAV-PlantDisease/Test Dataset/Hail damages/TN-2756.jpg,Hail damage,TN-2756.jpg,1
173fdc3efd763e1b561b81d8569d0db9,/home/sparsh/Naplam/Bangladesh-UAV-PlantDisease/Training Dataset/Hail damage/TN-625.jpg,Hail damage,TN-625.jpg,1
5549e3dbf445b9ec9772b2edfb0472d8,/home/sparsh/Naplam/Bangladesh-UAV-PlantDisease/Test Dataset/Hail damages/TN-2010.jpg,Hail damage,TN-2010.jpg,1
fd774aae050081d78367f9ec16abd5a4,/home/sparsh/Naplam/Bangladesh-UAV-PlantDisease/Test Dataset/Hail damages/TN-2588.jpg,Hail damage,TN-2588.jpg,1
6b8ba926db292714ea32b3da1602be74,/home/sparsh/Naplam/Bangladesh-UAV-PlantDisease/Training Dataset/Mixed/TN-1402.jpg,Mixed,TN-1402.jpg,2
28f4a8506b90e7b95aa8533e07b53869,/home/sparsh/Naplam/Bangladesh-UAV-PlantDisease/Training Dataset/Root Damage/TN-3.jpg,Root Damage,TN-3.jpg,3
d1792c47b71ab9cf73df363877e97f78,/home/sparsh/Naplam/Bangladesh-UAV-PlantDisease/Training Dataset/Cotton Bollworm Infestation/TN-962.jpg,Cotton Bollworm Infestation,TN-962.jpg,0
289643f1da2f85ec2f3b1d5fd4f3e44c,/home/sparsh/Naplam/Bangladesh-UAV-PlantDisease/Test Dataset/Root Damage/TN-140.jpg,Root Damage,TN-140.jpg,3
105549d90fdf1c11b5baf659739ae3b6,/home/sparsh/Naplam/Bangladesh-UAV-PlantDisease/Training Dataset/Root Damage/TN-584.jpg,Root Damage,TN-584.jpg,3
2f70df47b7019e0d21834152a50513f5,/home/sparsh/Naplam/Bangladesh-UAV-PlantDisease/Training Dataset/Root Damage/TN-379.jpg,Root Damage,TN-379.jpg,3
2dd0bca8453bcec9f6e81b1168af595b,/home/sparsh/Naplam/Bangladesh-UAV-PlantDisease/Training Dataset/Mixed/TN-58.jpg,Mixed,TN-58.jpg,2
cbb3a7613683dbae55e61862a96128fa,/home/sparsh/Naplam/Bangladesh-UAV-PlantDisease/Training Dataset/Hail damage/TN-193.jpg,Hail damage,TN-193.jpg,1
bc64d4d5cadeb81cf110b3a11ec143f2,/home/sparsh/Naplam/Bangladesh-UAV-PlantDisease/Training Dataset/Mixed/TN-1776.jpg,Mixed,TN-1776.jpg,2
2c597eda35b7781ddf0428cc22f991ca,/home/sparsh/Naplam/Bangladesh-UAV-PlantDisease/Training Dataset/Hail damage/TN-623.jpg,Hail damage,TN-623.jpg,1
3d06862ba540884722e1722d5de91b86,/home/sparsh/Naplam/Bangladesh-UAV-PlantDisease/Training Dataset/Root Damage/TN-86.jpg,Root Damage,TN-86.jpg,3
07b1ab6b6420295d0621b7b75f2b335c,/home/sparsh/Naplam/Bangladesh-UAV-PlantDisease/Training Dataset/Strong-Light Burn/TN-540.jpg,Strong-Light Burn,TN-540.jpg,4
77180e691d5cae3b8ef88f4d2eea4caa,/home/sparsh/Naplam/Bangladesh-UAV-PlantDisease/Training Dataset/Mixed/TN-1015.jpg,Mixed,TN-1015.jpg,2
fc34bd8a6b431fb6f1195161b7747251,/home/sparsh/Naplam/Bangladesh-UAV-PlantDisease/Training Dataset/Mixed/TN-2237.jpg,Mixed,TN-2237.jpg,2
7392453f4c127e56ede21afd8d43d0b7,/home/sparsh/Naplam/Bangladesh-UAV-PlantDisease/Training Dataset/Mixed/TN-2222.jpg,Mixed,TN-2222.jpg,2
f44f6e32319c50e6e855c83e4a37e112,/home/sparsh/Naplam/Bangladesh-UAV-PlantDisease/Training Dataset/Hail damage/TN-608.jpg,Hail damage,TN-608.jpg,1
f81b29c4c6ecf1ffecfb4bc779fd40cb,/home/sparsh/Naplam/Bangladesh-UAV-PlantDisease/Training Dataset/Mixed/TN-2314.jpg,Mixed,TN-2314.jpg,2
d629a80a53cd9a99b2b9bb958137e724,/home/sparsh/Naplam/Bangladesh-UAV-PlantDisease/Training Dataset/Root Damage/TN-349.jpg,Root Damage,TN-349.jpg,3
190905af7addceb4736f96f2755f04a8,/home/sparsh/Naplam/Bangladesh-UAV-PlantDisease/Test Dataset/Hail damages/TN-2467.jpg,Hail damage,TN-2467.jpg,1
76ade1531b8c7061e5e453dadd111f28,/home/sparsh/Naplam/Bangladesh-UAV-PlantDisease/Test Dataset/Hail damages/TN-2478.jpg,Hail damage,TN-2478.jpg,1
cb083d5b6dee8efeb49f4fabe7027b5a,/home/sparsh/Naplam/Bangladesh-UAV-PlantDisease/Test Dataset/Hail damages/TN-1558.jpg,Hail damage,TN-1558.jpg,1
c25a076a8ed6c3001ed7febab47fa98d,/home/sparsh/Naplam/Bangladesh-UAV-PlantDisease/Training Dataset/Cotton Bollworm Infestation/TN-239.jpg,Cotton Bollworm Infestation,TN-239.jpg,0
d7ca8be5a2ed5d444de65aaefb02fb20,/home/sparsh/Naplam/Bangladesh-UAV-PlantDisease/Test Dataset/Hail damages/TN-2559.jpg,Hail damage,TN-2559.jpg,1
2023e48e861f2b19a73c711ac6da0964,/home/sparsh/Naplam/Bangladesh-UAV-PlantDisease/Training Dataset/Mixed/TN-638.jpg,Mixed,TN-638.jpg,2
2c20b05ac775c2915b26d4e513403890,/home/sparsh/Naplam/Bangladesh-UAV-PlantDisease/Training Dataset/Mixed/TN-488.jpg,Mixed,TN-488.jpg,2
4ea7cff3af8189e0c04f42b03277d7c8,/home/sparsh/Naplam/Bangladesh-UAV-PlantDisease/Test Dataset/Strong-Light Burn/TN-160.jpg,Strong-Light Burn,TN-160.jpg,4
d81de984eb6d923758f535c4b1a300b0,/home/sparsh/Naplam/Bangladesh-UAV-PlantDisease/Training Dataset/Mixed/TN-31.jpg,Mixed,TN-31.jpg,2
5374c1778363503cd8d812176f8c7efa,/home/sparsh/Naplam/Bangladesh-UAV-PlantDisease/Training Dataset/Mixed/TN-68.jpg,Mixed,TN-68.jpg,2
555587ffe9edaa9347f6bac6fa069577,/home/sparsh/Naplam/Bangladesh-UAV-PlantDisease/Training Dataset/Hail damage/TN-550.jpg,Hail damage,TN-550.jpg,1
857ba8de4f2ad40b09c5a95fb4026bca,/home/sparsh/Naplam/Bangladesh-UAV-PlantDisease/Training Dataset/Root Damage/TN-740.jpg,Root Damage,TN-740.jpg,3
d96be1299eec096eca5ba3368a563ee2,/home/sparsh/Naplam/Bangladesh-UAV-PlantDisease/Test Dataset/Hail damages/TN-2560.jpg,Hail damage,TN-2560.jpg,1
c59c7eee73c5bad7f8e8b1920b6b110a,/home/sparsh/Naplam/Bangladesh-UAV-PlantDisease/Test Dataset/Hail damages/TN-1513.jpg,Hail damage,TN-1513.jpg,1
3efb44a221f133c7647c7efb8caa0e79,/home/sparsh/Naplam/Bangladesh-UAV-PlantDisease/Training Dataset/Cotton Bollworm Infestation/TN-1001.jpg,Cotton Bollworm Infestation,TN-1001.jpg,0
b943b7fc23b7e5de8d6c93e3b7955839,/home/sparsh/Naplam/Bangladesh-UAV-PlantDisease/Training Dataset/Root Damage/TN-717.jpg,Root Damage,TN-717.jpg,3
04e207b743a8f823fdf6dbfe5763f461,/home/sparsh/Naplam/Bangladesh-UAV-PlantDisease/Training Dataset/Mixed/TN-2254.jpg,Mixed,TN-2254.jpg,2
f8d6c16a2129984809d58dd776607c4e,/home/sparsh/Naplam/Bangladesh-UAV-PlantDisease/Training Dataset/Hail damage/TN-424.jpg,Hail damage,TN-424.jpg,1
717afd50d8a8d9ee9b104ea06ccf5fd5,/home/sparsh/Naplam/Bangladesh-UAV-PlantDisease/Test Dataset/Hail damages/TN-753.jpg,Hail damage,TN-753.jpg,1
66e2a53bd9c2f77a337d942ee2471fb6,/home/sparsh/Naplam/Bangladesh-UAV-PlantDisease/Test Dataset/Hail damages/TN-2096.jpg,Hail damage,TN-2096.jpg,1
f84099ed4eab4ef8565dc5d35c480972,/home/sparsh/Naplam/Bangladesh-UAV-PlantDisease/Test Dataset/Cotton Bollworm Infestation/TN-164.jpg,Cotton Bollworm Infestation,TN-164.jpg,0
f24a1bb122622a371be5fba77344e771,/home/sparsh/Naplam/Bangladesh-UAV-PlantDisease/Training Dataset/Cotton Bollworm Infestation/TN-8.jpg,Cotton Bollworm Infestation,TN-8.jpg,0
20ac67f80fc78304fddad0929f0374fd,/home/sparsh/Naplam/Bangladesh-UAV-PlantDisease/Training Dataset/Mixed/TN-1917.jpg,Mixed,TN-1917.jpg,2
f925f44cdc9c5e7c5092a8ae92310ae3,/home/sparsh/Naplam/Bangladesh-UAV-PlantDisease/Test Dataset/Hail damages/TN-968.jpg,Hail damage,TN-968.jpg,1
99564e94af37f1e66f435468173ec169,/home/sparsh/Naplam/Bangladesh-UAV-PlantDisease/Test Dataset/Hail damages/TN-687.jpg,Hail damage,TN-687.jpg,1
1af0216f3617bd5f75343292201fb5c3,/home/sparsh/Naplam/Bangladesh-UAV-PlantDisease/Test Dataset/Hail damages/TN-1935.jpg,Hail damage,TN-1935.jpg,1
51ca90435cdf65331d13fdbfc914ffcf,/home/sparsh/Naplam/Bangladesh-UAV-PlantDisease/Training Dataset/Root Damage/TN-116.jpg,Root Damage,TN-116.jpg,3
00b928d0205dc7c9d9d13dd474f6c93b,/home/sparsh/Naplam/Bangladesh-UAV-PlantDisease/Training Dataset/Strong-Light Burn/TN-211.jpg,Strong-Light Burn,TN-211.jpg,4
bbe3df96b55a1a5225f1efd3ede254da,/home/sparsh/Naplam/Bangladesh-UAV-PlantDisease/Training Dataset/Mixed/TN-1178.jpg,Mixed,TN-1178.jpg,2
6e80ae7bd5fd23c51d4f809ca92afc70,/home/sparsh/Naplam/Bangladesh-UAV-PlantDisease/Test Dataset/Hail damages/TN-2124.jpg,Hail damage,TN-2124.jpg,1
2febde095176c79055077429a2daa319,/home/sparsh/Naplam/Bangladesh-UAV-PlantDisease/Training Dataset/Mixed/TN-1545.jpg,Mixed,TN-1545.jpg,2
278024a8e9e3ef615845ad7be34cde15,/home/sparsh/Naplam/Bangladesh-UAV-PlantDisease/Training Dataset/Strong-Light Burn/TN-346.jpg,Strong-Light Burn,TN-346.jpg,4
11b1e701604370291811e0b4f755a697,/home/sparsh/Naplam/Bangladesh-UAV-PlantDisease/Test Dataset/Mixed/TN-392.jpg,Mixed,TN-392.jpg,2
49db31ab81acbd3c80a21884f9fca2c3,/home/sparsh/Naplam/Bangladesh-UAV-PlantDisease/Training Dataset/Mixed/TN-1710.jpg,Mixed,TN-1710.jpg,2
c751ddfbea76156428ba1bd5a964803d,/home/sparsh/Naplam/Bangladesh-UAV-PlantDisease/Test Dataset/Hail damages/TN-2830.jpg,Hail damage,TN-2830.jpg,1
d65e5ba7183463907c418aa8a3b98eba,/home/sparsh/Naplam/Bangladesh-UAV-PlantDisease/Training Dataset/Mixed/TN-807.jpg,Mixed,TN-807.jpg,2
dccbd9b70140d77b8407e2770c5f5eeb,/home/sparsh/Naplam/Bangladesh-UAV-PlantDisease/Training Dataset/Hail damage/TN-822.jpg,Hail damage,TN-822.jpg,1
f17c885c30ffdafc79a76268de786b14,/home/sparsh/Naplam/Bangladesh-UAV-PlantDisease/Test Dataset/Hail damages/TN-1467.jpg,Hail damage,TN-1467.jpg,1
627806cd57d1455c65bbcecfc21be999,/home/sparsh/Naplam/Bangladesh-UAV-PlantDisease/Training Dataset/Mixed/TN-934.jpg,Mixed,TN-934.jpg,2
0d272ae4b28929313dc3fb245806613b,/home/sparsh/Naplam/Bangladesh-UAV-PlantDisease/Test Dataset/Hail damages/TN-1637.jpg,Hail damage,TN-1637.jpg,1
fbf22e7e9779f76b8f2471836ce5e2b1,/home/sparsh/Naplam/Bangladesh-UAV-PlantDisease/Training Dataset/Strong-Light Burn/TN-479.jpg,Strong-Light Burn,TN-479.jpg,4
1cd42e5dc6603844d9f51b3b9d8ef1cd,/home/sparsh/Naplam/Bangladesh-UAV-PlantDisease/Test Dataset/Hail damages/TN-2909.jpg,Hail damage,TN-2909.jpg,1
fb3c13e9633054aee769672bd8ef3534,/home/sparsh/Naplam/Bangladesh-UAV-PlantDisease/Training Dataset/Root Damage/TN-302.jpg,Root Damage,TN-302.jpg,3
9a2cd5bd8ede62b98cb25e6adbcb3041,/home/sparsh/Naplam/Bangladesh-UAV-PlantDisease/Training Dataset/Mixed/TN-2365.jpg,Mixed,TN-2365.jpg,2
d1677d12c91d7517199acc2120229a8c,/home/sparsh/Naplam/Bangladesh-UAV-PlantDisease/Training Dataset/Mixed/TN-2202.jpg,Mixed,TN-2202.jpg,2
aa07d68b558847cab9f6937f63b64160,/home/sparsh/Naplam/Bangladesh-UAV-PlantDisease/Training Dataset/Mixed/TN-1582.jpg,Mixed,TN-1582.jpg,2
cf3a329d8d635f46e98ea9119ba308d8,/home/sparsh/Naplam/Bangladesh-UAV-PlantDisease/Training Dataset/Mixed/TN-363.jpg,Mixed,TN-363.jpg,2
46aa36d52649acbdadd663caa4c908f1,/home/sparsh/Naplam/Bangladesh-UAV-PlantDisease/Training Dataset/Mixed/TN-639.jpg,Mixed,TN-639.jpg,2
4ec4fb266edf6e78f07d54a1aa187d4b,/home/sparsh/Naplam/Bangladesh-UAV-PlantDisease/Test Dataset/Hail damages/TN-589.jpg,Hail damage,TN-589.jpg,1
b9a86cd0e572dd42cc9ae6a52b5f67d4,/home/sparsh/Naplam/Bangladesh-UAV-PlantDisease/Training Dataset/Strong-Light Burn/TN-679.jpg,Strong-Light Burn,TN-679.jpg,4
c0f5531ab083a099cc0efd40c13100f2,/home/sparsh/Naplam/Bangladesh-UAV-PlantDisease/Test Dataset/Hail damages/TN-2538.jpg,Hail damage,TN-2538.jpg,1
80888517b46b59ca801db098c58a73b3,/home/sparsh/Naplam/Bangladesh-UAV-PlantDisease/Test Dataset/Hail damages/TN-1756.jpg,Hail damage,TN-1756.jpg,1
b6b107e097a2aa8d40c57799be4de686,/home/sparsh/Naplam/Bangladesh-UAV-PlantDisease/Test Dataset/Hail damages/TN-476.jpg,Hail damage,TN-476.jpg,1
fca555270f9c31514920e3dc03650617,/home/sparsh/Naplam/Bangladesh-UAV-PlantDisease/Test Dataset/Hail damages/TN-1688.jpg,Hail damage,TN-1688.jpg,1
e75e2475f8e6380c79afa93c03054463,/home/sparsh/Naplam/Bangladesh-UAV-PlantDisease/Training Dataset/Mixed/TN-1022.jpg,Mixed,TN-1022.jpg,2
38abcf980dca3a2fb7255a564adb8e0b,/home/sparsh/Naplam/Bangladesh-UAV-PlantDisease/Training Dataset/Hail damage/TN-563.jpg,Hail damage,TN-563.jpg,1
9a53f3b96a6c4977fcdc7f301966cc8f,/home/sparsh/Naplam/Bangladesh-UAV-PlantDisease/Training Dataset/Hail damage/TN-771.jpg,Hail damage,TN-771.jpg,1
01292828fe50fd982c470ce5d299b8a9,/home/sparsh/Naplam/Bangladesh-UAV-PlantDisease/Training Dataset/Mixed/TN-925.jpg,Mixed,TN-925.jpg,2
466d5b7a78b6585c15276ad1756e7e54,/home/sparsh/Naplam/Bangladesh-UAV-PlantDisease/Training Dataset/Cotton Bollworm Infestation/TN-992.jpg,Cotton Bollworm Infestation,TN-992.jpg,0
1d45124c67b8f5b37a4d869dc442ecde,/home/sparsh/Naplam/Bangladesh-UAV-PlantDisease/Test Dataset/Hail damages/TN-1018.jpg,Hail damage,TN-1018.jpg,1
45f48bb7304405fb70deb696729eaaa0,/home/sparsh/Naplam/Bangladesh-UAV-PlantDisease/Test Dataset/Hail damages/TN-1341.jpg,Hail damage,TN-1341.jpg,1
54a54a5fce053cefd97d112ad0873456,/home/sparsh/Naplam/Bangladesh-UAV-PlantDisease/Training Dataset/Strong-Light Burn/TN-25.jpg,Strong-Light Burn,TN-25.jpg,4
b28d8390b5e32640dd430893999adcc7,/home/sparsh/Naplam/Bangladesh-UAV-PlantDisease/Training Dataset/Mixed/TN-948.jpg,Mixed,TN-948.jpg,2
77fbd746ca2268a61ce3422ce489ba6e,/home/sparsh/Naplam/Bangladesh-UAV-PlantDisease/Training Dataset/Hail damage/TN-477.jpg,Hail damage,TN-477.jpg,1
039148fa4c2c353ad7b410068062126e,/home/sparsh/Naplam/Bangladesh-UAV-PlantDisease/Training Dataset/Root Damage/TN-299.jpg,Root Damage,TN-299.jpg,3
72fe70f8eb4e1b3fa218bf0103c5e3a5,/home/sparsh/Naplam/Bangladesh-UAV-PlantDisease/Training Dataset/Root Damage/TN-637.jpg,Root Damage,TN-637.jpg,3
adfe3be8eb89713a0420806b1b99289a,/home/sparsh/Naplam/Bangladesh-UAV-PlantDisease/Training Dataset/Mixed/TN-605.jpg,Mixed,TN-605.jpg,2
70a470780dcdb59fa8e16edcdd408a59,/home/sparsh/Naplam/Bangladesh-UAV-PlantDisease/Test Dataset/Root Damage/TN-112.jpg,Root Damage,TN-112.jpg,3
faea2992f70a0f936ef4802b2985f104,/home/sparsh/Naplam/Bangladesh-UAV-PlantDisease/Training Dataset/Root Damage/TN-411.jpg,Root Damage,TN-411.jpg,3
07f07c1fb986d74101922944cdd7152d,/home/sparsh/Naplam/Bangladesh-UAV-PlantDisease/Test Dataset/Cotton Bollworm Infestation/TN-40.jpg,Cotton Bollworm Infestation,TN-40.jpg,0
406003df9be5b36791bdb10a0d2ded53,/home/sparsh/Naplam/Bangladesh-UAV-PlantDisease/Training Dataset/Strong-Light Burn/TN-92.jpg,Strong-Light Burn,TN-92.jpg,4
cda9306d46de9d2e4295c445b433f5c3,/home/sparsh/Naplam/Bangladesh-UAV-PlantDisease/Training Dataset/Root Damage/TN-202.jpg,Root Damage,TN-202.jpg,3
13fb84cba91fe9c8cb4a6e93789f3dc2,/home/sparsh/Naplam/Bangladesh-UAV-PlantDisease/Test Dataset/Hail damages/TN-1325.jpg,Hail damage,TN-1325.jpg,1
8df957e15a5a258cc185bd5a00acc65f,/home/sparsh/Naplam/Bangladesh-UAV-PlantDisease/Test Dataset/Hail damages/TN-2966.jpg,Hail damage,TN-2966.jpg,1
d79654e822b33de732bfa97ea32c9909,/home/sparsh/Naplam/Bangladesh-UAV-PlantDisease/Training Dataset/Mixed/TN-1927.jpg,Mixed,TN-1927.jpg,2
8aa2d5a6c5a634595511a7f9d937bf11,/home/sparsh/Naplam/Bangladesh-UAV-PlantDisease/Training Dataset/Root Damage/TN-382.jpg,Root Damage,TN-382.jpg,3
f8ac176849ddbf023a6edba3ffa7ad01,/home/sparsh/Naplam/Bangladesh-UAV-PlantDisease/Training Dataset/Cotton Bollworm Infestation/TN-666.jpg,Cotton Bollworm Infestation,TN-666.jpg,0
bc4ce17486ce0dab0686a1d0af4caa41,/home/sparsh/Naplam/Bangladesh-UAV-PlantDisease/Training Dataset/Root Damage/TN-354.jpg,Root Damage,TN-354.jpg,3
7b0f64562a795688827e89fb27c82bc6,/home/sparsh/Naplam/Bangladesh-UAV-PlantDisease/Training Dataset/Hail damage/TN-240.jpg,Hail damage,TN-240.jpg,1
5e7c6625bb2e97d89ea49588b384c4b2,/home/sparsh/Naplam/Bangladesh-UAV-PlantDisease/Training Dataset/Root Damage/TN-175.jpg,Root Damage,TN-175.jpg,3
b11a864bbf56253547704c4c0604ea06,/home/sparsh/Naplam/Bangladesh-UAV-PlantDisease/Test Dataset/Hail damages/TN-1867.jpg,Hail damage,TN-1867.jpg,1
09e44151b24a8985615dbf9200d0fd57,/home/sparsh/Naplam/Bangladesh-UAV-PlantDisease/Training Dataset/Cotton Bollworm Infestation/TN-215.jpg,Cotton Bollworm Infestation,TN-215.jpg,0
e60ea43d46303be78e30d8ce7b5754a6,/home/sparsh/Naplam/Bangladesh-UAV-PlantDisease/Training Dataset/Mixed/TN-776.jpg,Mixed,TN-776.jpg,2
527016c8935492dd1911c61d408d3bd6,/home/sparsh/Naplam/Bangladesh-UAV-PlantDisease/Training Dataset/Mixed/TN-957.jpg,Mixed,TN-957.jpg,2
02f241afe8749d9f287c69db7c83d633,/home/sparsh/Naplam/Bangladesh-UAV-PlantDisease/Training Dataset/Mixed/TN-1837.jpg,Mixed,TN-1837.jpg,2
a6f0e1d5eabd7cfd19ade0934416b203,/home/sparsh/Naplam/Bangladesh-UAV-PlantDisease/Training Dataset/Mixed/TN-1122.jpg,Mixed,TN-1122.jpg,2
e5e2462c5dd6b8aca1264e2e5f1999cb,/home/sparsh/Naplam/Bangladesh-UAV-PlantDisease/Training Dataset/Hail damage/TN-510.jpg,Hail damage,TN-510.jpg,1
bf3389c694e00a3a54a1b6bda5b93dc6,/home/sparsh/Naplam/Bangladesh-UAV-PlantDisease/Training Dataset/Mixed/TN-795.jpg,Mixed,TN-795.jpg,2
554470f309aef07a3a73387f2c34a53e,/home/sparsh/Naplam/Bangladesh-UAV-PlantDisease/Training Dataset/Hail damage/TN-190.jpg,Hail damage,TN-190.jpg,1
bf2f750d720ef0dbc41678fb0f18a7a9,/home/sparsh/Naplam/Bangladesh-UAV-PlantDisease/Test Dataset/Hail damages/TN-1666.jpg,Hail damage,TN-1666.jpg,1
d598e510f7d46dccab5b7fcf14788485,/home/sparsh/Naplam/Bangladesh-UAV-PlantDisease/Test Dataset/Hail damages/TN-586.jpg,Hail damage,TN-586.jpg,1
0b989bb53965507ed11830930eafd320,/home/sparsh/Naplam/Bangladesh-UAV-PlantDisease/Training Dataset/Cotton Bollworm Infestation/TN-302.jpg,Cotton Bollworm Infestation,TN-302.jpg,0
b20b6da99eb4190e58121fec82d25d2d,/home/sparsh/Naplam/Bangladesh-UAV-PlantDisease/Training Dataset/Mixed/TN-1147.jpg,Mixed,TN-1147.jpg,2
cbc92320b174c32ca210eb51d09374af,/home/sparsh/Naplam/Bangladesh-UAV-PlantDisease/Training Dataset/Mixed/TN-894.jpg,Mixed,TN-894.jpg,2
779e64df01518cd27c80a25d1bb7c59a,/home/sparsh/Naplam/Bangladesh-UAV-PlantDisease/Test Dataset/Hail damages/TN-375.jpg,Hail damage,TN-375.jpg,1
b54fff371bef145f541328afe2c10227,/home/sparsh/Naplam/Bangladesh-UAV-PlantDisease/Training Dataset/Cotton Bollworm Infestation/TN-148.jpg,Cotton Bollworm Infestation,TN-148.jpg,0
3cc1743ec2009fd0e621693de35ef09a,/home/sparsh/Naplam/Bangladesh-UAV-PlantDisease/Training Dataset/Hail damage/TN-762.jpg,Hail damage,TN-762.jpg,1
365dd9ce3cfb850fd1b95d4bee752044,/home/sparsh/Naplam/Bangladesh-UAV-PlantDisease/Training Dataset/Mixed/TN-1435.jpg,Mixed,TN-1435.jpg,2
864e4883058c512e96ad5a82f071445c,/home/sparsh/Naplam/Bangladesh-UAV-PlantDisease/Training Dataset/Cotton Bollworm Infestation/TN-89.jpg,Cotton Bollworm Infestation,TN-89.jpg,0
9c24d8565c86f0df5811851708a27486,/home/sparsh/Naplam/Bangladesh-UAV-PlantDisease/Training Dataset/Hail damage/TN-299.jpg,Hail damage,TN-299.jpg,1
875805e9730571cd6af3a7fc5e6526c8,/home/sparsh/Naplam/Bangladesh-UAV-PlantDisease/Test Dataset/Hail damages/TN-387.jpg,Hail damage,TN-387.jpg,1
11d1be417c8f12c09c951e4d4bcd794e,/home/sparsh/Naplam/Bangladesh-UAV-PlantDisease/Training Dataset/Root Damage/TN-372.jpg,Root Damage,TN-372.jpg,3
9771993bf650eab1d5083f1b6b055fca,/home/sparsh/Naplam/Bangladesh-UAV-PlantDisease/Test Dataset/Hail damages/TN-2115.jpg,Hail damage,TN-2115.jpg,1
a29463fb4a7738fdc92de8516779e3cf,/home/sparsh/Naplam/Bangladesh-UAV-PlantDisease/Training Dataset/Mixed/TN-777.jpg,Mixed,TN-777.jpg,2
20e2d5cbbe319160b77d4ce206157885,/home/sparsh/Naplam/Bangladesh-UAV-PlantDisease/Test Dataset/Hail damages/TN-1718.jpg,Hail damage,TN-1718.jpg,1
0f9b89dff641e53d6081921aa3ec3101,/home/sparsh/Naplam/Bangladesh-UAV-PlantDisease/Training Dataset/Strong-Light Burn/TN-142.jpg,Strong-Light Burn,TN-142.jpg,4
5bcbfed60df823e4968bf22621b9435b,/home/sparsh/Naplam/Bangladesh-UAV-PlantDisease/Test Dataset/Cotton Bollworm Infestation/TN-280.jpg,Cotton Bollworm Infestation,TN-280.jpg,0
38cc22ab4543d0acd5d3d6911c7178df,/home/sparsh/Naplam/Bangladesh-UAV-PlantDisease/Training Dataset/Root Damage/TN-515.jpg,Root Damage,TN-515.jpg,3
ebdaa2873fbb7c53fa675f7de2029e70,/home/sparsh/Naplam/Bangladesh-UAV-PlantDisease/Training Dataset/Mixed/TN-2118.jpg,Mixed,TN-2118.jpg,2
321c72338fc40e7fa15eca204cb0dcb8,/home/sparsh/Naplam/Bangladesh-UAV-PlantDisease/Training Dataset/Hail damage/TN-446.jpg,Hail damage,TN-446.jpg,1
3517cf4fab2fa35760850048e477ad19,/home/sparsh/Naplam/Bangladesh-UAV-PlantDisease/Training Dataset/Mixed/TN-1104.jpg,Mixed,TN-1104.jpg,2
c43d24202819ba55db128a82bdc87102,/home/sparsh/Naplam/Bangladesh-UAV-PlantDisease/Training Dataset/Root Damage/TN-520.jpg,Root Damage,TN-520.jpg,3
2379b43a08a37dd35bff3e7d63137336,/home/sparsh/Naplam/Bangladesh-UAV-PlantDisease/Training Dataset/Cotton Bollworm Infestation/TN-783.jpg,Cotton Bollworm Infestation,TN-783.jpg,0
20121223e020107eef6d8ac5b55db265,/home/sparsh/Naplam/Bangladesh-UAV-PlantDisease/Training Dataset/Cotton Bollworm Infestation/TN-140.jpg,Cotton Bollworm Infestation,TN-140.jpg,0
6539ee12c7963a46666299ca052d8b57,/home/sparsh/Naplam/Bangladesh-UAV-PlantDisease/Test Dataset/Hail damages/TN-1025.jpg,Hail damage,TN-1025.jpg,1
01a934c63d5b98f9cdffc020590c1e4c,/home/sparsh/Naplam/Bangladesh-UAV-PlantDisease/Training Dataset/Hail damage/TN-92.jpg,Hail damage,TN-92.jpg,1
54d7f59cacfe9be3ff48fec942df729b,/home/sparsh/Naplam/Bangladesh-UAV-PlantDisease/Training Dataset/Mixed/TN-2407.jpg,Mixed,TN-2407.jpg,2
a29f39a20bd27cb76d2233ee4123b888,/home/sparsh/Naplam/Bangladesh-UAV-PlantDisease/Training Dataset/Strong-Light Burn/TN-403.jpg,Strong-Light Burn,TN-403.jpg,4
20612fbb256356f6a79e2220b3c5cb6f,/home/sparsh/Naplam/Bangladesh-UAV-PlantDisease/Training Dataset/Root Damage/TN-607.jpg,Root Damage,TN-607.jpg,3
57b3687babb432e44000d1d94d064bc5,/home/sparsh/Naplam/Bangladesh-UAV-PlantDisease/Test Dataset/Hail damages/TN-648.jpg,Hail damage,TN-648.jpg,1
0c9ff28509c5ce02f139dcb18758d2fc,/home/sparsh/Naplam/Bangladesh-UAV-PlantDisease/Test Dataset/Hail damages/TN-826.jpg,Hail damage,TN-826.jpg,1
37af8c1a30d14be23d9e4b1c29a68912,/home/sparsh/Naplam/Bangladesh-UAV-PlantDisease/Training Dataset/Hail damage/TN-468.jpg,Hail damage,TN-468.jpg,1
240878c3e1088bfc127686ac9500474f,/home/sparsh/Naplam/Bangladesh-UAV-PlantDisease/Training Dataset/Root Damage/TN-109.jpg,Root Damage,TN-109.jpg,3
8104ae3b745e6b865f7d6b98a130aefe,/home/sparsh/Naplam/Bangladesh-UAV-PlantDisease/Test Dataset/Hail damages/TN-2037.jpg,Hail damage,TN-2037.jpg,1
07a122c20589eaf855ad4b75044643a7,/home/sparsh/Naplam/Bangladesh-UAV-PlantDisease/Training Dataset/Mixed/TN-314.jpg,Mixed,TN-314.jpg,2
f7a500bb8d94f50b769ef3850a9ccfcd,/home/sparsh/Naplam/Bangladesh-UAV-PlantDisease/Test Dataset/Hail damages/TN-1879.jpg,Hail damage,TN-1879.jpg,1
130f67bc76da181ad740e1d66081eea2,/home/sparsh/Naplam/Bangladesh-UAV-PlantDisease/Training Dataset/Root Damage/TN-225.jpg,Root Damage,TN-225.jpg,3
db32d1159ef82b86a90f5250fa88a086,/home/sparsh/Naplam/Bangladesh-UAV-PlantDisease/Test Dataset/Hail damages/TN-2794.jpg,Hail damage,TN-2794.jpg,1
621ffc179beb9dfb25f9f15af57fd9b0,/home/sparsh/Naplam/Bangladesh-UAV-PlantDisease/Test Dataset/Hail damages/TN-292.jpg,Hail damage,TN-292.jpg,1
a7f296c9f265486140c647ee6241f654,/home/sparsh/Naplam/Bangladesh-UAV-PlantDisease/Training Dataset/Cotton Bollworm Infestation/TN-740.jpg,Cotton Bollworm Infestation,TN-740.jpg,0
90a850256589a217586d8eb6d8560b32,/home/sparsh/Naplam/Bangladesh-UAV-PlantDisease/Training Dataset/Root Damage/TN-763.jpg,Root Damage,TN-763.jpg,3
5b15c13fab8044f54af32487c25d569f,/home/sparsh/Naplam/Bangladesh-UAV-PlantDisease/Training Dataset/Mixed/TN-1413.jpg,Mixed,TN-1413.jpg,2
c92e272b049a964720a6a7eec4d225c8,/home/sparsh/Naplam/Bangladesh-UAV-PlantDisease/Training Dataset/Strong-Light Burn/TN-442.jpg,Strong-Light Burn,TN-442.jpg,4
45cceed1b456923087f70cb78bc3847f,/home/sparsh/Naplam/Bangladesh-UAV-PlantDisease/Training Dataset/Hail damage/TN-183.jpg,Hail damage,TN-183.jpg,1
1399c1436bb74e601680bcbb6bd661a5,/home/sparsh/Naplam/Bangladesh-UAV-PlantDisease/Test Dataset/Hail damages/TN-2957.jpg,Hail damage,TN-2957.jpg,1
62d6d85d806a8797978ee90310644072,/home/sparsh/Naplam/Bangladesh-UAV-PlantDisease/Training Dataset/Mixed/TN-2067.jpg,Mixed,TN-2067.jpg,2
acf0f9cf6f1412cd20b1fb7e6a932257,/home/sparsh/Naplam/Bangladesh-UAV-PlantDisease/Training Dataset/Hail damage/TN-463.jpg,Hail damage,TN-463.jpg,1
fb9fe5ce075c3b6bddeca374c676f313,/home/sparsh/Naplam/Bangladesh-UAV-PlantDisease/Training Dataset/Mixed/TN-1488.jpg,Mixed,TN-1488.jpg,2
c1c6c0136a26385a044738dfe3785d69,/home/sparsh/Naplam/Bangladesh-UAV-PlantDisease/Training Dataset/Mixed/TN-730.jpg,Mixed,TN-730.jpg,2
89a6224f93b7aab415905af6840e952c,/home/sparsh/Naplam/Bangladesh-UAV-PlantDisease/Training Dataset/Mixed/TN-2342.jpg,Mixed,TN-2342.jpg,2
46637d3d9bd366d9929ceb060d8ddf96,/home/sparsh/Naplam/Bangladesh-UAV-PlantDisease/Training Dataset/Hail damage/TN-327.jpg,Hail damage,TN-327.jpg,1
c0dca25f6024a874259f40888ce89a9d,/home/sparsh/Naplam/Bangladesh-UAV-PlantDisease/Training Dataset/Cotton Bollworm Infestation/TN-734.jpg,Cotton Bollworm Infestation,TN-734.jpg,0
faf5fe2bfac351ae0f51d44ee0d8a623,/home/sparsh/Naplam/Bangladesh-UAV-PlantDisease/Training Dataset/Strong-Light Burn/TN-149.jpg,Strong-Light Burn,TN-149.jpg,4
e5a59f8a77e61c83a28e75f7bcc74e0c,/home/sparsh/Naplam/Bangladesh-UAV-PlantDisease/Training Dataset/Hail damage/TN-98.jpg,Hail damage,TN-98.jpg,1
0a21c9ef152930094013259e33b7312c,/home/sparsh/Naplam/Bangladesh-UAV-PlantDisease/Test Dataset/Strong-Light Burn/TN-250.jpg,Strong-Light Burn,TN-250.jpg,4
85b004f48d544c8878320a664b3cca42,/home/sparsh/Naplam/Bangladesh-UAV-PlantDisease/Training Dataset/Root Damage/TN-402.jpg,Root Damage,TN-402.jpg,3
94c42ef3d7d08bd1e602f801b5b21924,/home/sparsh/Naplam/Bangladesh-UAV-PlantDisease/Training Dataset/Mixed/TN-1516.jpg,Mixed,TN-1516.jpg,2
2d1acc6ef38bec2cc27572900fefbd58,/home/sparsh/Naplam/Bangladesh-UAV-PlantDisease/Training Dataset/Cotton Bollworm Infestation/TN-812.jpg,Cotton Bollworm Infestation,TN-812.jpg,0
56c0f58d8f204c66e7152513566b2f43,/home/sparsh/Naplam/Bangladesh-UAV-PlantDisease/Training Dataset/Mixed/TN-1857.jpg,Mixed,TN-1857.jpg,2
cd973b2293da5682aca4430f3bceb3b0,/home/sparsh/Naplam/Bangladesh-UAV-PlantDisease/Test Dataset/Mixed/TN-253.jpg,Mixed,TN-253.jpg,2
818028ec43caf2c0f1291976c0adcb50,/home/sparsh/Naplam/Bangladesh-UAV-PlantDisease/Training Dataset/Cotton Bollworm Infestation/TN-415.jpg,Cotton Bollworm Infestation,TN-415.jpg,0
811b45e529e2d0ea84c394f9a8fb1c38,/home/sparsh/Naplam/Bangladesh-UAV-PlantDisease/Test Dataset/Hail damages/TN-770.jpg,Hail damage,TN-770.jpg,1
5be17202010dd704f271b670cf4ce7fc,/home/sparsh/Naplam/Bangladesh-UAV-PlantDisease/Training Dataset/Mixed/TN-65.jpg,Mixed,TN-65.jpg,2
91cd1df5a379070ec8ab145159635c66,/home/sparsh/Naplam/Bangladesh-UAV-PlantDisease/Test Dataset/Hail damages/TN-1370.jpg,Hail damage,TN-1370.jpg,1
7b1bcd3eee6a3f30dfc17b1da60fd677,/home/sparsh/Naplam/Bangladesh-UAV-PlantDisease/Training Dataset/Mixed/TN-2415.jpg,Mixed,TN-2415.jpg,2
202c11d1501bc49b651921baac0c2b92,/home/sparsh/Naplam/Bangladesh-UAV-PlantDisease/Training Dataset/Mixed/TN-1135.jpg,Mixed,TN-1135.jpg,2
11c88cdd41b294cac94e6e3a0874a731,/home/sparsh/Naplam/Bangladesh-UAV-PlantDisease/Training Dataset/Root Damage/TN-605.jpg,Root Damage,TN-605.jpg,3
aaa3249afccead298fb6dfa3b57e1b26,/home/sparsh/Naplam/Bangladesh-UAV-PlantDisease/Training Dataset/Hail damage/TN-433.jpg,Hail damage,TN-433.jpg,1
f657e18229aea92733c12bb53b604b1a,/home/sparsh/Naplam/Bangladesh-UAV-PlantDisease/Training Dataset/Hail damage/TN-27.jpg,Hail damage,TN-27.jpg,1
6a66496ead8784a72f105560673fa8b8,/home/sparsh/Naplam/Bangladesh-UAV-PlantDisease/Test Dataset/Hail damages/TN-779.jpg,Hail damage,TN-779.jpg,1
4e18aed3e30ef147675ff53f26f90f5e,/home/sparsh/Naplam/Bangladesh-UAV-PlantDisease/Training Dataset/Hail damage/TN-543.jpg,Hail damage,TN-543.jpg,1
05a888dfcc3bfdfa8643ea6bc38257bc,/home/sparsh/Naplam/Bangladesh-UAV-PlantDisease/Test Dataset/Hail damages/TN-1193.jpg,Hail damage,TN-1193.jpg,1
6c30b9148854fa1769613aa71da0eee0,/home/sparsh/Naplam/Bangladesh-UAV-PlantDisease/Test Dataset/Hail damages/TN-2930.jpg,Hail damage,TN-2930.jpg,1
bf9fd8cb3916b936b5c04871ade83368,/home/sparsh/Naplam/Bangladesh-UAV-PlantDisease/Training Dataset/Cotton Bollworm Infestation/TN-66.jpg,Cotton Bollworm Infestation,TN-66.jpg,0
ee965301d3f09650d111d872a5ae9314,/home/sparsh/Naplam/Bangladesh-UAV-PlantDisease/Test Dataset/Hail damages/TN-1828.jpg,Hail damage,TN-1828.jpg,1
1ad0972aefe1dd5d89b411b191dd4035,/home/sparsh/Naplam/Bangladesh-UAV-PlantDisease/Test Dataset/Hail damages/TN-2457.jpg,Hail damage,TN-2457.jpg,1
29833ad0ee1a226fa9b869c32dcf20c2,/home/sparsh/Naplam/Bangladesh-UAV-PlantDisease/Training Dataset/Cotton Bollworm Infestation/TN-752.jpg,Cotton Bollworm Infestation,TN-752.jpg,0
246895261dfc2d4e7a8eb29104e5a52b,/home/sparsh/Naplam/Bangladesh-UAV-PlantDisease/Training Dataset/Cotton Bollworm Infestation/TN-137.jpg,Cotton Bollworm Infestation,TN-137.jpg,0
4e61a7fa2e2be83dfc4a9d343efc868d,/home/sparsh/Naplam/Bangladesh-UAV-PlantDisease/Test Dataset/Hail damages/TN-642.jpg,Hail damage,TN-642.jpg,1
b48637742eef654a26b17af911fa1511,/home/sparsh/Naplam/Bangladesh-UAV-PlantDisease/Training Dataset/Root Damage/TN-238.jpg,Root Damage,TN-238.jpg,3
6b0d7567ac778d24134421695f562ab3,/home/sparsh/Naplam/Bangladesh-UAV-PlantDisease/Test Dataset/Hail damages/TN-164.jpg,Hail damage,TN-164.jpg,1
ad7269bac82293bf86d807db9c16fd52,/home/sparsh/Naplam/Bangladesh-UAV-PlantDisease/Test Dataset/Hail damages/TN-280.jpg,Hail damage,TN-280.jpg,1
98ba6f773400243581dfcb5c62ba5ec1,/home/sparsh/Naplam/Bangladesh-UAV-PlantDisease/Training Dataset/Strong-Light Burn/TN-22.jpg,Strong-Light Burn,TN-22.jpg,4
6539e49826c7c635b59d174da7bbbf3f,/home/sparsh/Naplam/Bangladesh-UAV-PlantDisease/Test Dataset/Hail damages/TN-2402.jpg,Hail damage,TN-2402.jpg,1
2da72e76b6a8c5d74eb31cbabb49a03c,/home/sparsh/Naplam/Bangladesh-UAV-PlantDisease/Training Dataset/Root Damage/TN-654.jpg,Root Damage,TN-654.jpg,3
1b2d802735e64537e63f61b964db0205,/home/sparsh/Naplam/Bangladesh-UAV-PlantDisease/Training Dataset/Mixed/TN-2320.jpg,Mixed,TN-2320.jpg,2
32f8c7655132db0ae05d580d8046149e,/home/sparsh/Naplam/Bangladesh-UAV-PlantDisease/Training Dataset/Cotton Bollworm Infestation/TN-13.jpg,Cotton Bollworm Infestation,TN-13.jpg,0
683d5bcbeef6d94d12e0211f95c6b72c,/home/sparsh/Naplam/Bangladesh-UAV-PlantDisease/Training Dataset/Mixed/TN-613.jpg,Mixed,TN-613.jpg,2
40de9b9c1055fbdf921c95825100bb58,/home/sparsh/Naplam/Bangladesh-UAV-PlantDisease/Training Dataset/Mixed/TN-1931.jpg,Mixed,TN-1931.jpg,2
b1bf18d79cd8ab93453417f742c94632,/home/sparsh/Naplam/Bangladesh-UAV-PlantDisease/Test Dataset/Hail damages/TN-2875.jpg,Hail damage,TN-2875.jpg,1
9dc270cfe206b78d2578dcbdaefc9982,/home/sparsh/Naplam/Bangladesh-UAV-PlantDisease/Training Dataset/Root Damage/TN-120.jpg,Root Damage,TN-120.jpg,3
01bec34157047d7a887e1303e404e27b,/home/sparsh/Naplam/Bangladesh-UAV-PlantDisease/Test Dataset/Hail damages/TN-587.jpg,Hail damage,TN-587.jpg,1
32ae77026aa06c1c607dae0db9f11f11,/home/sparsh/Naplam/Bangladesh-UAV-PlantDisease/Training Dataset/Hail damage/TN-806.jpg,Hail damage,TN-806.jpg,1
09b06fd0d002f304c7b2ac130d2ec293,/home/sparsh/Naplam/Bangladesh-UAV-PlantDisease/Training Dataset/Root Damage/TN-662.jpg,Root Damage,TN-662.jpg,3
7cc5d529ed33f69e0c30f929bf65bad0,/home/sparsh/Naplam/Bangladesh-UAV-PlantDisease/Training Dataset/Strong-Light Burn/TN-268.jpg,Strong-Light Burn,TN-268.jpg,4
b53df4d05d05f1a940aa2a973a55a926,/home/sparsh/Naplam/Bangladesh-UAV-PlantDisease/Training Dataset/Mixed/TN-1685.jpg,Mixed,TN-1685.jpg,2
5a57ae3ef14324cb7404704f4c8e205c,/home/sparsh/Naplam/Bangladesh-UAV-PlantDisease/Training Dataset/Mixed/TN-18.jpg,Mixed,TN-18.jpg,2
3bcb95f2d1b47c1e01f661377ccca5b2,/home/sparsh/Naplam/Bangladesh-UAV-PlantDisease/Training Dataset/Hail damage/TN-712.jpg,Hail damage,TN-712.jpg,1
a2f604e0707115eef8e8eb3451e3e3d4,/home/sparsh/Naplam/Bangladesh-UAV-PlantDisease/Training Dataset/Root Damage/TN-500.jpg,Root Damage,TN-500.jpg,3
41de84a66afaa1ec343fa42628f3dc37,/home/sparsh/Naplam/Bangladesh-UAV-PlantDisease/Training Dataset/Mixed/TN-1121.jpg,Mixed,TN-1121.jpg,2
fe4f43401b724d34521062607407e4f8,/home/sparsh/Naplam/Bangladesh-UAV-PlantDisease/Training Dataset/Mixed/TN-1192.jpg,Mixed,TN-1192.jpg,2
a182b78bd2a6d0c5d1ef47a1c23614ea,/home/sparsh/Naplam/Bangladesh-UAV-PlantDisease/Test Dataset/Hail damages/TN-2496.jpg,Hail damage,TN-2496.jpg,1
88f094cba7045678a6e0ba65c82d4ced,/home/sparsh/Naplam/Bangladesh-UAV-PlantDisease/Test Dataset/Hail damages/TN-1957.jpg,Hail damage,TN-1957.jpg,1
2452febd7d58d1307a6383aebf4161bc,/home/sparsh/Naplam/Bangladesh-UAV-PlantDisease/Test Dataset/Hail damages/TN-1115.jpg,Hail damage,TN-1115.jpg,1
2703419973155893ef247a82a2d399ee,/home/sparsh/Naplam/Bangladesh-UAV-PlantDisease/Training Dataset/Root Damage/TN-188.jpg,Root Damage,TN-188.jpg,3
58176d640d7d4086087305219ba90236,/home/sparsh/Naplam/Bangladesh-UAV-PlantDisease/Training Dataset/Strong-Light Burn/TN-133.jpg,Strong-Light Burn,TN-133.jpg,4
b754a976a172748dfeda47e72e0fa08d,/home/sparsh/Naplam/Bangladesh-UAV-PlantDisease/Training Dataset/Cotton Bollworm Infestation/TN-726.jpg,Cotton Bollworm Infestation,TN-726.jpg,0
f0a223dbc1b9dc046ee41095928edf59,/home/sparsh/Naplam/Bangladesh-UAV-PlantDisease/Training Dataset/Mixed/TN-1585.jpg,Mixed,TN-1585.jpg,2
8ea966949e09b2d544dd59fe71ad574d,/home/sparsh/Naplam/Bangladesh-UAV-PlantDisease/Training Dataset/Mixed/TN-2309.jpg,Mixed,TN-2309.jpg,2
9b9799f2a6242b3f5254e76afb2fbf6a,/home/sparsh/Naplam/Bangladesh-UAV-PlantDisease/Training Dataset/Cotton Bollworm Infestation/TN-881.jpg,Cotton Bollworm Infestation,TN-881.jpg,0
88aa43aa4678a778a401438b2fcfb721,/home/sparsh/Naplam/Bangladesh-UAV-PlantDisease/Training Dataset/Root Damage/TN-802.jpg,Root Damage,TN-802.jpg,3
cf86e268e9bd2bb0e277286cc2f649a5,/home/sparsh/Naplam/Bangladesh-UAV-PlantDisease/Training Dataset/Hail damage/TN-611.jpg,Hail damage,TN-611.jpg,1
7664ee09876b13398abc8fa07c3528c3,/home/sparsh/Naplam/Bangladesh-UAV-PlantDisease/Training Dataset/Cotton Bollworm Infestation/TN-381.jpg,Cotton Bollworm Infestation,TN-381.jpg,0
5c407c8eed65a40ff4f3e2884d2576bf,/home/sparsh/Naplam/Bangladesh-UAV-PlantDisease/Training Dataset/Cotton Bollworm Infestation/TN-913.jpg,Cotton Bollworm Infestation,TN-913.jpg,0
b34f76c5eb321bb47ae1dce256774389,/home/sparsh/Naplam/Bangladesh-UAV-PlantDisease/Test Dataset/Hail damages/TN-290.jpg,Hail damage,TN-290.jpg,1
a94115909276bd6b56c71432a68afb02,/home/sparsh/Naplam/Bangladesh-UAV-PlantDisease/Training Dataset/Mixed/TN-10.jpg,Mixed,TN-10.jpg,2
cfb24e4008c65cc9e37573698c517ce8,/home/sparsh/Naplam/Bangladesh-UAV-PlantDisease/Training Dataset/Mixed/TN-1238.jpg,Mixed,TN-1238.jpg,2
c093b6dd4f846780f9e4cb0746fd8be5,/home/sparsh/Naplam/Bangladesh-UAV-PlantDisease/Training Dataset/Mixed/TN-1945.jpg,Mixed,TN-1945.jpg,2
6a4a92299b024c8ff9b4e5e5e075928d,/home/sparsh/Naplam/Bangladesh-UAV-PlantDisease/Test Dataset/Hail damages/TN-1068.jpg,Hail damage,TN-1068.jpg,1
dd72ebf1d4c9dd19aea2848113e43741,/home/sparsh/Naplam/Bangladesh-UAV-PlantDisease/Training Dataset/Mixed/TN-1766.jpg,Mixed,TN-1766.jpg,2
48b95b8635636f8f1af94ad4beefd22c,/home/sparsh/Naplam/Bangladesh-UAV-PlantDisease/Training Dataset/Mixed/TN-2341.jpg,Mixed,TN-2341.jpg,2
532aaa0d819ef5c5ee071f1f582826cd,/home/sparsh/Naplam/Bangladesh-UAV-PlantDisease/Test Dataset/Mixed/TN-540.jpg,Mixed,TN-540.jpg,2
23d675461a95b88ce70ba2a924a193d1,/home/sparsh/Naplam/Bangladesh-UAV-PlantDisease/Training Dataset/Mixed/TN-494.jpg,Mixed,TN-494.jpg,2
6c60330417dd749c60de22630375e361,/home/sparsh/Naplam/Bangladesh-UAV-PlantDisease/Training Dataset/Hail damage/TN-157.jpg,Hail damage,TN-157.jpg,1
1f18e89960bed3258d71de962ad8f902,/home/sparsh/Naplam/Bangladesh-UAV-PlantDisease/Test Dataset/Hail damages/TN-2458.jpg,Hail damage,TN-2458.jpg,1
e44e46f5a4f5aba358441035e5f69111,/home/sparsh/Naplam/Bangladesh-UAV-PlantDisease/Training Dataset/Root Damage/TN-169.jpg,Root Damage,TN-169.jpg,3
c4483b81e452cb78f678943690aebaab,/home/sparsh/Naplam/Bangladesh-UAV-PlantDisease/Test Dataset/Hail damages/TN-606.jpg,Hail damage,TN-606.jpg,1
fe3a694a94d762f33909c06899ccf270,/home/sparsh/Naplam/Bangladesh-UAV-PlantDisease/Test Dataset/Hail damages/TN-437.jpg,Hail damage,TN-437.jpg,1
6fed265d0b9c05578551a165950df4df,/home/sparsh/Naplam/Bangladesh-UAV-PlantDisease/Test Dataset/Hail damages/TN-13.jpg,Hail damage,TN-13.jpg,1
18119b797d08c44756d884301f384031,/home/sparsh/Naplam/Bangladesh-UAV-PlantDisease/Training Dataset/Root Damage/TN-266.jpg,Root Damage,TN-266.jpg,3
e966d86a8e3763a5d1b9dffb31d8cf99,/home/sparsh/Naplam/Bangladesh-UAV-PlantDisease/Training Dataset/Mixed/TN-708.jpg,Mixed,TN-708.jpg,2
efded2b1ac53c03f14ba6c2e0b23fea8,/home/sparsh/Naplam/Bangladesh-UAV-PlantDisease/Training Dataset/Strong-Light Burn/TN-201.jpg,Strong-Light Burn,TN-201.jpg,4
17663f4dffe2b646448f1a055275d1bd,/home/sparsh/Naplam/Bangladesh-UAV-PlantDisease/Training Dataset/Strong-Light Burn/TN-501.jpg,Strong-Light Burn,TN-501.jpg,4
c3b292444c59095695c09f7b5c890296,/home/sparsh/Naplam/Bangladesh-UAV-PlantDisease/Training Dataset/Mixed/TN-2013.jpg,Mixed,TN-2013.jpg,2
52179f1697d3d36c6f502982d9f5b5f7,/home/sparsh/Naplam/Bangladesh-UAV-PlantDisease/Training Dataset/Cotton Bollworm Infestation/TN-299.jpg,Cotton Bollworm Infestation,TN-299.jpg,0
a3b4c98f74be28b1724bfea5a262b7cd,/home/sparsh/Naplam/Bangladesh-UAV-PlantDisease/Test Dataset/Hail damages/TN-2390.jpg,Hail damage,TN-2390.jpg,1
01fa0f5274be68be67fdd73b151b9ff0,/home/sparsh/Naplam/Bangladesh-UAV-PlantDisease/Test Dataset/Hail damages/TN-1417.jpg,Hail damage,TN-1417.jpg,1
c36f77c0b77dd9c2cf0fe4afe47263a4,/home/sparsh/Naplam/Bangladesh-UAV-PlantDisease/Training Dataset/Mixed/TN-1849.jpg,Mixed,TN-1849.jpg,2
1be69c14d78b160a5320f59412a1f814,/home/sparsh/Naplam/Bangladesh-UAV-PlantDisease/Training Dataset/Cotton Bollworm Infestation/TN-616.jpg,Cotton Bollworm Infestation,TN-616.jpg,0
96f83dbee3037206d0eaf0666505e504,/home/sparsh/Naplam/Bangladesh-UAV-PlantDisease/Training Dataset/Strong-Light Burn/TN-485.jpg,Strong-Light Burn,TN-485.jpg,4
e8b9556bb211395010605b8e572a5ed5,/home/sparsh/Naplam/Bangladesh-UAV-PlantDisease/Training Dataset/Cotton Bollworm Infestation/TN-268.jpg,Cotton Bollworm Infestation,TN-268.jpg,0
312f1a1e4c5f208abddf7163931e1d0c,/home/sparsh/Naplam/Bangladesh-UAV-PlantDisease/Test Dataset/Hail damages/TN-720.jpg,Hail damage,TN-720.jpg,1
ded53e6fb11f9f570f564f28a6c13073,/home/sparsh/Naplam/Bangladesh-UAV-PlantDisease/Training Dataset/Root Damage/TN-491.jpg,Root Damage,TN-491.jpg,3
501b9639e3f1d94eefc7ab0c23115a8d,/home/sparsh/Naplam/Bangladesh-UAV-PlantDisease/Test Dataset/Hail damages/TN-2038.jpg,Hail damage,TN-2038.jpg,1
0d02a11c7fc5459b957184359f5d03a4,/home/sparsh/Naplam/Bangladesh-UAV-PlantDisease/Test Dataset/Hail damages/TN-657.jpg,Hail damage,TN-657.jpg,1
68ee741329ccfe1e361e8f6856fd6a97,/home/sparsh/Naplam/Bangladesh-UAV-PlantDisease/Training Dataset/Mixed/TN-1118.jpg,Mixed,TN-1118.jpg,2
30e0b399cd02d7ae97f92983eb5dab92,/home/sparsh/Naplam/Bangladesh-UAV-PlantDisease/Training Dataset/Cotton Bollworm Infestation/TN-364.jpg,Cotton Bollworm Infestation,TN-364.jpg,0
e426392c00ef22a57b8ec7829d0c8a48,/home/sparsh/Naplam/Bangladesh-UAV-PlantDisease/Test Dataset/Hail damages/TN-1050.jpg,Hail damage,TN-1050.jpg,1
233eae2a104cf7df83094921641d9f07,/home/sparsh/Naplam/Bangladesh-UAV-PlantDisease/Training Dataset/Hail damage/TN-262.jpg,Hail damage,TN-262.jpg,1
4869d56df801a0f8d606c4bf495f5be0,/home/sparsh/Naplam/Bangladesh-UAV-PlantDisease/Training Dataset/Mixed/TN-2208.jpg,Mixed,TN-2208.jpg,2
0312773d633c436fe9d2dbc08b386711,/home/sparsh/Naplam/Bangladesh-UAV-PlantDisease/Training Dataset/Cotton Bollworm Infestation/TN-956.jpg,Cotton Bollworm Infestation,TN-956.jpg,0
b609592fdae0f110021bc54e63ea0fa0,/home/sparsh/Naplam/Bangladesh-UAV-PlantDisease/Training Dataset/Mixed/TN-2317.jpg,Mixed,TN-2317.jpg,2
e57166260ee6fb2d38583d2499479815,/home/sparsh/Naplam/Bangladesh-UAV-PlantDisease/Training Dataset/Cotton Bollworm Infestation/TN-591.jpg,Cotton Bollworm Infestation,TN-591.jpg,0
dcbc78b669a353f20b6c4c9c569b7ebf,/home/sparsh/Naplam/Bangladesh-UAV-PlantDisease/Test Dataset/Hail damages/TN-301.jpg,Hail damage,TN-301.jpg,1
84c294d70cc0f2fa6146c7a74efc4dc8,/home/sparsh/Naplam/Bangladesh-UAV-PlantDisease/Training Dataset/Cotton Bollworm Infestation/TN-575.jpg,Cotton Bollworm Infestation,TN-575.jpg,0
c239d194b65442a2e36b40269406323d,/home/sparsh/Naplam/Bangladesh-UAV-PlantDisease/Test Dataset/Hail damages/TN-2847.jpg,Hail damage,TN-2847.jpg,1
d48321ee37a21351dd2949c6c5af6dc6,/home/sparsh/Naplam/Bangladesh-UAV-PlantDisease/Training Dataset/Mixed/TN-798.jpg,Mixed,TN-798.jpg,2
4f0d02132e762030edada01b0a8d0e64,/home/sparsh/Naplam/Bangladesh-UAV-PlantDisease/Training Dataset/Cotton Bollworm Infestation/TN-359.jpg,Cotton Bollworm Infestation,TN-359.jpg,0
e18f078a65472b5b60dfddc5a20cafd9,/home/sparsh/Naplam/Bangladesh-UAV-PlantDisease/Training Dataset/Mixed/TN-518.jpg,Mixed,TN-518.jpg,2
46c1daa741f400dcd7ebe55f409f12ab,/home/sparsh/Naplam/Bangladesh-UAV-PlantDisease/Test Dataset/Hail damages/TN-2003.jpg,Hail damage,TN-2003.jpg,1
e8f7c63b41c01be8933eaabf8d8c9866,/home/sparsh/Naplam/Bangladesh-UAV-PlantDisease/Training Dataset/Cotton Bollworm Infestation/TN-769.jpg,Cotton Bollworm Infestation,TN-769.jpg,0
6a1c1e2057a421860376df8450d69b99,/home/sparsh/Naplam/Bangladesh-UAV-PlantDisease/Training Dataset/Mixed/TN-1161.jpg,Mixed,TN-1161.jpg,2
58bb1aea0a833c90673c299a74894ae9,/home/sparsh/Naplam/Bangladesh-UAV-PlantDisease/Training Dataset/Mixed/TN-665.jpg,Mixed,TN-665.jpg,2
d2c851aaafa1b634068f200e77027281,/home/sparsh/Naplam/Bangladesh-UAV-PlantDisease/Test Dataset/Hail damages/TN-2649.jpg,Hail damage,TN-2649.jpg,1
c4a2142a909a6d39862c96951c9b3271,/home/sparsh/Naplam/Bangladesh-UAV-PlantDisease/Training Dataset/Mixed/TN-445.jpg,Mixed,TN-445.jpg,2
932d4e8dc1cfc7f83f37306f1b02efbc,/home/sparsh/Naplam/Bangladesh-UAV-PlantDisease/Training Dataset/Mixed/TN-2260.jpg,Mixed,TN-2260.jpg,2
9c4e725089ecbdd09c7e8c038d8ad49a,/home/sparsh/Naplam/Bangladesh-UAV-PlantDisease/Training Dataset/Mixed/TN-324.jpg,Mixed,TN-324.jpg,2
049dbe4f3b2d57420f6a4a1b5df55f4c,/home/sparsh/Naplam/Bangladesh-UAV-PlantDisease/Test Dataset/Hail damages/TN-2050.jpg,Hail damage,TN-2050.jpg,1
f34bf4533a8aacd7b0ffb617fcf03a60,/home/sparsh/Naplam/Bangladesh-UAV-PlantDisease/Training Dataset/Root Damage/TN-507.jpg,Root Damage,TN-507.jpg,3
aa3088d34eaed702f70aac72e20de2db,/home/sparsh/Naplam/Bangladesh-UAV-PlantDisease/Test Dataset/Hail damages/TN-2100.jpg,Hail damage,TN-2100.jpg,1
846741b02f8caffef25ff7c757c596b1,/home/sparsh/Naplam/Bangladesh-UAV-PlantDisease/Training Dataset/Mixed/TN-1510.jpg,Mixed,TN-1510.jpg,2
343cd533047619f7d6647fb8c22b89e3,/home/sparsh/Naplam/Bangladesh-UAV-PlantDisease/Training Dataset/Mixed/TN-1176.jpg,Mixed,TN-1176.jpg,2
a25a228f60b5990f64d8e1c851b14fb8,/home/sparsh/Naplam/Bangladesh-UAV-PlantDisease/Training Dataset/Root Damage/TN-599.jpg,Root Damage,TN-599.jpg,3
a83540f643f10e5eba508b2d2ca53398,/home/sparsh/Naplam/Bangladesh-UAV-PlantDisease/Training Dataset/Mixed/TN-1822.jpg,Mixed,TN-1822.jpg,2
393d9244c6130ee380310aa4ccfbebf5,/home/sparsh/Naplam/Bangladesh-UAV-PlantDisease/Training Dataset/Mixed/TN-870.jpg,Mixed,TN-870.jpg,2
832ad98617d6d0a72e0ac5c3e6009368,/home/sparsh/Naplam/Bangladesh-UAV-PlantDisease/Training Dataset/Mixed/TN-1129.jpg,Mixed,TN-1129.jpg,2
8fe8af54f7bf580ac4ffbfa00f958dff,/home/sparsh/Naplam/Bangladesh-UAV-PlantDisease/Training Dataset/Hail damage/TN-281.jpg,Hail damage,TN-281.jpg,1
2b677c966d88a11ffa1886bee96da918,/home/sparsh/Naplam/Bangladesh-UAV-PlantDisease/Training Dataset/Root Damage/TN-539.jpg,Root Damage,TN-539.jpg,3
0b21e2361d70a42eb4856345cc641c6a,/home/sparsh/Naplam/Bangladesh-UAV-PlantDisease/Training Dataset/Root Damage/TN-778.jpg,Root Damage,TN-778.jpg,3
9971da1b2d3df692325a02326a42f9b1,/home/sparsh/Naplam/Bangladesh-UAV-PlantDisease/Training Dataset/Cotton Bollworm Infestation/TN-531.jpg,Cotton Bollworm Infestation,TN-531.jpg,0
79ddd27db9704dc16447d720a79527bd,/home/sparsh/Naplam/Bangladesh-UAV-PlantDisease/Test Dataset/Hail damages/TN-2550.jpg,Hail damage,TN-2550.jpg,1
90706b328feef453a4c55340f21ecdf5,/home/sparsh/Naplam/Bangladesh-UAV-PlantDisease/Test Dataset/Hail damages/TN-2248.jpg,Hail damage,TN-2248.jpg,1
596abecec22b88b2734867da198169cc,/home/sparsh/Naplam/Bangladesh-UAV-PlantDisease/Test Dataset/Strong-Light Burn/TN-324.jpg,Strong-Light Burn,TN-324.jpg,4
61e8c6bd9338ec814720af4ad0bb6a3c,/home/sparsh/Naplam/Bangladesh-UAV-PlantDisease/Training Dataset/Mixed/TN-17.jpg,Mixed,TN-17.jpg,2
b462aec9e0d55dd710647bfde2c40974,/home/sparsh/Naplam/Bangladesh-UAV-PlantDisease/Training Dataset/Hail damage/TN-690.jpg,Hail damage,TN-690.jpg,1
9d1e7d430af45ae219d088af798fe5e4,/home/sparsh/Naplam/Bangladesh-UAV-PlantDisease/Training Dataset/Mixed/TN-1561.jpg,Mixed,TN-1561.jpg,2
af76dad901e989084ae6d1f7d864d3fc,/home/sparsh/Naplam/Bangladesh-UAV-PlantDisease/Training Dataset/Mixed/TN-586.jpg,Mixed,TN-586.jpg,2
c1af8dc7cac00fce3d093cfc115cad52,/home/sparsh/Naplam/Bangladesh-UAV-PlantDisease/Test Dataset/Hail damages/TN-975.jpg,Hail damage,TN-975.jpg,1
dc3a7bed8c8384764b0c71d77ac1f203,/home/sparsh/Naplam/Bangladesh-UAV-PlantDisease/Training Dataset/Mixed/TN-940.jpg,Mixed,TN-940.jpg,2
9f03eddeec8e24ec69bded2183296f51,/home/sparsh/Naplam/Bangladesh-UAV-PlantDisease/Test Dataset/Hail damages/TN-350.jpg,Hail damage,TN-350.jpg,1
bb1b97040105f67fe6a076efc386106f,/home/sparsh/Naplam/Bangladesh-UAV-PlantDisease/Training Dataset/Mixed/TN-2151.jpg,Mixed,TN-2151.jpg,2
cf1c450fa4985d4dbdaa308d7b470bdb,/home/sparsh/Naplam/Bangladesh-UAV-PlantDisease/Training Dataset/Strong-Light Burn/TN-534.jpg,Strong-Light Burn,TN-534.jpg,4
5684fbf884b23c74373ba02b8c56ca4c,/home/sparsh/Naplam/Bangladesh-UAV-PlantDisease/Training Dataset/Mixed/TN-838.jpg,Mixed,TN-838.jpg,2
6347e650abb51b4e7ab23efb1172de7f,/home/sparsh/Naplam/Bangladesh-UAV-PlantDisease/Training Dataset/Cotton Bollworm Infestation/TN-84.jpg,Cotton Bollworm Infestation,TN-84.jpg,0
2cb286ac52a223397afee5ca7be04175,/home/sparsh/Naplam/Bangladesh-UAV-PlantDisease/Training Dataset/Mixed/TN-1024.jpg,Mixed,TN-1024.jpg,2
3782bdd535b3b6025b8a6e3a331aef7b,/home/sparsh/Naplam/Bangladesh-UAV-PlantDisease/Training Dataset/Root Damage/TN-754.jpg,Root Damage,TN-754.jpg,3
24a2bcb9f9fa7e5a37d852a806d52a83,/home/sparsh/Naplam/Bangladesh-UAV-PlantDisease/Test Dataset/Hail damages/TN-2826.jpg,Hail damage,TN-2826.jpg,1
bf3dd4eec11c54bd7b2ca364ef6a0c64,/home/sparsh/Naplam/Bangladesh-UAV-PlantDisease/Training Dataset/Cotton Bollworm Infestation/TN-668.jpg,Cotton Bollworm Infestation,TN-668.jpg,0
4514177ec7dab1b969fdf263d162ab58,/home/sparsh/Naplam/Bangladesh-UAV-PlantDisease/Training Dataset/Mixed/TN-942.jpg,Mixed,TN-942.jpg,2
317298ea333152f3ef54f1ff3f440dd8,/home/sparsh/Naplam/Bangladesh-UAV-PlantDisease/Training Dataset/Mixed/TN-1775.jpg,Mixed,TN-1775.jpg,2
9ea963f1cc9f337c523ca5e2573dfaa8,/home/sparsh/Naplam/Bangladesh-UAV-PlantDisease/Training Dataset/Hail damage/TN-324.jpg,Hail damage,TN-324.jpg,1
a2adbee4d91ce43a32125b9d469e3c31,/home/sparsh/Naplam/Bangladesh-UAV-PlantDisease/Training Dataset/Mixed/TN-611.jpg,Mixed,TN-611.jpg,2
f30121ae4ed5ba4d53afcc3ae30326a4,/home/sparsh/Naplam/Bangladesh-UAV-PlantDisease/Training Dataset/Mixed/TN-1913.jpg,Mixed,TN-1913.jpg,2
f923d985a2457ecafc8b4397d5f63c01,/home/sparsh/Naplam/Bangladesh-UAV-PlantDisease/Test Dataset/Hail damages/TN-1155.jpg,Hail damage,TN-1155.jpg,1
f6029f27ad35b08b7e374378bcf89863,/home/sparsh/Naplam/Bangladesh-UAV-PlantDisease/Training Dataset/Strong-Light Burn/TN-667.jpg,Strong-Light Burn,TN-667.jpg,4
49edec80e2327227f24fa83e0b93f9e6,/home/sparsh/Naplam/Bangladesh-UAV-PlantDisease/Training Dataset/Mixed/TN-2038.jpg,Mixed,TN-2038.jpg,2
56bea6ace0f68cea457d2cea2cf891d5,/home/sparsh/Naplam/Bangladesh-UAV-PlantDisease/Training Dataset/Cotton Bollworm Infestation/TN-610.jpg,Cotton Bollworm Infestation,TN-610.jpg,0
270c3aedc09b03c35ce5cbb9bbd07b2c,/home/sparsh/Naplam/Bangladesh-UAV-PlantDisease/Test Dataset/Hail damages/TN-497.jpg,Hail damage,TN-497.jpg,1
250fb75bcfae1ee20ec8f958c45ea0ba,/home/sparsh/Naplam/Bangladesh-UAV-PlantDisease/Training Dataset/Mixed/TN-1054.jpg,Mixed,TN-1054.jpg,2
294933cf05a99c5f183749a7e5c1ef22,/home/sparsh/Naplam/Bangladesh-UAV-PlantDisease/Training Dataset/Hail damage/TN-469.jpg,Hail damage,TN-469.jpg,1
14bba724b1a03854078b93341844c92f,/home/sparsh/Naplam/Bangladesh-UAV-PlantDisease/Test Dataset/Hail damages/TN-2579.jpg,Hail damage,TN-2579.jpg,1
c8abe24979556b6d2750f1ea814049f6,/home/sparsh/Naplam/Bangladesh-UAV-PlantDisease/Test Dataset/Hail damages/TN-2926.jpg,Hail damage,TN-2926.jpg,1
3f17e99f74def6970c59ed0b2bdbf0ac,/home/sparsh/Naplam/Bangladesh-UAV-PlantDisease/Test Dataset/Mixed/TN-361.jpg,Mixed,TN-361.jpg,2
f7e76d9f1bfc519d14f38926c6985962,/home/sparsh/Naplam/Bangladesh-UAV-PlantDisease/Training Dataset/Mixed/TN-2020.jpg,Mixed,TN-2020.jpg,2
289c408ff68796b6c0f5c5428f94f256,/home/sparsh/Naplam/Bangladesh-UAV-PlantDisease/Training Dataset/Strong-Light Burn/TN-275.jpg,Strong-Light Burn,TN-275.jpg,4
ba62444c1216665c19200ccd094e49f4,/home/sparsh/Naplam/Bangladesh-UAV-PlantDisease/Training Dataset/Mixed/TN-490.jpg,Mixed,TN-490.jpg,2
ad2e1951b224045ea5e3d87fc6c3894e,/home/sparsh/Naplam/Bangladesh-UAV-PlantDisease/Test Dataset/Hail damages/TN-1299.jpg,Hail damage,TN-1299.jpg,1
bbba717d2f5a34c47e4872fab24ab837,/home/sparsh/Naplam/Bangladesh-UAV-PlantDisease/Test Dataset/Hail damages/TN-1279.jpg,Hail damage,TN-1279.jpg,1
94839f9fe882c3571c8c376de472b672,/home/sparsh/Naplam/Bangladesh-UAV-PlantDisease/Training Dataset/Strong-Light Burn/TN-453.jpg,Strong-Light Burn,TN-453.jpg,4
ec09e070eafd632c830a577ce67e1af1,/home/sparsh/Naplam/Bangladesh-UAV-PlantDisease/Training Dataset/Mixed/TN-2371.jpg,Mixed,TN-2371.jpg,2
1f1d1a148ecf7e78f8799a40b8bb5575,/home/sparsh/Naplam/Bangladesh-UAV-PlantDisease/Test Dataset/Hail damages/TN-831.jpg,Hail damage,TN-831.jpg,1
1eb94f997aaead656ab09c02fa588b82,/home/sparsh/Naplam/Bangladesh-UAV-PlantDisease/Test Dataset/Hail damages/TN-70.jpg,Hail damage,TN-70.jpg,1
0daa007523cc1676758023e02736bfc6,/home/sparsh/Naplam/Bangladesh-UAV-PlantDisease/Training Dataset/Strong-Light Burn/TN-563.jpg,Strong-Light Burn,TN-563.jpg,4
ffaa3f654da96ef63a6c76d09a9cb48d,/home/sparsh/Naplam/Bangladesh-UAV-PlantDisease/Test Dataset/Hail damages/TN-1445.jpg,Hail damage,TN-1445.jpg,1
7227ecd8772c8717751248ff34ca9900,/home/sparsh/Naplam/Bangladesh-UAV-PlantDisease/Test Dataset/Hail damages/TN-2475.jpg,Hail damage,TN-2475.jpg,1
78fa9d3b77b3cc7e0df01d3a8c449749,/home/sparsh/Naplam/Bangladesh-UAV-PlantDisease/Test Dataset/Hail damages/TN-2139.jpg,Hail damage,TN-2139.jpg,1
0485cff59ebaee351d303f389d57c7bd,/home/sparsh/Naplam/Bangladesh-UAV-PlantDisease/Training Dataset/Cotton Bollworm Infestation/TN-525.jpg,Cotton Bollworm Infestation,TN-525.jpg,0
e283a74e3de82df2564ebc54be57423e,/home/sparsh/Naplam/Bangladesh-UAV-PlantDisease/Training Dataset/Cotton Bollworm Infestation/TN-951.jpg,Cotton Bollworm Infestation,TN-951.jpg,0
00b601fe2630c0efafb358e4a8617a0e,/home/sparsh/Naplam/Bangladesh-UAV-PlantDisease/Training Dataset/Cotton Bollworm Infestation/TN-994.jpg,Cotton Bollworm Infestation,TN-994.jpg,0
29506cdbfc85b72a860aecd2308b925e,/home/sparsh/Naplam/Bangladesh-UAV-PlantDisease/Test Dataset/Hail damages/TN-2270.jpg,Hail damage,TN-2270.jpg,1
5a11745f028587e9f70c52e2d6293c30,/home/sparsh/Naplam/Bangladesh-UAV-PlantDisease/Test Dataset/Hail damages/TN-1276.jpg,Hail damage,TN-1276.jpg,1
15b95d497c305a61d3e034ec2ef66d84,/home/sparsh/Naplam/Bangladesh-UAV-PlantDisease/Training Dataset/Cotton Bollworm Infestation/TN-247.jpg,Cotton Bollworm Infestation,TN-247.jpg,0
45189dd6e5fbae2ea71e3ce34a26f02d,/home/sparsh/Naplam/Bangladesh-UAV-PlantDisease/Test Dataset/Hail damages/TN-1225.jpg,Hail damage,TN-1225.jpg,1
d654100e352554f76e9b6e7f4ead9791,/home/sparsh/Naplam/Bangladesh-UAV-PlantDisease/Test Dataset/Hail damages/TN-2817.jpg,Hail damage,TN-2817.jpg,1
655fb9e9434482e283aec00ab9c90bc4,/home/sparsh/Naplam/Bangladesh-UAV-PlantDisease/Training Dataset/Mixed/TN-846.jpg,Mixed,TN-846.jpg,2
510360241dee34999b81b6e44bbc5ca1,/home/sparsh/Naplam/Bangladesh-UAV-PlantDisease/Training Dataset/Hail damage/TN-787.jpg,Hail damage,TN-787.jpg,1
993e1948d56c361d31c0c70c0fde609a,/home/sparsh/Naplam/Bangladesh-UAV-PlantDisease/Training Dataset/Mixed/TN-604.jpg,Mixed,TN-604.jpg,2
4fa6eff483e6564918f3442b9779dd37,/home/sparsh/Naplam/Bangladesh-UAV-PlantDisease/Training Dataset/Root Damage/TN-398.jpg,Root Damage,TN-398.jpg,3
93a38c3dbe7da245f1810959d79ed0d9,/home/sparsh/Naplam/Bangladesh-UAV-PlantDisease/Training Dataset/Hail damage/TN-176.jpg,Hail damage,TN-176.jpg,1
c055d6f9cab242c6e4749c81b4c11d46,/home/sparsh/Naplam/Bangladesh-UAV-PlantDisease/Training Dataset/Hail damage/TN-20.jpg,Hail damage,TN-20.jpg,1
5a157d421f80c5744f6101317e8572fb,/home/sparsh/Naplam/Bangladesh-UAV-PlantDisease/Training Dataset/Root Damage/TN-348.jpg,Root Damage,TN-348.jpg,3
37251535615d87c5ffadc80075012e07,/home/sparsh/Naplam/Bangladesh-UAV-PlantDisease/Training Dataset/Hail damage/TN-679.jpg,Hail damage,TN-679.jpg,1
6dad2fc4cf4cea43e735d2944ad2e26a,/home/sparsh/Naplam/Bangladesh-UAV-PlantDisease/Test Dataset/Hail damages/TN-2949.jpg,Hail damage,TN-2949.jpg,1
58e5bf5ed597adabb51e9c478dc42b25,/home/sparsh/Naplam/Bangladesh-UAV-PlantDisease/Training Dataset/Root Damage/TN-797.jpg,Root Damage,TN-797.jpg,3
48365e5efc845714c5f45316e961209f,/home/sparsh/Naplam/Bangladesh-UAV-PlantDisease/Training Dataset/Root Damage/TN-614.jpg,Root Damage,TN-614.jpg,3
f93875243b50c8368a44f8b50916bb71,/home/sparsh/Naplam/Bangladesh-UAV-PlantDisease/Training Dataset/Hail damage/TN-428.jpg,Hail damage,TN-428.jpg,1
c16e24a7eb9e6e91a5861ba29b17c3d5,/home/sparsh/Naplam/Bangladesh-UAV-PlantDisease/Test Dataset/Mixed/TN-264.jpg,Mixed,TN-264.jpg,2
40da2d41f2d1445b4c40d36947f0c043,/home/sparsh/Naplam/Bangladesh-UAV-PlantDisease/Training Dataset/Cotton Bollworm Infestation/TN-52.jpg,Cotton Bollworm Infestation,TN-52.jpg,0
c3d9716f8216673931f3de286b314e36,/home/sparsh/Naplam/Bangladesh-UAV-PlantDisease/Training Dataset/Cotton Bollworm Infestation/TN-246.jpg,Cotton Bollworm Infestation,TN-246.jpg,0
ac7a9d349cc146022aea55a09aa34944,/home/sparsh/Naplam/Bangladesh-UAV-PlantDisease/Test Dataset/Hail damages/TN-1665.jpg,Hail damage,TN-1665.jpg,1
d233e1f631c50401bfc4c1f0c99bf534,/home/sparsh/Naplam/Bangladesh-UAV-PlantDisease/Training Dataset/Mixed/TN-1621.jpg,Mixed,TN-1621.jpg,2
6d4f4149edef056d4a38394d13dbc2da,/home/sparsh/Naplam/Bangladesh-UAV-PlantDisease/Training Dataset/Hail damage/TN-819.jpg,Hail damage,TN-819.jpg,1
d6a6577feb5ca915a846496bc9fa3891,/home/sparsh/Naplam/Bangladesh-UAV-PlantDisease/Test Dataset/Mixed/TN-71.jpg,Mixed,TN-71.jpg,2
0781415afcf6ae5729b5627b68582b91,/home/sparsh/Naplam/Bangladesh-UAV-PlantDisease/Training Dataset/Root Damage/TN-203.jpg,Root Damage,TN-203.jpg,3
93b5bedea4a6bf4d16494e9b941bafad,/home/sparsh/Naplam/Bangladesh-UAV-PlantDisease/Test Dataset/Hail damages/TN-1569.jpg,Hail damage,TN-1569.jpg,1
4c617c0db415996600c1fea41e61ceac,/home/sparsh/Naplam/Bangladesh-UAV-PlantDisease/Test Dataset/Hail damages/TN-2178.jpg,Hail damage,TN-2178.jpg,1
f29c06344d796007f2a45305ea858a7f,/home/sparsh/Naplam/Bangladesh-UAV-PlantDisease/Training Dataset/Strong-Light Burn/TN-333.jpg,Strong-Light Burn,TN-333.jpg,4
24b5b32ffe568b4e45cb9056c7084e84,/home/sparsh/Naplam/Bangladesh-UAV-PlantDisease/Training Dataset/Strong-Light Burn/TN-470.jpg,Strong-Light Burn,TN-470.jpg,4
796de092db774c626c06f3f4ad0c9699,/home/sparsh/Naplam/Bangladesh-UAV-PlantDisease/Training Dataset/Mixed/TN-1956.jpg,Mixed,TN-1956.jpg,2
9f26e6ed76dd9f14d851fdb2ca1a2d11,/home/sparsh/Naplam/Bangladesh-UAV-PlantDisease/Training Dataset/Hail damage/TN-501.jpg,Hail damage,TN-501.jpg,1
ed11804d7fe5ed19f1e235419416390e,/home/sparsh/Naplam/Bangladesh-UAV-PlantDisease/Training Dataset/Hail damage/TN-203.jpg,Hail damage,TN-203.jpg,1
6740741e565aeef8495562623c0d8023,/home/sparsh/Naplam/Bangladesh-UAV-PlantDisease/Training Dataset/Mixed/TN-475.jpg,Mixed,TN-475.jpg,2
fc492a32269f55c20562e77c13bcf293,/home/sparsh/Naplam/Bangladesh-UAV-PlantDisease/Training Dataset/Strong-Light Burn/TN-362.jpg,Strong-Light Burn,TN-362.jpg,4
2c55b8eb497f71e2e09748e25cd35d0f,/home/sparsh/Naplam/Bangladesh-UAV-PlantDisease/Test Dataset/Hail damages/TN-395.jpg,Hail damage,TN-395.jpg,1
7e52b3816a1ebd4f5ee3934cbc76fd42,/home/sparsh/Naplam/Bangladesh-UAV-PlantDisease/Training Dataset/Mixed/TN-1255.jpg,Mixed,TN-1255.jpg,2
011fb485bfc73c1ee05af7634c6bb569,/home/sparsh/Naplam/Bangladesh-UAV-PlantDisease/Training Dataset/Mixed/TN-2101.jpg,Mixed,TN-2101.jpg,2
0ef4922a27bfa19f24fdd8fe9790b87b,/home/sparsh/Naplam/Bangladesh-UAV-PlantDisease/Test Dataset/Hail damages/TN-1205.jpg,Hail damage,TN-1205.jpg,1
92959581aa61ee0c8f67de007d2c361b,/home/sparsh/Naplam/Bangladesh-UAV-PlantDisease/Training Dataset/Mixed/TN-901.jpg,Mixed,TN-901.jpg,2
4fbd730498c5f7d76a3c2d568c4ea958,/home/sparsh/Naplam/Bangladesh-UAV-PlantDisease/Training Dataset/Root Damage/TN-98.jpg,Root Damage,TN-98.jpg,3
2caed6290a1aca783ec84d7d62bfaa4c,/home/sparsh/Naplam/Bangladesh-UAV-PlantDisease/Training Dataset/Cotton Bollworm Infestation/TN-86.jpg,Cotton Bollworm Infestation,TN-86.jpg,0
e7ba5c89f8dfca58f5a558883fd81b82,/home/sparsh/Naplam/Bangladesh-UAV-PlantDisease/Training Dataset/Mixed/TN-1829.jpg,Mixed,TN-1829.jpg,2
7401cc0f3633fed67a5b725544f424c2,/home/sparsh/Naplam/Bangladesh-UAV-PlantDisease/Test Dataset/Hail damages/TN-2507.jpg,Hail damage,TN-2507.jpg,1
6b40e1eb9ad7dba8c00444879c01e350,/home/sparsh/Naplam/Bangladesh-UAV-PlantDisease/Training Dataset/Strong-Light Burn/TN-355.jpg,Strong-Light Burn,TN-355.jpg,4
7a4c040aa238e65da503b347a3393ecb,/home/sparsh/Naplam/Bangladesh-UAV-PlantDisease/Training Dataset/Strong-Light Burn/TN-565.jpg,Strong-Light Burn,TN-565.jpg,4
560ad33a49d7b994d6b23a91f9eb03b1,/home/sparsh/Naplam/Bangladesh-UAV-PlantDisease/Training Dataset/Mixed/TN-1574.jpg,Mixed,TN-1574.jpg,2
8420bf6eb3eae08e8bae0e7347981812,/home/sparsh/Naplam/Bangladesh-UAV-PlantDisease/Test Dataset/Hail damages/TN-1849.jpg,Hail damage,TN-1849.jpg,1
74b79787599b14f80d46162790897a50,/home/sparsh/Naplam/Bangladesh-UAV-PlantDisease/Training Dataset/Mixed/TN-720.jpg,Mixed,TN-720.jpg,2
1ae28b926be0b13b172b8b57a9dba024,/home/sparsh/Naplam/Bangladesh-UAV-PlantDisease/Test Dataset/Hail damages/TN-190.jpg,Hail damage,TN-190.jpg,1
3c442891b69463f1e7cc9184fcdae599,/home/sparsh/Naplam/Bangladesh-UAV-PlantDisease/Training Dataset/Mixed/TN-1789.jpg,Mixed,TN-1789.jpg,2
8f5ea003e9967cb41de761b791346294,/home/sparsh/Naplam/Bangladesh-UAV-PlantDisease/Training Dataset/Mixed/TN-1422.jpg,Mixed,TN-1422.jpg,2
676117f72b1c44a3190d4bf84ecf7b10,/home/sparsh/Naplam/Bangladesh-UAV-PlantDisease/Test Dataset/Hail damages/TN-788.jpg,Hail damage,TN-788.jpg,1
e19d487eaf2eb9965dda9b2ac4b4daab,/home/sparsh/Naplam/Bangladesh-UAV-PlantDisease/Test Dataset/Hail damages/TN-1930.jpg,Hail damage,TN-1930.jpg,1
42fd372ee80b0c35410ddf9edbad99f9,/home/sparsh/Naplam/Bangladesh-UAV-PlantDisease/Training Dataset/Mixed/TN-460.jpg,Mixed,TN-460.jpg,2
746e3db09d36791cdaf53db5f71b7f0c,/home/sparsh/Naplam/Bangladesh-UAV-PlantDisease/Test Dataset/Hail damages/TN-949.jpg,Hail damage,TN-949.jpg,1
cc27cde8b6ae1b03bdec2b624bf80f44,/home/sparsh/Naplam/Bangladesh-UAV-PlantDisease/Test Dataset/Root Damage/TN-260.jpg,Root Damage,TN-260.jpg,3
f1d67de30bc1a365c0cb95ea8c269aa1,/home/sparsh/Naplam/Bangladesh-UAV-PlantDisease/Training Dataset/Root Damage/TN-111.jpg,Root Damage,TN-111.jpg,3
5e7b17e4a2a0a79828b34192c512e81c,/home/sparsh/Naplam/Bangladesh-UAV-PlantDisease/Test Dataset/Hail damages/TN-1476.jpg,Hail damage,TN-1476.jpg,1
0535bdff007c09dc9ce6ad75364d48e0,/home/sparsh/Naplam/Bangladesh-UAV-PlantDisease/Training Dataset/Mixed/TN-1186.jpg,Mixed,TN-1186.jpg,2
4bd4e71e63dc2741cde7c8708b14832f,/home/sparsh/Naplam/Bangladesh-UAV-PlantDisease/Training Dataset/Hail damage/TN-401.jpg,Hail damage,TN-401.jpg,1
37c1e8e566a9dbcbbfb93e64bd7174cf,/home/sparsh/Naplam/Bangladesh-UAV-PlantDisease/Training Dataset/Root Damage/TN-419.jpg,Root Damage,TN-419.jpg,3
373e5ed31d4a93c1f184c6f71d216d71,/home/sparsh/Naplam/Bangladesh-UAV-PlantDisease/Training Dataset/Mixed/TN-47.jpg,Mixed,TN-47.jpg,2
fdb41733bfc30f7c9e03e58ce1131534,/home/sparsh/Naplam/Bangladesh-UAV-PlantDisease/Training Dataset/Cotton Bollworm Infestation/TN-474.jpg,Cotton Bollworm Infestation,TN-474.jpg,0
19c13eec52ab0a58945e65752f86176c,/home/sparsh/Naplam/Bangladesh-UAV-PlantDisease/Training Dataset/Cotton Bollworm Infestation/TN-819.jpg,Cotton Bollworm Infestation,TN-819.jpg,0
644d7fc27ed76dc83ec072d76f93cddb,/home/sparsh/Naplam/Bangladesh-UAV-PlantDisease/Test Dataset/Hail damages/TN-1686.jpg,Hail damage,TN-1686.jpg,1
b3a2a0863a5527267c2a9bd792d80a4b,/home/sparsh/Naplam/Bangladesh-UAV-PlantDisease/Training Dataset/Mixed/TN-685.jpg,Mixed,TN-685.jpg,2
23ff5980b170e13b6fddfd964ec18dee,/home/sparsh/Naplam/Bangladesh-UAV-PlantDisease/Test Dataset/Strong-Light Burn/TN-103.jpg,Strong-Light Burn,TN-103.jpg,4
ae64c7a54125e932b57a77ddd6e02c94,/home/sparsh/Naplam/Bangladesh-UAV-PlantDisease/Training Dataset/Root Damage/TN-71.jpg,Root Damage,TN-71.jpg,3
122a58df234148f2c3990f50d583882c,/home/sparsh/Naplam/Bangladesh-UAV-PlantDisease/Training Dataset/Strong-Light Burn/TN-366.jpg,Strong-Light Burn,TN-366.jpg,4
0d1573df8a145374b2a2f3fd612959a6,/home/sparsh/Naplam/Bangladesh-UAV-PlantDisease/Training Dataset/Mixed/TN-276.jpg,Mixed,TN-276.jpg,2
1865975be45bc8a107fa613ccdcb0d3c,/home/sparsh/Naplam/Bangladesh-UAV-PlantDisease/Test Dataset/Strong-Light Burn/TN-320.jpg,Strong-Light Burn,TN-320.jpg,4
c04b65d32db7ea31cf85306671e56e96,/home/sparsh/Naplam/Bangladesh-UAV-PlantDisease/Test Dataset/Hail damages/TN-1403.jpg,Hail damage,TN-1403.jpg,1
2a759ec41e3646a2a5d86e563036e12c,/home/sparsh/Naplam/Bangladesh-UAV-PlantDisease/Training Dataset/Mixed/TN-1137.jpg,Mixed,TN-1137.jpg,2
7bde4dadf200592d45e4758ae856b36a,/home/sparsh/Naplam/Bangladesh-UAV-PlantDisease/Test Dataset/Hail damages/TN-2526.jpg,Hail damage,TN-2526.jpg,1
f081632ed66a5a2242b54696771b5652,/home/sparsh/Naplam/Bangladesh-UAV-PlantDisease/Training Dataset/Mixed/TN-2325.jpg,Mixed,TN-2325.jpg,2
410a7f6d4804820e03d5ca47c60545b9,/home/sparsh/Naplam/Bangladesh-UAV-PlantDisease/Test Dataset/Hail damages/TN-1416.jpg,Hail damage,TN-1416.jpg,1
e9a5fba270bebc3b1468a120a0c4a159,/home/sparsh/Naplam/Bangladesh-UAV-PlantDisease/Training Dataset/Mixed/TN-75.jpg,Mixed,TN-75.jpg,2
256f62daa2a61d306eae90d9fa1437eb,/home/sparsh/Naplam/Bangladesh-UAV-PlantDisease/Training Dataset/Hail damage/TN-422.jpg,Hail damage,TN-422.jpg,1
0c2deae1af37111b1c12e14f5ef1fd87,/home/sparsh/Naplam/Bangladesh-UAV-PlantDisease/Training Dataset/Root Damage/TN-276.jpg,Root Damage,TN-276.jpg,3
58eaf263f3cba7da47ed859b98c5ce13,/home/sparsh/Naplam/Bangladesh-UAV-PlantDisease/Training Dataset/Mixed/TN-66.jpg,Mixed,TN-66.jpg,2
e21be177fe9b8f73ff7de7aa3f4200cb,/home/sparsh/Naplam/Bangladesh-UAV-PlantDisease/Test Dataset/Hail damages/TN-2807.jpg,Hail damage,TN-2807.jpg,1
a50d453bf5c8d836ef9fd0e3572f4a93,/home/sparsh/Naplam/Bangladesh-UAV-PlantDisease/Test Dataset/Hail damages/TN-2647.jpg,Hail damage,TN-2647.jpg,1
003c7a5eac2ae94916650e887df527bc,/home/sparsh/Naplam/Bangladesh-UAV-PlantDisease/Test Dataset/Hail damages/TN-818.jpg,Hail damage,TN-818.jpg,1
7ec9a66d7e74ff63af5c2b2eacc0e8cd,/home/sparsh/Naplam/Bangladesh-UAV-PlantDisease/Training Dataset/Strong-Light Burn/TN-218.jpg,Strong-Light Burn,TN-218.jpg,4
1baa6729d7428dcd42841433988dbd94,/home/sparsh/Naplam/Bangladesh-UAV-PlantDisease/Training Dataset/Mixed/TN-298.jpg,Mixed,TN-298.jpg,2
412a70518678d7ffa635e56f4ba471b0,/home/sparsh/Naplam/Bangladesh-UAV-PlantDisease/Training Dataset/Mixed/TN-1065.jpg,Mixed,TN-1065.jpg,2
b0f6f53d210f965461a51e83bf17ad52,/home/sparsh/Naplam/Bangladesh-UAV-PlantDisease/Training Dataset/Cotton Bollworm Infestation/TN-817.jpg,Cotton Bollworm Infestation,TN-817.jpg,0
5de5eada27d49227d925d0650f89da8f,/home/sparsh/Naplam/Bangladesh-UAV-PlantDisease/Training Dataset/Strong-Light Burn/TN-115.jpg,Strong-Light Burn,TN-115.jpg,4
64cbb447bd3cd78300f5b8c8c328a939,/home/sparsh/Naplam/Bangladesh-UAV-PlantDisease/Training Dataset/Cotton Bollworm Infestation/TN-813.jpg,Cotton Bollworm Infestation,TN-813.jpg,0
908bf2fe40d8e453dbc9fa7485226fa6,/home/sparsh/Naplam/Bangladesh-UAV-PlantDisease/Training Dataset/Cotton Bollworm Infestation/TN-612.jpg,Cotton Bollworm Infestation,TN-612.jpg,0
186f0b6c5c08e3f0dd04009c0b73ec03,/home/sparsh/Naplam/Bangladesh-UAV-PlantDisease/Test Dataset/Hail damages/TN-1630.jpg,Hail damage,TN-1630.jpg,1
db5d95cf0663e43aabeee11be3b22937,/home/sparsh/Naplam/Bangladesh-UAV-PlantDisease/Test Dataset/Strong-Light Burn/TN-110.jpg,Strong-Light Burn,TN-110.jpg,4
22a55f91b540aa79c6cb56f9b3e2bed4,/home/sparsh/Naplam/Bangladesh-UAV-PlantDisease/Training Dataset/Strong-Light Burn/TN-398.jpg,Strong-Light Burn,TN-398.jpg,4
44f008e96d48764e57a16f8b9c1973a0,/home/sparsh/Naplam/Bangladesh-UAV-PlantDisease/Training Dataset/Root Damage/TN-558.jpg,Root Damage,TN-558.jpg,3
070ea4bc00c10728368c3407453a6fca,/home/sparsh/Naplam/Bangladesh-UAV-PlantDisease/Training Dataset/Cotton Bollworm Infestation/TN-594.jpg,Cotton Bollworm Infestation,TN-594.jpg,0
dd1b3ea48645d08c64a70ccd31594e12,/home/sparsh/Naplam/Bangladesh-UAV-PlantDisease/Training Dataset/Hail damage/TN-216.jpg,Hail damage,TN-216.jpg,1
3abd9a15eb98088540ac5bcd3ea5bd66,/home/sparsh/Naplam/Bangladesh-UAV-PlantDisease/Test Dataset/Hail damages/TN-2450.jpg,Hail damage,TN-2450.jpg,1
7c3ad91b670b4e800246fdfd8df8926f,/home/sparsh/Naplam/Bangladesh-UAV-PlantDisease/Training Dataset/Cotton Bollworm Infestation/TN-360.jpg,Cotton Bollworm Infestation,TN-360.jpg,0
fe90e9f5817ff290825b64dc6f724cd4,/home/sparsh/Naplam/Bangladesh-UAV-PlantDisease/Training Dataset/Mixed/TN-1023.jpg,Mixed,TN-1023.jpg,2
d57ca33c03c0843ac70ddaafd2c6acba,/home/sparsh/Naplam/Bangladesh-UAV-PlantDisease/Training Dataset/Mixed/TN-854.jpg,Mixed,TN-854.jpg,2
ddca08dac137ae2343f452cc108571c3,/home/sparsh/Naplam/Bangladesh-UAV-PlantDisease/Training Dataset/Mixed/TN-345.jpg,Mixed,TN-345.jpg,2
238d56b411f06e994f3debb9dc7f8276,/home/sparsh/Naplam/Bangladesh-UAV-PlantDisease/Training Dataset/Root Damage/TN-838.jpg,Root Damage,TN-838.jpg,3
1374b898e17e2540438ebeeec0d26385,/home/sparsh/Naplam/Bangladesh-UAV-PlantDisease/Training Dataset/Hail damage/TN-507.jpg,Hail damage,TN-507.jpg,1
a3ba2e7d70a3a724c1368a9eab095188,/home/sparsh/Naplam/Bangladesh-UAV-PlantDisease/Training Dataset/Mixed/TN-1813.jpg,Mixed,TN-1813.jpg,2
d3b7f0885e8bd29739f9c72fc4c9e879,/home/sparsh/Naplam/Bangladesh-UAV-PlantDisease/Training Dataset/Cotton Bollworm Infestation/TN-465.jpg,Cotton Bollworm Infestation,TN-465.jpg,0
daebefba43fd1619e1a735b908e33e2e,/home/sparsh/Naplam/Bangladesh-UAV-PlantDisease/Test Dataset/Hail damages/TN-1418.jpg,Hail damage,TN-1418.jpg,1
ca94e440081d013d46e16c247602bdc2,/home/sparsh/Naplam/Bangladesh-UAV-PlantDisease/Test Dataset/Hail damages/TN-2539.jpg,Hail damage,TN-2539.jpg,1
8febb842e89a0fe4e89c46bd938770a3,/home/sparsh/Naplam/Bangladesh-UAV-PlantDisease/Training Dataset/Mixed/TN-936.jpg,Mixed,TN-936.jpg,2
af7bfcf0dd778cc87358f356eeb7284f,/home/sparsh/Naplam/Bangladesh-UAV-PlantDisease/Training Dataset/Mixed/TN-1947.jpg,Mixed,TN-1947.jpg,2
242f9595132d9751965658b74b549307,/home/sparsh/Naplam/Bangladesh-UAV-PlantDisease/Test Dataset/Hail damages/TN-1639.jpg,Hail damage,TN-1639.jpg,1
bb59a7a43a31d4519a9141ade84e0c91,/home/sparsh/Naplam/Bangladesh-UAV-PlantDisease/Training Dataset/Root Damage/TN-571.jpg,Root Damage,TN-571.jpg,3
e7cb0a21568c2206dee048d037e1cc95,/home/sparsh/Naplam/Bangladesh-UAV-PlantDisease/Training Dataset/Mixed/TN-1162.jpg,Mixed,TN-1162.jpg,2
504358a0c0160a5039ead5f8d954207b,/home/sparsh/Naplam/Bangladesh-UAV-PlantDisease/Training Dataset/Hail damage/TN-247.jpg,Hail damage,TN-247.jpg,1
40fe209386db9be9ce9ec9a16911b196,/home/sparsh/Naplam/Bangladesh-UAV-PlantDisease/Training Dataset/Hail damage/TN-331.jpg,Hail damage,TN-331.jpg,1
c0c1f1d956121bf8f141fdd8bdb57241,/home/sparsh/Naplam/Bangladesh-UAV-PlantDisease/Test Dataset/Hail damages/TN-882.jpg,Hail damage,TN-882.jpg,1
702078e053a9825bfc07fba43524d080,/home/sparsh/Naplam/Bangladesh-UAV-PlantDisease/Training Dataset/Cotton Bollworm Infestation/TN-776.jpg,Cotton Bollworm Infestation,TN-776.jpg,0
680063247cab9b5d5a1c3abf2c7bd2a5,/home/sparsh/Naplam/Bangladesh-UAV-PlantDisease/Training Dataset/Root Damage/TN-301.jpg,Root Damage,TN-301.jpg,3
e2a39c494122cc822564cb7576cfac26,/home/sparsh/Naplam/Bangladesh-UAV-PlantDisease/Training Dataset/Mixed/TN-1020.jpg,Mixed,TN-1020.jpg,2
1ad6a1daa11818f1d2016ce90d2b636b,/home/sparsh/Naplam/Bangladesh-UAV-PlantDisease/Training Dataset/Strong-Light Burn/TN-63.jpg,Strong-Light Burn,TN-63.jpg,4
f3536608530c815f52b13a2d1d2b8dc6,/home/sparsh/Naplam/Bangladesh-UAV-PlantDisease/Test Dataset/Hail damages/TN-2090.jpg,Hail damage,TN-2090.jpg,1
9dacd97e3b122972e48aa3ffdb4cd7e2,/home/sparsh/Naplam/Bangladesh-UAV-PlantDisease/Training Dataset/Mixed/TN-1102.jpg,Mixed,TN-1102.jpg,2
8c1171f9c77fb3faf71a178fe3376cc3,/home/sparsh/Naplam/Bangladesh-UAV-PlantDisease/Training Dataset/Mixed/TN-2050.jpg,Mixed,TN-2050.jpg,2
49fa828318028c54dcc3a097f87d7fb7,/home/sparsh/Naplam/Bangladesh-UAV-PlantDisease/Training Dataset/Root Damage/TN-322.jpg,Root Damage,TN-322.jpg,3
7bd2971b5416dad0d02bb37cac8a1a26,/home/sparsh/Naplam/Bangladesh-UAV-PlantDisease/Test Dataset/Hail damages/TN-957.jpg,Hail damage,TN-957.jpg,1
bf8789165526e88d0b37df4ab8a5eaeb,/home/sparsh/Naplam/Bangladesh-UAV-PlantDisease/Training Dataset/Mixed/TN-487.jpg,Mixed,TN-487.jpg,2
b23aaffce7a8c36598494b23be8f506d,/home/sparsh/Naplam/Bangladesh-UAV-PlantDisease/Training Dataset/Strong-Light Burn/TN-78.jpg,Strong-Light Burn,TN-78.jpg,4
5bda1dea6327e7ab4c50889280468530,/home/sparsh/Naplam/Bangladesh-UAV-PlantDisease/Training Dataset/Mixed/TN-1397.jpg,Mixed,TN-1397.jpg,2
ebef8347c16e935a572dc1171242e8c9,/home/sparsh/Naplam/Bangladesh-UAV-PlantDisease/Training Dataset/Mixed/TN-1444.jpg,Mixed,TN-1444.jpg,2
521d1fa1cb3bc27117dc779dc8cbdff4,/home/sparsh/Naplam/Bangladesh-UAV-PlantDisease/Test Dataset/Hail damages/TN-1399.jpg,Hail damage,TN-1399.jpg,1
3a66a01364eb0b4962b5536caf86afcc,/home/sparsh/Naplam/Bangladesh-UAV-PlantDisease/Training Dataset/Cotton Bollworm Infestation/TN-82.jpg,Cotton Bollworm Infestation,TN-82.jpg,0
f2c3ed2f057b9721c52f4410491b74ab,/home/sparsh/Naplam/Bangladesh-UAV-PlantDisease/Training Dataset/Mixed/TN-553.jpg,Mixed,TN-553.jpg,2
82bbadcfd7f75e0b531993fd8dc1dc1b,/home/sparsh/Naplam/Bangladesh-UAV-PlantDisease/Test Dataset/Mixed/TN-350.jpg,Mixed,TN-350.jpg,2
a17ea43f3270e4bce7b9613851813cf8,/home/sparsh/Naplam/Bangladesh-UAV-PlantDisease/Test Dataset/Hail damages/TN-1882.jpg,Hail damage,TN-1882.jpg,1
6270ccc0bd2632856c29ffb647c3fe53,/home/sparsh/Naplam/Bangladesh-UAV-PlantDisease/Training Dataset/Strong-Light Burn/TN-460.jpg,Strong-Light Burn,TN-460.jpg,4
9f6691c53fd1057a268980a7723a14fc,/home/sparsh/Naplam/Bangladesh-UAV-PlantDisease/Test Dataset/Hail damages/TN-2208.jpg,Hail damage,TN-2208.jpg,1
f54edbdb3d9151eef51c87cfb476d829,/home/sparsh/Naplam/Bangladesh-UAV-PlantDisease/Training Dataset/Mixed/TN-1322.jpg,Mixed,TN-1322.jpg,2
5aa5c3debf7d8248053ddbfa4ddc4e1b,/home/sparsh/Naplam/Bangladesh-UAV-PlantDisease/Test Dataset/Hail damages/TN-597.jpg,Hail damage,TN-597.jpg,1
c117ebd401c1541561eee748a4a9a864,/home/sparsh/Naplam/Bangladesh-UAV-PlantDisease/Training Dataset/Root Damage/TN-731.jpg,Root Damage,TN-731.jpg,3
2d8c737059b4997d25b6144a39d52bda,/home/sparsh/Naplam/Bangladesh-UAV-PlantDisease/Training Dataset/Mixed/TN-1076.jpg,Mixed,TN-1076.jpg,2
15fb01ee8aa6a4a19e5b8ffc7e376bb9,/home/sparsh/Naplam/Bangladesh-UAV-PlantDisease/Training Dataset/Mixed/TN-644.jpg,Mixed,TN-644.jpg,2
a0b03ead32ecd0513dd1fa7101a9bc63,/home/sparsh/Naplam/Bangladesh-UAV-PlantDisease/Training Dataset/Cotton Bollworm Infestation/TN-267.jpg,Cotton Bollworm Infestation,TN-267.jpg,0
f70b64143c441619be06e9dccb79cb9e,/home/sparsh/Naplam/Bangladesh-UAV-PlantDisease/Training Dataset/Hail damage/TN-566.jpg,Hail damage,TN-566.jpg,1
e142a3f35e283562305a9650b86f0928,/home/sparsh/Naplam/Bangladesh-UAV-PlantDisease/Test Dataset/Hail damages/TN-1389.jpg,Hail damage,TN-1389.jpg,1
a0c0a29e1c9ffbfc8f77a0c8afdaf272,/home/sparsh/Naplam/Bangladesh-UAV-PlantDisease/Training Dataset/Mixed/TN-1740.jpg,Mixed,TN-1740.jpg,2
f2490adfb69cea40d52f90e162c7f9eb,/home/sparsh/Naplam/Bangladesh-UAV-PlantDisease/Training Dataset/Strong-Light Burn/TN-659.jpg,Strong-Light Burn,TN-659.jpg,4
060c1590610a9be470c33e6b4a55a075,/home/sparsh/Naplam/Bangladesh-UAV-PlantDisease/Training Dataset/Mixed/TN-1105.jpg,Mixed,TN-1105.jpg,2
2806d948ce9a9f4af326edff39f8e14f,/home/sparsh/Naplam/Bangladesh-UAV-PlantDisease/Training Dataset/Cotton Bollworm Infestation/TN-598.jpg,Cotton Bollworm Infestation,TN-598.jpg,0
6782a61e02def78e3bac534f84238d3d,/home/sparsh/Naplam/Bangladesh-UAV-PlantDisease/Training Dataset/Strong-Light Burn/TN-200.jpg,Strong-Light Burn,TN-200.jpg,4
b7a43f6926d107b28bc50a18495673c4,/home/sparsh/Naplam/Bangladesh-UAV-PlantDisease/Training Dataset/Strong-Light Burn/TN-58.jpg,Strong-Light Burn,TN-58.jpg,4
bee3e78547d837c689228ab9711de0e0,/home/sparsh/Naplam/Bangladesh-UAV-PlantDisease/Test Dataset/Hail damages/TN-729.jpg,Hail damage,TN-729.jpg,1
a47b5cd8943de2eed0e1bfa19996b9e8,/home/sparsh/Naplam/Bangladesh-UAV-PlantDisease/Training Dataset/Mixed/TN-48.jpg,Mixed,TN-48.jpg,2
7e4f70e1e71036c696a214fed662163c,/home/sparsh/Naplam/Bangladesh-UAV-PlantDisease/Training Dataset/Mixed/TN-348.jpg,Mixed,TN-348.jpg,2
9c059814c3311f323124d2533c0590c4,/home/sparsh/Naplam/Bangladesh-UAV-PlantDisease/Test Dataset/Hail damages/TN-2436.jpg,Hail damage,TN-2436.jpg,1
b3bcb8086eaa12725a76707bd7e2c89c,/home/sparsh/Naplam/Bangladesh-UAV-PlantDisease/Test Dataset/Hail damages/TN-2797.jpg,Hail damage,TN-2797.jpg,1
7013e85cc109ba9adb45c5c85ca47b8b,/home/sparsh/Naplam/Bangladesh-UAV-PlantDisease/Training Dataset/Mixed/TN-1086.jpg,Mixed,TN-1086.jpg,2
a6a6f56df490d151d2d94a0508320830,/home/sparsh/Naplam/Bangladesh-UAV-PlantDisease/Test Dataset/Hail damages/TN-2893.jpg,Hail damage,TN-2893.jpg,1
2a79481d72a710f11c03f359f65518bc,/home/sparsh/Naplam/Bangladesh-UAV-PlantDisease/Training Dataset/Hail damage/TN-754.jpg,Hail damage,TN-754.jpg,1
9438ba7053283dca78a309788c1688b2,/home/sparsh/Naplam/Bangladesh-UAV-PlantDisease/Training Dataset/Strong-Light Burn/TN-114.jpg,Strong-Light Burn,TN-114.jpg,4
8d13fc3a8d7d317a466acd9d53be766e,/home/sparsh/Naplam/Bangladesh-UAV-PlantDisease/Training Dataset/Mixed/TN-442.jpg,Mixed,TN-442.jpg,2
625121e633f1c5ed3d370a5465a1466b,/home/sparsh/Naplam/Bangladesh-UAV-PlantDisease/Training Dataset/Mixed/TN-2239.jpg,Mixed,TN-2239.jpg,2
eb8fd42ce633efc7596032995809a282,/home/sparsh/Naplam/Bangladesh-UAV-PlantDisease/Training Dataset/Root Damage/TN-212.jpg,Root Damage,TN-212.jpg,3
0ca06656aade595bf1fa55b100d5b7da,/home/sparsh/Naplam/Bangladesh-UAV-PlantDisease/Training Dataset/Strong-Light Burn/TN-387.jpg,Strong-Light Burn,TN-387.jpg,4
49de058328e3a2cff799eb9bfe48798c,/home/sparsh/Naplam/Bangladesh-UAV-PlantDisease/Training Dataset/Strong-Light Burn/TN-175.jpg,Strong-Light Burn,TN-175.jpg,4
9e131b82b1fe08fac3067fa24f6bff85,/home/sparsh/Naplam/Bangladesh-UAV-PlantDisease/Training Dataset/Strong-Light Burn/TN-515.jpg,Strong-Light Burn,TN-515.jpg,4
7f4a3a9905550574e75cc24cc20df60a,/home/sparsh/Naplam/Bangladesh-UAV-PlantDisease/Training Dataset/Strong-Light Burn/TN-500.jpg,Strong-Light Burn,TN-500.jpg,4
387228120047281dddafe7d198cb5857,/home/sparsh/Naplam/Bangladesh-UAV-PlantDisease/Training Dataset/Mixed/TN-1571.jpg,Mixed,TN-1571.jpg,2
a2a22cc6b4271fcfd616cf34c39a5bb6,/home/sparsh/Naplam/Bangladesh-UAV-PlantDisease/Training Dataset/Cotton Bollworm Infestation/TN-42.jpg,Cotton Bollworm Infestation,TN-42.jpg,0
38053fadc91e5bbb60df7dc552ca4152,/home/sparsh/Naplam/Bangladesh-UAV-PlantDisease/Training Dataset/Hail damage/TN-569.jpg,Hail damage,TN-569.jpg,1
9c3a6330f4daf3589d90dbd386c10f47,/home/sparsh/Naplam/Bangladesh-UAV-PlantDisease/Test Dataset/Hail damages/TN-557.jpg,Hail damage,TN-557.jpg,1
ca7357329e305f446969e80e9f411dea,/home/sparsh/Naplam/Bangladesh-UAV-PlantDisease/Test Dataset/Root Damage/TN-80.jpg,Root Damage,TN-80.jpg,3
20800b8d45f1b415d3bf08f47ef998d4,/home/sparsh/Naplam/Bangladesh-UAV-PlantDisease/Test Dataset/Hail damages/TN-1755.jpg,Hail damage,TN-1755.jpg,1
00eecda45ffcc74d272969fc69a59a57,/home/sparsh/Naplam/Bangladesh-UAV-PlantDisease/Training Dataset/Mixed/TN-508.jpg,Mixed,TN-508.jpg,2
87763d068e4e32f8f0ea0edf29801316,/home/sparsh/Naplam/Bangladesh-UAV-PlantDisease/Training Dataset/Mixed/TN-470.jpg,Mixed,TN-470.jpg,2
3b877d97f5afcd3efbdf5ea1f72c2475,/home/sparsh/Naplam/Bangladesh-UAV-PlantDisease/Training Dataset/Cotton Bollworm Infestation/TN-768.jpg,Cotton Bollworm Infestation,TN-768.jpg,0
54ca53fd0421c77d40081150b3678d7f,/home/sparsh/Naplam/Bangladesh-UAV-PlantDisease/Training Dataset/Mixed/TN-56.jpg,Mixed,TN-56.jpg,2
ed054467c5c944d878073072aa75cd78,/home/sparsh/Naplam/Bangladesh-UAV-PlantDisease/Training Dataset/Mixed/TN-1809.jpg,Mixed,TN-1809.jpg,2
2cad59134045b3dc09af110f69216127,/home/sparsh/Naplam/Bangladesh-UAV-PlantDisease/Training Dataset/Mixed/TN-1926.jpg,Mixed,TN-1926.jpg,2
a694fc977a83ee5f8c3d0fa655194c18,/home/sparsh/Naplam/Bangladesh-UAV-PlantDisease/Test Dataset/Hail damages/TN-1506.jpg,Hail damage,TN-1506.jpg,1
3da28ed2afbc5a4e232818cfb11796f8,/home/sparsh/Naplam/Bangladesh-UAV-PlantDisease/Test Dataset/Strong-Light Burn/TN-190.jpg,Strong-Light Burn,TN-190.jpg,4
7bf52cdfcfcf7d1a094244feb3f4cfc2,/home/sparsh/Naplam/Bangladesh-UAV-PlantDisease/Training Dataset/Mixed/TN-684.jpg,Mixed,TN-684.jpg,2
87a02bd5cc475bbf42c0ef2a73c4b174,/home/sparsh/Naplam/Bangladesh-UAV-PlantDisease/Training Dataset/Hail damage/TN-648.jpg,Hail damage,TN-648.jpg,1
d37bf860ee692dfa13d2196b4d9f786c,/home/sparsh/Naplam/Bangladesh-UAV-PlantDisease/Test Dataset/Hail damages/TN-2026.jpg,Hail damage,TN-2026.jpg,1
2b4dd9b5dc7698754e1db43d4bb73e19,/home/sparsh/Naplam/Bangladesh-UAV-PlantDisease/Training Dataset/Hail damage/TN-627.jpg,Hail damage,TN-627.jpg,1
1c3734bb6788b8775def69ae26ab19c3,/home/sparsh/Naplam/Bangladesh-UAV-PlantDisease/Training Dataset/Mixed/TN-876.jpg,Mixed,TN-876.jpg,2
c9b7bb35787dc14be184774214e0c6e2,/home/sparsh/Naplam/Bangladesh-UAV-PlantDisease/Training Dataset/Strong-Light Burn/TN-700.jpg,Strong-Light Burn,TN-700.jpg,4
fe3f21d381c489f819742c66394c1a19,/home/sparsh/Naplam/Bangladesh-UAV-PlantDisease/Training Dataset/Mixed/TN-300.jpg,Mixed,TN-300.jpg,2
a847b558393de12c5aa9a4cbec2c4088,/home/sparsh/Naplam/Bangladesh-UAV-PlantDisease/Test Dataset/Hail damages/TN-1980.jpg,Hail damage,TN-1980.jpg,1
5b0f91dc3560721da52be320d2dc8ab2,/home/sparsh/Naplam/Bangladesh-UAV-PlantDisease/Training Dataset/Root Damage/TN-586.jpg,Root Damage,TN-586.jpg,3
64a5b6a7e5ceae1c52fea914fa54e5a3,/home/sparsh/Naplam/Bangladesh-UAV-PlantDisease/Test Dataset/Hail damages/TN-1576.jpg,Hail damage,TN-1576.jpg,1
9dee55e7cd0b945d458a0dcca19ec195,/home/sparsh/Naplam/Bangladesh-UAV-PlantDisease/Training Dataset/Root Damage/TN-518.jpg,Root Damage,TN-518.jpg,3
332fa1d5854ac6400f4fd57be12cfed3,/home/sparsh/Naplam/Bangladesh-UAV-PlantDisease/Training Dataset/Mixed/TN-1487.jpg,Mixed,TN-1487.jpg,2
91e4409887fcdc4cac1a5b64b98d7eab,/home/sparsh/Naplam/Bangladesh-UAV-PlantDisease/Test Dataset/Hail damages/TN-1026.jpg,Hail damage,TN-1026.jpg,1
8703c778938580fc54bba19753b56b4f,/home/sparsh/Naplam/Bangladesh-UAV-PlantDisease/Training Dataset/Mixed/TN-2310.jpg,Mixed,TN-2310.jpg,2
cdd850736e72285022d855dab0f3ad31,/home/sparsh/Naplam/Bangladesh-UAV-PlantDisease/Test Dataset/Hail damages/TN-2301.jpg,Hail damage,TN-2301.jpg,1
a1e265265303f297639d91517b516373,/home/sparsh/Naplam/Bangladesh-UAV-PlantDisease/Training Dataset/Strong-Light Burn/TN-618.jpg,Strong-Light Burn,TN-618.jpg,4
31fb1f6a71ef90d654a04e60da3ca5a7,/home/sparsh/Naplam/Bangladesh-UAV-PlantDisease/Training Dataset/Root Damage/TN-616.jpg,Root Damage,TN-616.jpg,3
a4a9bda1f2e3847c772f0e92c5b0316a,/home/sparsh/Naplam/Bangladesh-UAV-PlantDisease/Test Dataset/Hail damages/TN-426.jpg,Hail damage,TN-426.jpg,1
b5d35bcc721c7927c5413817a436bf8c,/home/sparsh/Naplam/Bangladesh-UAV-PlantDisease/Test Dataset/Hail damages/TN-2199.jpg,Hail damage,TN-2199.jpg,1
5eba56ff03d50f29c01cef083f842b3e,/home/sparsh/Naplam/Bangladesh-UAV-PlantDisease/Training Dataset/Cotton Bollworm Infestation/TN-59.jpg,Cotton Bollworm Infestation,TN-59.jpg,0
ee8a069effb54be21a937b3ac1c08cf6,/home/sparsh/Naplam/Bangladesh-UAV-PlantDisease/Test Dataset/Hail damages/TN-385.jpg,Hail damage,TN-385.jpg,1
56cfbb94b61533d39077baa514ae59c7,/home/sparsh/Naplam/Bangladesh-UAV-PlantDisease/Training Dataset/Cotton Bollworm Infestation/TN-519.jpg,Cotton Bollworm Infestation,TN-519.jpg,0
f1f52afa5704b5c63022e34c73769d63,/home/sparsh/Naplam/Bangladesh-UAV-PlantDisease/Test Dataset/Hail damages/TN-2945.jpg,Hail damage,TN-2945.jpg,1
560b0f080c79a84bd8bb042ffdd9bcb5,/home/sparsh/Naplam/Bangladesh-UAV-PlantDisease/Test Dataset/Hail damages/TN-2218.jpg,Hail damage,TN-2218.jpg,1
2900cb5c715e6ce0dd1a184a9e8cd81a,/home/sparsh/Naplam/Bangladesh-UAV-PlantDisease/Training Dataset/Hail damage/TN-318.jpg,Hail damage,TN-318.jpg,1
51618e6d35cbae5aed5a0986733a58fd,/home/sparsh/Naplam/Bangladesh-UAV-PlantDisease/Training Dataset/Strong-Light Burn/TN-498.jpg,Strong-Light Burn,TN-498.jpg,4
bdaeb916e9d9a7a62fddbc458aaf9b92,/home/sparsh/Naplam/Bangladesh-UAV-PlantDisease/Training Dataset/Hail damage/TN-797.jpg,Hail damage,TN-797.jpg,1
25489d8accb26a096a81319bf7a2985a,/home/sparsh/Naplam/Bangladesh-UAV-PlantDisease/Training Dataset/Cotton Bollworm Infestation/TN-1042.jpg,Cotton Bollworm Infestation,TN-1042.jpg,0
ff6fa33f85f017bad88c99e5d9c87b35,/home/sparsh/Naplam/Bangladesh-UAV-PlantDisease/Training Dataset/Cotton Bollworm Infestation/TN-323.jpg,Cotton Bollworm Infestation,TN-323.jpg,0
d27cd4f06fb2bb4c230863b724f5d57d,/home/sparsh/Naplam/Bangladesh-UAV-PlantDisease/Test Dataset/Root Damage/TN-53.jpg,Root Damage,TN-53.jpg,3
b0a4fc6872b0c006fe53a9013cb2d6b1,/home/sparsh/Naplam/Bangladesh-UAV-PlantDisease/Training Dataset/Mixed/TN-2010.jpg,Mixed,TN-2010.jpg,2
289375de3538b337683c8a6fb10dd057,/home/sparsh/Naplam/Bangladesh-UAV-PlantDisease/Training Dataset/Mixed/TN-1536.jpg,Mixed,TN-1536.jpg,2
3acb27e90c7bd708a8f07ad89b9a610c,/home/sparsh/Naplam/Bangladesh-UAV-PlantDisease/Training Dataset/Root Damage/TN-600.jpg,Root Damage,TN-600.jpg,3
065f07b3fbe9c06f870ec7078bed367d,/home/sparsh/Naplam/Bangladesh-UAV-PlantDisease/Training Dataset/Strong-Light Burn/TN-457.jpg,Strong-Light Burn,TN-457.jpg,4
59b5af7aad9ad15b6e325f644240664e,/home/sparsh/Naplam/Bangladesh-UAV-PlantDisease/Training Dataset/Mixed/TN-360.jpg,Mixed,TN-360.jpg,2
7e03c5f39443bc3f3adac5d12dfab90d,/home/sparsh/Naplam/Bangladesh-UAV-PlantDisease/Test Dataset/Hail damages/TN-2117.jpg,Hail damage,TN-2117.jpg,1
57ddb6548f9ee3f8b6d3a9c20d68fb2f,/home/sparsh/Naplam/Bangladesh-UAV-PlantDisease/Training Dataset/Cotton Bollworm Infestation/TN-1015.jpg,Cotton Bollworm Infestation,TN-1015.jpg,0
546711e6f2e3b8519966643e1e91f5b3,/home/sparsh/Naplam/Bangladesh-UAV-PlantDisease/Test Dataset/Hail damages/TN-1741.jpg,Hail damage,TN-1741.jpg,1
ac0d9ecdddb11b6289964cc52a7cd6cc,/home/sparsh/Naplam/Bangladesh-UAV-PlantDisease/Training Dataset/Mixed/TN-386.jpg,Mixed,TN-386.jpg,2
696f0a95ed434a9195f549cc61c899d6,/home/sparsh/Naplam/Bangladesh-UAV-PlantDisease/Training Dataset/Hail damage/TN-485.jpg,Hail damage,TN-485.jpg,1
2041ebfabf2eb6a7deee9fddc586af63,/home/sparsh/Naplam/Bangladesh-UAV-PlantDisease/Training Dataset/Mixed/TN-1707.jpg,Mixed,TN-1707.jpg,2
89c94d01a33769265075c3c826f964cb,/home/sparsh/Naplam/Bangladesh-UAV-PlantDisease/Training Dataset/Cotton Bollworm Infestation/TN-429.jpg,Cotton Bollworm Infestation,TN-429.jpg,0
1e065c8f0a56a2cabb4b16d960f281fc,/home/sparsh/Naplam/Bangladesh-UAV-PlantDisease/Training Dataset/Mixed/TN-748.jpg,Mixed,TN-748.jpg,2
a59f61150acf1f9a4bd96d0f724413c3,/home/sparsh/Naplam/Bangladesh-UAV-PlantDisease/Training Dataset/Hail damage/TN-455.jpg,Hail damage,TN-455.jpg,1
9f954111a9f16138efb3b260a088d07a,/home/sparsh/Naplam/Bangladesh-UAV-PlantDisease/Training Dataset/Root Damage/TN-617.jpg,Root Damage,TN-617.jpg,3
f73cec4bc4cee3b776f888aa55dd5383,/home/sparsh/Naplam/Bangladesh-UAV-PlantDisease/Test Dataset/Hail damages/TN-1016.jpg,Hail damage,TN-1016.jpg,1
1ce8f5ab93d5b9ececfe094de1d144b8,/home/sparsh/Naplam/Bangladesh-UAV-PlantDisease/Training Dataset/Mixed/TN-1381.jpg,Mixed,TN-1381.jpg,2
cdce2a21a322ab48359a9dee61b61772,/home/sparsh/Naplam/Bangladesh-UAV-PlantDisease/Training Dataset/Mixed/TN-965.jpg,Mixed,TN-965.jpg,2
462dea0a8778af48c980456df81306c7,/home/sparsh/Naplam/Bangladesh-UAV-PlantDisease/Training Dataset/Hail damage/TN-189.jpg,Hail damage,TN-189.jpg,1
27bdb9fd2c1669ddaa8fd8258ce74c4c,/home/sparsh/Naplam/Bangladesh-UAV-PlantDisease/Training Dataset/Mixed/TN-963.jpg,Mixed,TN-963.jpg,2
ce817c8af0f741eb9b3bc1fe68ce7b9e,/home/sparsh/Naplam/Bangladesh-UAV-PlantDisease/Training Dataset/Mixed/TN-2319.jpg,Mixed,TN-2319.jpg,2
e327c506d29f86aa032338250bfdd0bd,/home/sparsh/Naplam/Bangladesh-UAV-PlantDisease/Training Dataset/Hail damage/TN-91.jpg,Hail damage,TN-91.jpg,1
f4389e14b21271f76e4acd70efc50d67,/home/sparsh/Naplam/Bangladesh-UAV-PlantDisease/Training Dataset/Root Damage/TN-26.jpg,Root Damage,TN-26.jpg,3
eea4ccff864cd59f9a26ba9eedeb5e2c,/home/sparsh/Naplam/Bangladesh-UAV-PlantDisease/Training Dataset/Strong-Light Burn/TN-276.jpg,Strong-Light Burn,TN-276.jpg,4
c60a5751f31855d42df2ef7a827a9aeb,/home/sparsh/Naplam/Bangladesh-UAV-PlantDisease/Training Dataset/Cotton Bollworm Infestation/TN-705.jpg,Cotton Bollworm Infestation,TN-705.jpg,0
23a8ab8f680c7f8743904941153cb26d,/home/sparsh/Naplam/Bangladesh-UAV-PlantDisease/Test Dataset/Hail damages/TN-1414.jpg,Hail damage,TN-1414.jpg,1
05dd9fc4465cd4910cb7e3c24a9a6b24,/home/sparsh/Naplam/Bangladesh-UAV-PlantDisease/Training Dataset/Mixed/TN-1522.jpg,Mixed,TN-1522.jpg,2
f3ef67a02ff2cf90f53de422f10c2f27,/home/sparsh/Naplam/Bangladesh-UAV-PlantDisease/Training Dataset/Mixed/TN-2383.jpg,Mixed,TN-2383.jpg,2
9018ceae1fa93a0b7a00d2db60a6142f,/home/sparsh/Naplam/Bangladesh-UAV-PlantDisease/Training Dataset/Mixed/TN-1209.jpg,Mixed,TN-1209.jpg,2
14e2eda3e999a2e03435f006f950f645,/home/sparsh/Naplam/Bangladesh-UAV-PlantDisease/Training Dataset/Hail damage/TN-357.jpg,Hail damage,TN-357.jpg,1
42d41dee9460072cf996efa9b1f0f8e3,/home/sparsh/Naplam/Bangladesh-UAV-PlantDisease/Training Dataset/Mixed/TN-2053.jpg,Mixed,TN-2053.jpg,2
2d4df893b9ba0c0b9c3397d88400de14,/home/sparsh/Naplam/Bangladesh-UAV-PlantDisease/Test Dataset/Hail damages/TN-2428.jpg,Hail damage,TN-2428.jpg,1
61e9dbc19129b2528bd14e7e4eb1d271,/home/sparsh/Naplam/Bangladesh-UAV-PlantDisease/Training Dataset/Mixed/TN-2302.jpg,Mixed,TN-2302.jpg,2
83613caf5d39fcaeda4ab4c1538615e1,/home/sparsh/Naplam/Bangladesh-UAV-PlantDisease/Test Dataset/Hail damages/TN-2346.jpg,Hail damage,TN-2346.jpg,1
b8d4a44bedacf80280b9e9cd0b8b295f,/home/sparsh/Naplam/Bangladesh-UAV-PlantDisease/Training Dataset/Mixed/TN-2022.jpg,Mixed,TN-2022.jpg,2
83d66ee811d5595d88ea9f31e84675a5,/home/sparsh/Naplam/Bangladesh-UAV-PlantDisease/Test Dataset/Hail damages/TN-310.jpg,Hail damage,TN-310.jpg,1
e3678d63280652e9b5f3b60020d4229f,/home/sparsh/Naplam/Bangladesh-UAV-PlantDisease/Training Dataset/Mixed/TN-2350.jpg,Mixed,TN-2350.jpg,2
6601331f7089e4b0a586655ba2e8b8c1,/home/sparsh/Naplam/Bangladesh-UAV-PlantDisease/Test Dataset/Hail damages/TN-1008.jpg,Hail damage,TN-1008.jpg,1
dfe0b984e1f6fdc8520c93a6e31fea80,/home/sparsh/Naplam/Bangladesh-UAV-PlantDisease/Test Dataset/Root Damage/TN-410.jpg,Root Damage,TN-410.jpg,3
d329c5f520b8a2b361cca6a0b653f16c,/home/sparsh/Naplam/Bangladesh-UAV-PlantDisease/Training Dataset/Mixed/TN-2400.jpg,Mixed,TN-2400.jpg,2
c96615fee65ae907cf803db803e80990,/home/sparsh/Naplam/Bangladesh-UAV-PlantDisease/Training Dataset/Cotton Bollworm Infestation/TN-609.jpg,Cotton Bollworm Infestation,TN-609.jpg,0
19efcc96abc33d040dbda34b125949c7,/home/sparsh/Naplam/Bangladesh-UAV-PlantDisease/Training Dataset/Root Damage/TN-222.jpg,Root Damage,TN-222.jpg,3
e58889061ac37f3890435238ada0513a,/home/sparsh/Naplam/Bangladesh-UAV-PlantDisease/Training Dataset/Mixed/TN-2403.jpg,Mixed,TN-2403.jpg,2
5710a029e5cdd0effabdea4a02729865,/home/sparsh/Naplam/Bangladesh-UAV-PlantDisease/Test Dataset/Hail damages/TN-908.jpg,Hail damage,TN-908.jpg,1
190b0c69dd2b3207ae6a342715f4fe8d,/home/sparsh/Naplam/Bangladesh-UAV-PlantDisease/Training Dataset/Mixed/TN-472.jpg,Mixed,TN-472.jpg,2
858362eb52f352d4fb90287de4ee676a,/home/sparsh/Naplam/Bangladesh-UAV-PlantDisease/Training Dataset/Root Damage/TN-144.jpg,Root Damage,TN-144.jpg,3
45b602f0026ae88b25ad5588160556ed,/home/sparsh/Naplam/Bangladesh-UAV-PlantDisease/Test Dataset/Hail damages/TN-880.jpg,Hail damage,TN-880.jpg,1
3af6f0292be193ce480055732f6b2620,/home/sparsh/Naplam/Bangladesh-UAV-PlantDisease/Test Dataset/Hail damages/TN-1771.jpg,Hail damage,TN-1771.jpg,1
6e4665ccfd4e5b45c067eccfd131a49c,/home/sparsh/Naplam/Bangladesh-UAV-PlantDisease/Training Dataset/Mixed/TN-1771.jpg,Mixed,TN-1771.jpg,2
7321971d016da2367cd3a42380dcd824,/home/sparsh/Naplam/Bangladesh-UAV-PlantDisease/Test Dataset/Root Damage/TN-250.jpg,Root Damage,TN-250.jpg,3
ae59cbc4936dfbc34efb3876192f7783,/home/sparsh/Naplam/Bangladesh-UAV-PlantDisease/Training Dataset/Hail damage/TN-720.jpg,Hail damage,TN-720.jpg,1
7082d9f3ad35d5e48836800b9df8e104,/home/sparsh/Naplam/Bangladesh-UAV-PlantDisease/Training Dataset/Mixed/TN-2085.jpg,Mixed,TN-2085.jpg,2
38b217fd571bc68741ba9b13977b90fe,/home/sparsh/Naplam/Bangladesh-UAV-PlantDisease/Training Dataset/Mixed/TN-171.jpg,Mixed,TN-171.jpg,2
f2b8311db19d1978da6641e18a8a120a,/home/sparsh/Naplam/Bangladesh-UAV-PlantDisease/Training Dataset/Root Damage/TN-183.jpg,Root Damage,TN-183.jpg,3
a09eb445c1d8a6d6a5735b8a24bac79f,/home/sparsh/Naplam/Bangladesh-UAV-PlantDisease/Training Dataset/Root Damage/TN-532.jpg,Root Damage,TN-532.jpg,3
98648ab073d4914da22a4ad0118bf775,/home/sparsh/Naplam/Bangladesh-UAV-PlantDisease/Training Dataset/Mixed/TN-1627.jpg,Mixed,TN-1627.jpg,2
8f6b5a5c06d557ea0bc10505630d0aa2,/home/sparsh/Naplam/Bangladesh-UAV-PlantDisease/Test Dataset/Hail damages/TN-1038.jpg,Hail damage,TN-1038.jpg,1
71c7f4b8f1951eba6283efc884612835,/home/sparsh/Naplam/Bangladesh-UAV-PlantDisease/Training Dataset/Cotton Bollworm Infestation/TN-524.jpg,Cotton Bollworm Infestation,TN-524.jpg,0
7f39f9edd41b75824c1e2b023e75efd5,/home/sparsh/Naplam/Bangladesh-UAV-PlantDisease/Training Dataset/Root Damage/TN-320.jpg,Root Damage,TN-320.jpg,3
7d688dc576a95a6f442a70bc049dbf36,/home/sparsh/Naplam/Bangladesh-UAV-PlantDisease/Training Dataset/Root Damage/TN-416.jpg,Root Damage,TN-416.jpg,3
7fec433bba0b913834a2b41fc5cc9731,/home/sparsh/Naplam/Bangladesh-UAV-PlantDisease/Training Dataset/Mixed/TN-1622.jpg,Mixed,TN-1622.jpg,2
52944926fadf866cb56cc0a42af052cd,/home/sparsh/Naplam/Bangladesh-UAV-PlantDisease/Test Dataset/Hail damages/TN-1448.jpg,Hail damage,TN-1448.jpg,1
ba74df788bb26ceb97fe4b19e775f120,/home/sparsh/Naplam/Bangladesh-UAV-PlantDisease/Test Dataset/Hail damages/TN-1180.jpg,Hail damage,TN-1180.jpg,1
b98fd836ada86ee42c1a3ae82567a668,/home/sparsh/Naplam/Bangladesh-UAV-PlantDisease/Test Dataset/Hail damages/TN-1502.jpg,Hail damage,TN-1502.jpg,1
e859655962f7f8d2a39716e1736ba320,/home/sparsh/Naplam/Bangladesh-UAV-PlantDisease/Test Dataset/Hail damages/TN-2360.jpg,Hail damage,TN-2360.jpg,1
be4b3763e3fff5fc39a9dc4915f7d569,/home/sparsh/Naplam/Bangladesh-UAV-PlantDisease/Test Dataset/Hail damages/TN-415.jpg,Hail damage,TN-415.jpg,1
716807d8d4794c86c399db25f1548011,/home/sparsh/Naplam/Bangladesh-UAV-PlantDisease/Test Dataset/Hail damages/TN-1747.jpg,Hail damage,TN-1747.jpg,1
a5324cbd6ddb7eae697f13a05706fc9b,/home/sparsh/Naplam/Bangladesh-UAV-PlantDisease/Training Dataset/Mixed/TN-1183.jpg,Mixed,TN-1183.jpg,2
0da23e9f4b1b55cdbfc060401b80d8d7,/home/sparsh/Naplam/Bangladesh-UAV-PlantDisease/Training Dataset/Cotton Bollworm Infestation/TN-485.jpg,Cotton Bollworm Infestation,TN-485.jpg,0
6a715e9765504a23c15b5fb7bb3b0942,/home/sparsh/Naplam/Bangladesh-UAV-PlantDisease/Training Dataset/Mixed/TN-1748.jpg,Mixed,TN-1748.jpg,2
b7bbb3e1aced26308178940da215b4f1,/home/sparsh/Naplam/Bangladesh-UAV-PlantDisease/Training Dataset/Mixed/TN-194.jpg,Mixed,TN-194.jpg,2
7241bf8b6a7925c96f7f4ac7cfea473f,/home/sparsh/Naplam/Bangladesh-UAV-PlantDisease/Training Dataset/Root Damage/TN-119.jpg,Root Damage,TN-119.jpg,3
a36197bfe668f6e2c8561b942cb3a381,/home/sparsh/Naplam/Bangladesh-UAV-PlantDisease/Test Dataset/Strong-Light Burn/TN-140.jpg,Strong-Light Burn,TN-140.jpg,4
4b9079cbba191e439a56845261cbe308,/home/sparsh/Naplam/Bangladesh-UAV-PlantDisease/Training Dataset/Root Damage/TN-540.jpg,Root Damage,TN-540.jpg,3
1185260318839bc4eb84a8b729953667,/home/sparsh/Naplam/Bangladesh-UAV-PlantDisease/Training Dataset/Cotton Bollworm Infestation/TN-111.jpg,Cotton Bollworm Infestation,TN-111.jpg,0
b9a068816cf4b7a217308b50e21f90dd,/home/sparsh/Naplam/Bangladesh-UAV-PlantDisease/Test Dataset/Root Damage/TN-20.jpg,Root Damage,TN-20.jpg,3
9e77c9fa6528fd5151bab3e2dc9d655c,/home/sparsh/Naplam/Bangladesh-UAV-PlantDisease/Training Dataset/Hail damage/TN-466.jpg,Hail damage,TN-466.jpg,1
69cb0205249fddc3a1d1821df3801b29,/home/sparsh/Naplam/Bangladesh-UAV-PlantDisease/Training Dataset/Strong-Light Burn/TN-571.jpg,Strong-Light Burn,TN-571.jpg,4
ec810b2865e8f456d8a885ff1697d3c5,/home/sparsh/Naplam/Bangladesh-UAV-PlantDisease/Training Dataset/Mixed/TN-1543.jpg,Mixed,TN-1543.jpg,2
575c475b02f612df7834bbb1916fd0ff,/home/sparsh/Naplam/Bangladesh-UAV-PlantDisease/Training Dataset/Mixed/TN-1628.jpg,Mixed,TN-1628.jpg,2
72a9f93d906b1955252541aa907ac508,/home/sparsh/Naplam/Bangladesh-UAV-PlantDisease/Training Dataset/Hail damage/TN-617.jpg,Hail damage,TN-617.jpg,1
c41856922d74d1af006e70fcc5b8cdaa,/home/sparsh/Naplam/Bangladesh-UAV-PlantDisease/Training Dataset/Mixed/TN-2272.jpg,Mixed,TN-2272.jpg,2
0d45ca8361116302d8eeaaa1e234535f,/home/sparsh/Naplam/Bangladesh-UAV-PlantDisease/Test Dataset/Hail damages/TN-809.jpg,Hail damage,TN-809.jpg,1
8a404ebdf72bf9e4ccea71c69ac0f733,/home/sparsh/Naplam/Bangladesh-UAV-PlantDisease/Training Dataset/Cotton Bollworm Infestation/TN-187.jpg,Cotton Bollworm Infestation,TN-187.jpg,0
ea860628ab0154e3cab220c22e28be32,/home/sparsh/Naplam/Bangladesh-UAV-PlantDisease/Training Dataset/Cotton Bollworm Infestation/TN-492.jpg,Cotton Bollworm Infestation,TN-492.jpg,0
b1843e4b412330a74f75a256f4eb2dd6,/home/sparsh/Naplam/Bangladesh-UAV-PlantDisease/Test Dataset/Hail damages/TN-2227.jpg,Hail damage,TN-2227.jpg,1
9fff60f532a34f506d8256ec94297992,/home/sparsh/Naplam/Bangladesh-UAV-PlantDisease/Training Dataset/Mixed/TN-1669.jpg,Mixed,TN-1669.jpg,2
44b1d58b8547424e4d58a0f86948b1c1,/home/sparsh/Naplam/Bangladesh-UAV-PlantDisease/Test Dataset/Hail damages/TN-553.jpg,Hail damage,TN-553.jpg,1
58f2a2fb5018a122244238b23164c32f,/home/sparsh/Naplam/Bangladesh-UAV-PlantDisease/Training Dataset/Hail damage/TN-503.jpg,Hail damage,TN-503.jpg,1
e34b4bbd38615d4fc49e4092bb27ab24,/home/sparsh/Naplam/Bangladesh-UAV-PlantDisease/Training Dataset/Hail damage/TN-72.jpg,Hail damage,TN-72.jpg,1
c086c416f4077e4af655afdb9e0d0618,/home/sparsh/Naplam/Bangladesh-UAV-PlantDisease/Training Dataset/Mixed/TN-1718.jpg,Mixed,TN-1718.jpg,2
5dca87e42086028b326968dc0446c187,/home/sparsh/Naplam/Bangladesh-UAV-PlantDisease/Training Dataset/Mixed/TN-653.jpg,Mixed,TN-653.jpg,2
e494ebb7b55edfc6d492e524de2be3e4,/home/sparsh/Naplam/Bangladesh-UAV-PlantDisease/Test Dataset/Hail damages/TN-2047.jpg,Hail damage,TN-2047.jpg,1
5dec3894c1f6c17b0952a9d52b373dca,/home/sparsh/Naplam/Bangladesh-UAV-PlantDisease/Training Dataset/Mixed/TN-1925.jpg,Mixed,TN-1925.jpg,2
790bbe96fc236737e0040f11848f67fb,/home/sparsh/Naplam/Bangladesh-UAV-PlantDisease/Training Dataset/Cotton Bollworm Infestation/TN-674.jpg,Cotton Bollworm Infestation,TN-674.jpg,0
53cca4561ec80af7e9ce8b4010814709,/home/sparsh/Naplam/Bangladesh-UAV-PlantDisease/Training Dataset/Mixed/TN-2028.jpg,Mixed,TN-2028.jpg,2
f64b804bf21bd0a518952623f9655807,/home/sparsh/Naplam/Bangladesh-UAV-PlantDisease/Test Dataset/Hail damages/TN-1486.jpg,Hail damage,TN-1486.jpg,1
981c11e31babc785843551709873095f,/home/sparsh/Naplam/Bangladesh-UAV-PlantDisease/Test Dataset/Hail damages/TN-1190.jpg,Hail damage,TN-1190.jpg,1
90844245dea61c251a378a5fa183f304,/home/sparsh/Naplam/Bangladesh-UAV-PlantDisease/Training Dataset/Mixed/TN-308.jpg,Mixed,TN-308.jpg,2
7e743364eaeb18f6fe06e0b4baf79d60,/home/sparsh/Naplam/Bangladesh-UAV-PlantDisease/Training Dataset/Mixed/TN-1059.jpg,Mixed,TN-1059.jpg,2
f67c566f3b6f5e592a025e82747eb525,/home/sparsh/Naplam/Bangladesh-UAV-PlantDisease/Training Dataset/Cotton Bollworm Infestation/TN-573.jpg,Cotton Bollworm Infestation,TN-573.jpg,0
9099e0090f8e12e0517af689981888ae,/home/sparsh/Naplam/Bangladesh-UAV-PlantDisease/Training Dataset/Mixed/TN-2137.jpg,Mixed,TN-2137.jpg,2
7462ba1d649dab8aacc26e2b2dc02b3f,/home/sparsh/Naplam/Bangladesh-UAV-PlantDisease/Training Dataset/Hail damage/TN-430.jpg,Hail damage,TN-430.jpg,1
0d99fc6960c76f6f1ec582aa2984338f,/home/sparsh/Naplam/Bangladesh-UAV-PlantDisease/Training Dataset/Mixed/TN-13.jpg,Mixed,TN-13.jpg,2
3560df391403572bd24fe0ae53fb3fcc,/home/sparsh/Naplam/Bangladesh-UAV-PlantDisease/Training Dataset/Root Damage/TN-136.jpg,Root Damage,TN-136.jpg,3
cdc02459c79bf3fcccd4868847a4521e,/home/sparsh/Naplam/Bangladesh-UAV-PlantDisease/Training Dataset/Root Damage/TN-333.jpg,Root Damage,TN-333.jpg,3
70d7c360ef6fb5a63bafb0cc8655a24a,/home/sparsh/Naplam/Bangladesh-UAV-PlantDisease/Test Dataset/Hail damages/TN-925.jpg,Hail damage,TN-925.jpg,1
efcd969581d181580e7601175748691e,/home/sparsh/Naplam/Bangladesh-UAV-PlantDisease/Test Dataset/Hail damages/TN-1800.jpg,Hail damage,TN-1800.jpg,1
3d6d556ebb04599b0e71313afea95236,/home/sparsh/Naplam/Bangladesh-UAV-PlantDisease/Training Dataset/Cotton Bollworm Infestation/TN-357.jpg,Cotton Bollworm Infestation,TN-357.jpg,0
01ea0a19f41f7d247fa1efcba17b77a2,/home/sparsh/Naplam/Bangladesh-UAV-PlantDisease/Training Dataset/Strong-Light Burn/TN-388.jpg,Strong-Light Burn,TN-388.jpg,4
e965e4ec313283a76372300bcfeb15ce,/home/sparsh/Naplam/Bangladesh-UAV-PlantDisease/Test Dataset/Hail damages/TN-786.jpg,Hail damage,TN-786.jpg,1
fb12d9d13c2976dad5a91d86d6d05cda,/home/sparsh/Naplam/Bangladesh-UAV-PlantDisease/Training Dataset/Root Damage/TN-746.jpg,Root Damage,TN-746.jpg,3
78066c1a0dbce7126092f2076398622f,/home/sparsh/Naplam/Bangladesh-UAV-PlantDisease/Training Dataset/Strong-Light Burn/TN-370.jpg,Strong-Light Burn,TN-370.jpg,4
84c12a0be83f1f334cf2dfd30c38e9c0,/home/sparsh/Naplam/Bangladesh-UAV-PlantDisease/Training Dataset/Hail damage/TN-665.jpg,Hail damage,TN-665.jpg,1
e010f8006b7a094ab3611c975ba1aab3,/home/sparsh/Naplam/Bangladesh-UAV-PlantDisease/Test Dataset/Hail damages/TN-1044.jpg,Hail damage,TN-1044.jpg,1
c33416fad398953d8119f4ff3bf67c8e,/home/sparsh/Naplam/Bangladesh-UAV-PlantDisease/Training Dataset/Root Damage/TN-285.jpg,Root Damage,TN-285.jpg,3
fca2856cfc55563426c0248553a60a8e,/home/sparsh/Naplam/Bangladesh-UAV-PlantDisease/Training Dataset/Mixed/TN-1230.jpg,Mixed,TN-1230.jpg,2
3ba193f35f3fad085c8aaea52993172e,/home/sparsh/Naplam/Bangladesh-UAV-PlantDisease/Training Dataset/Cotton Bollworm Infestation/TN-98.jpg,Cotton Bollworm Infestation,TN-98.jpg,0
d6d2541da5267f1ac47b3284f046bc66,/home/sparsh/Naplam/Bangladesh-UAV-PlantDisease/Test Dataset/Hail damages/TN-1298.jpg,Hail damage,TN-1298.jpg,1
899fdee672a8dae1b22eff22833688b9,/home/sparsh/Naplam/Bangladesh-UAV-PlantDisease/Training Dataset/Mixed/TN-856.jpg,Mixed,TN-856.jpg,2
354078dc8fec4c3279bebc17eb81f369,/home/sparsh/Naplam/Bangladesh-UAV-PlantDisease/Training Dataset/Mixed/TN-697.jpg,Mixed,TN-697.jpg,2
36a405f2b4aca84198fe48b750e1424d,/home/sparsh/Naplam/Bangladesh-UAV-PlantDisease/Test Dataset/Hail damages/TN-796.jpg,Hail damage,TN-796.jpg,1
f266ed7d3267e5570295bae4e7a1a366,/home/sparsh/Naplam/Bangladesh-UAV-PlantDisease/Training Dataset/Mixed/TN-2119.jpg,Mixed,TN-2119.jpg,2
61ca982394ac2caa18d798dc96175bce,/home/sparsh/Naplam/Bangladesh-UAV-PlantDisease/Test Dataset/Hail damages/TN-1683.jpg,Hail damage,TN-1683.jpg,1
46a51d93ab8e6fc7e0b14119bb54e691,/home/sparsh/Naplam/Bangladesh-UAV-PlantDisease/Training Dataset/Root Damage/TN-24.jpg,Root Damage,TN-24.jpg,3
05ee96fdb8e579302d84bee4a043086d,/home/sparsh/Naplam/Bangladesh-UAV-PlantDisease/Training Dataset/Cotton Bollworm Infestation/TN-658.jpg,Cotton Bollworm Infestation,TN-658.jpg,0
6f7b9bfb52b88aff142c01159d704f17,/home/sparsh/Naplam/Bangladesh-UAV-PlantDisease/Test Dataset/Hail damages/TN-2617.jpg,Hail damage,TN-2617.jpg,1
699dbce6e5327397077ebab459d7d683,/home/sparsh/Naplam/Bangladesh-UAV-PlantDisease/Training Dataset/Strong-Light Burn/TN-451.jpg,Strong-Light Burn,TN-451.jpg,4
33ce49eaa6fc4bd5ab5453005d009f3f,/home/sparsh/Naplam/Bangladesh-UAV-PlantDisease/Training Dataset/Mixed/TN-890.jpg,Mixed,TN-890.jpg,2
e1cfd95dcbc00f58ee0de0dd62faef16,/home/sparsh/Naplam/Bangladesh-UAV-PlantDisease/Training Dataset/Mixed/TN-923.jpg,Mixed,TN-923.jpg,2
a96674cc0e39c3d97d28827005a0d23b,/home/sparsh/Naplam/Bangladesh-UAV-PlantDisease/Training Dataset/Strong-Light Burn/TN-247.jpg,Strong-Light Burn,TN-247.jpg,4
a1abf41f937c515014bd268f20b0ba83,/home/sparsh/Naplam/Bangladesh-UAV-PlantDisease/Training Dataset/Mixed/TN-1502.jpg,Mixed,TN-1502.jpg,2
15d7a0260508684a459709d87e252e21,/home/sparsh/Naplam/Bangladesh-UAV-PlantDisease/Training Dataset/Mixed/TN-164.jpg,Mixed,TN-164.jpg,2
f720eb4706dcef84515c1ce4d8858aeb,/home/sparsh/Naplam/Bangladesh-UAV-PlantDisease/Training Dataset/Mixed/TN-169.jpg,Mixed,TN-169.jpg,2
9ba6ba9c39fb0864b2bd705d483e62f3,/home/sparsh/Naplam/Bangladesh-UAV-PlantDisease/Test Dataset/Hail damages/TN-416.jpg,Hail damage,TN-416.jpg,1
5977c7d4cf2bee57bcd3ce625b4787b8,/home/sparsh/Naplam/Bangladesh-UAV-PlantDisease/Test Dataset/Hail damages/TN-1496.jpg,Hail damage,TN-1496.jpg,1
ab208caf6905ea8020c599d3a230bfb0,/home/sparsh/Naplam/Bangladesh-UAV-PlantDisease/Training Dataset/Root Damage/TN-173.jpg,Root Damage,TN-173.jpg,3
ce90a2ea332558dd9139dc96beff79ad,/home/sparsh/Naplam/Bangladesh-UAV-PlantDisease/Training Dataset/Strong-Light Burn/TN-504.jpg,Strong-Light Burn,TN-504.jpg,4
7caa161aaf364a00d35e1861b8048139,/home/sparsh/Naplam/Bangladesh-UAV-PlantDisease/Test Dataset/Hail damages/TN-1591.jpg,Hail damage,TN-1591.jpg,1
bbb133c2559d83b0e69cf5bf0d62ed56,/home/sparsh/Naplam/Bangladesh-UAV-PlantDisease/Training Dataset/Strong-Light Burn/TN-42.jpg,Strong-Light Burn,TN-42.jpg,4
68056ad7e553e8b88844831c517c123b,/home/sparsh/Naplam/Bangladesh-UAV-PlantDisease/Training Dataset/Strong-Light Burn/TN-689.jpg,Strong-Light Burn,TN-689.jpg,4
eba967abe01bbca76d980fafcc7ab24e,/home/sparsh/Naplam/Bangladesh-UAV-PlantDisease/Training Dataset/Mixed/TN-1211.jpg,Mixed,TN-1211.jpg,2
70ff456f0b3f7ce1168acad89118f542,/home/sparsh/Naplam/Bangladesh-UAV-PlantDisease/Test Dataset/Root Damage/TN-310.jpg,Root Damage,TN-310.jpg,3
3391d1745d72977fef4de6a7cd3e6472,/home/sparsh/Naplam/Bangladesh-UAV-PlantDisease/Training Dataset/Mixed/TN-2252.jpg,Mixed,TN-2252.jpg,2
4fb313cfc34e49b0307eb71ce928e8b5,/home/sparsh/Naplam/Bangladesh-UAV-PlantDisease/Test Dataset/Hail damages/TN-807.jpg,Hail damage,TN-807.jpg,1
6b290b8f5a868b6a2e53e5fb23f1844f,/home/sparsh/Naplam/Bangladesh-UAV-PlantDisease/Training Dataset/Mixed/TN-1692.jpg,Mixed,TN-1692.jpg,2
51451b31db27e3fd149ef9816f491158,/home/sparsh/Naplam/Bangladesh-UAV-PlantDisease/Training Dataset/Hail damage/TN-826.jpg,Hail damage,TN-826.jpg,1
7fded8d10bf5dbe74e7d40c935e01e3c,/home/sparsh/Naplam/Bangladesh-UAV-PlantDisease/Training Dataset/Root Damage/TN-64.jpg,Root Damage,TN-64.jpg,3
03baea5c9af1e1d2af017faab678db98,/home/sparsh/Naplam/Bangladesh-UAV-PlantDisease/Training Dataset/Strong-Light Burn/TN-538.jpg,Strong-Light Burn,TN-538.jpg,4
6418d0c7742d474a243ef173d51f8fb9,/home/sparsh/Naplam/Bangladesh-UAV-PlantDisease/Test Dataset/Hail damages/TN-2969.jpg,Hail damage,TN-2969.jpg,1
347d3fd368521bd77e8f7094ff158903,/home/sparsh/Naplam/Bangladesh-UAV-PlantDisease/Training Dataset/Mixed/TN-1370.jpg,Mixed,TN-1370.jpg,2
721e047855ab4c569de930ba090022ed,/home/sparsh/Naplam/Bangladesh-UAV-PlantDisease/Test Dataset/Strong-Light Burn/TN-200.jpg,Strong-Light Burn,TN-200.jpg,4
d705fddacdcd7115cbd0edc903b70d3d,/home/sparsh/Naplam/Bangladesh-UAV-PlantDisease/Training Dataset/Mixed/TN-2083.jpg,Mixed,TN-2083.jpg,2
842b92f818f89c6623e4bfef0e024480,/home/sparsh/Naplam/Bangladesh-UAV-PlantDisease/Training Dataset/Mixed/TN-1063.jpg,Mixed,TN-1063.jpg,2
4bc938d118dcf0c5fd94a4ca2488360c,/home/sparsh/Naplam/Bangladesh-UAV-PlantDisease/Training Dataset/Mixed/TN-551.jpg,Mixed,TN-551.jpg,2
f090645688d7204774b43c22ae5aedf0,/home/sparsh/Naplam/Bangladesh-UAV-PlantDisease/Training Dataset/Root Damage/TN-80.jpg,Root Damage,TN-80.jpg,3
a4dc758df995d9d6f6a16ba74328a81a,/home/sparsh/Naplam/Bangladesh-UAV-PlantDisease/Training Dataset/Mixed/TN-2088.jpg,Mixed,TN-2088.jpg,2
fbf11fff8279128b7006abbc33e7bb07,/home/sparsh/Naplam/Bangladesh-UAV-PlantDisease/Training Dataset/Root Damage/TN-309.jpg,Root Damage,TN-309.jpg,3
b69a78d3c35636ea2cb3c45a1a1ab85e,/home/sparsh/Naplam/Bangladesh-UAV-PlantDisease/Training Dataset/Hail damage/TN-41.jpg,Hail damage,TN-41.jpg,1
bf5ebc0726a6e24e7c4df877624fdcf7,/home/sparsh/Naplam/Bangladesh-UAV-PlantDisease/Test Dataset/Hail damages/TN-2640.jpg,Hail damage,TN-2640.jpg,1
5ff65fb4b6d687ed80de49cbecb7e955,/home/sparsh/Naplam/Bangladesh-UAV-PlantDisease/Training Dataset/Cotton Bollworm Infestation/TN-551.jpg,Cotton Bollworm Infestation,TN-551.jpg,0
78701fd06649b10d96c539e9f5478d96,/home/sparsh/Naplam/Bangladesh-UAV-PlantDisease/Training Dataset/Mixed/TN-433.jpg,Mixed,TN-433.jpg,2
4e81f7297134ec894b79edd1bd6d5271,/home/sparsh/Naplam/Bangladesh-UAV-PlantDisease/Training Dataset/Hail damage/TN-48.jpg,Hail damage,TN-48.jpg,1
d2eeeaf1d372d6dbb63166395f7bb662,/home/sparsh/Naplam/Bangladesh-UAV-PlantDisease/Training Dataset/Root Damage/TN-158.jpg,Root Damage,TN-158.jpg,3
58a14dc3fb0c141906c0262385b18856,/home/sparsh/Naplam/Bangladesh-UAV-PlantDisease/Training Dataset/Mixed/TN-1111.jpg,Mixed,TN-1111.jpg,2
7689f24de6c9690d8080d8aeefd23daf,/home/sparsh/Naplam/Bangladesh-UAV-PlantDisease/Test Dataset/Hail damages/TN-1736.jpg,Hail damage,TN-1736.jpg,1
2218552b2df2072fe671549b64fef468,/home/sparsh/Naplam/Bangladesh-UAV-PlantDisease/Test Dataset/Hail damages/TN-1310.jpg,Hail damage,TN-1310.jpg,1
085ac67b8d3ad5744c1e93f49889dcbb,/home/sparsh/Naplam/Bangladesh-UAV-PlantDisease/Training Dataset/Mixed/TN-1546.jpg,Mixed,TN-1546.jpg,2
84d0050c2977398c8586075a7ffc56ba,/home/sparsh/Naplam/Bangladesh-UAV-PlantDisease/Training Dataset/Cotton Bollworm Infestation/TN-770.jpg,Cotton Bollworm Infestation,TN-770.jpg,0
24d49804c3f00d4410048d02493f22a3,/home/sparsh/Naplam/Bangladesh-UAV-PlantDisease/Test Dataset/Hail damages/TN-2405.jpg,Hail damage,TN-2405.jpg,1
bb8440ca09c7b76a9c7312fe8933841c,/home/sparsh/Naplam/Bangladesh-UAV-PlantDisease/Test Dataset/Hail damages/TN-2505.jpg,Hail damage,TN-2505.jpg,1
a5da94a4977fba7fd62481cdcf0610ed,/home/sparsh/Naplam/Bangladesh-UAV-PlantDisease/Training Dataset/Strong-Light Burn/TN-495.jpg,Strong-Light Burn,TN-495.jpg,4
fbbaa96edb9199dfaf7358f36e9c97c3,/home/sparsh/Naplam/Bangladesh-UAV-PlantDisease/Training Dataset/Mixed/TN-1371.jpg,Mixed,TN-1371.jpg,2
1e177372b6ad1c9ddb89bfd9a09d6946,/home/sparsh/Naplam/Bangladesh-UAV-PlantDisease/Training Dataset/Hail damage/TN-613.jpg,Hail damage,TN-613.jpg,1
f86e091bd03c2cd34d9738b39923a911,/home/sparsh/Naplam/Bangladesh-UAV-PlantDisease/Training Dataset/Root Damage/TN-689.jpg,Root Damage,TN-689.jpg,3
1b0e709d3045ee3fa09efe341ab651e9,/home/sparsh/Naplam/Bangladesh-UAV-PlantDisease/Training Dataset/Cotton Bollworm Infestation/TN-833.jpg,Cotton Bollworm Infestation,TN-833.jpg,0
4db5ec474e83410726c143065dabcf1b,/home/sparsh/Naplam/Bangladesh-UAV-PlantDisease/Training Dataset/Cotton Bollworm Infestation/TN-589.jpg,Cotton Bollworm Infestation,TN-589.jpg,0
25fe47fb15a03cffc69498bd4f1b2186,/home/sparsh/Naplam/Bangladesh-UAV-PlantDisease/Test Dataset/Mixed/TN-250.jpg,Mixed,TN-250.jpg,2
7f8cce98d5b3c1ad7b88447dea8d6cb6,/home/sparsh/Naplam/Bangladesh-UAV-PlantDisease/Test Dataset/Hail damages/TN-2923.jpg,Hail damage,TN-2923.jpg,1
4d1111bc41d71d406a063a610fc43459,/home/sparsh/Naplam/Bangladesh-UAV-PlantDisease/Training Dataset/Mixed/TN-507.jpg,Mixed,TN-507.jpg,2
94e7b01c9dba1bf597a925cc63eb9b8e,/home/sparsh/Naplam/Bangladesh-UAV-PlantDisease/Training Dataset/Hail damage/TN-154.jpg,Hail damage,TN-154.jpg,1
a8f6ff4fc9362b3e0274b632144ff22d,/home/sparsh/Naplam/Bangladesh-UAV-PlantDisease/Training Dataset/Strong-Light Burn/TN-635.jpg,Strong-Light Burn,TN-635.jpg,4
51272bc1798456426b8dfc152a4a4cf1,/home/sparsh/Naplam/Bangladesh-UAV-PlantDisease/Training Dataset/Mixed/TN-1910.jpg,Mixed,TN-1910.jpg,2
cfdaea37ff02c16d2a0c512455d569ae,/home/sparsh/Naplam/Bangladesh-UAV-PlantDisease/Training Dataset/Root Damage/TN-407.jpg,Root Damage,TN-407.jpg,3
912ea4a21cfbd66a93e943f24ee7b7aa,/home/sparsh/Naplam/Bangladesh-UAV-PlantDisease/Training Dataset/Hail damage/TN-585.jpg,Hail damage,TN-585.jpg,1
243959fd5175777d02ea0e0adc49a839,/home/sparsh/Naplam/Bangladesh-UAV-PlantDisease/Training Dataset/Hail damage/TN-497.jpg,Hail damage,TN-497.jpg,1
2c3208cc56a83aef932405baeb7e6a01,/home/sparsh/Naplam/Bangladesh-UAV-PlantDisease/Test Dataset/Hail damages/TN-1936.jpg,Hail damage,TN-1936.jpg,1
1235478b05b5550d7da71b941fe0aba5,/home/sparsh/Naplam/Bangladesh-UAV-PlantDisease/Training Dataset/Hail damage/TN-791.jpg,Hail damage,TN-791.jpg,1
8cb2b45b32134e96a775e390d6bba7c7,/home/sparsh/Naplam/Bangladesh-UAV-PlantDisease/Training Dataset/Root Damage/TN-773.jpg,Root Damage,TN-773.jpg,3
0f1e88d93d5cc196d0130d7f34728105,/home/sparsh/Naplam/Bangladesh-UAV-PlantDisease/Test Dataset/Hail damages/TN-1527.jpg,Hail damage,TN-1527.jpg,1
f73c6db9c1aa3f5230c159402a8c3eb8,/home/sparsh/Naplam/Bangladesh-UAV-PlantDisease/Training Dataset/Cotton Bollworm Infestation/TN-155.jpg,Cotton Bollworm Infestation,TN-155.jpg,0
6f4d0838fd475e83c6e4de301eea921e,/home/sparsh/Naplam/Bangladesh-UAV-PlantDisease/Training Dataset/Mixed/TN-751.jpg,Mixed,TN-751.jpg,2
626524ee3f37f486b6ef6cc6b178210d,/home/sparsh/Naplam/Bangladesh-UAV-PlantDisease/Test Dataset/Hail damages/TN-1785.jpg,Hail damage,TN-1785.jpg,1
fb4fcf5c43a050d356e12186af6e4bcd,/home/sparsh/Naplam/Bangladesh-UAV-PlantDisease/Test Dataset/Hail damages/TN-1729.jpg,Hail damage,TN-1729.jpg,1
6c7e2c07fd274792d8af20b019899573,/home/sparsh/Naplam/Bangladesh-UAV-PlantDisease/Training Dataset/Cotton Bollworm Infestation/TN-165.jpg,Cotton Bollworm Infestation,TN-165.jpg,0
9d76b21a7a3a7dbb1e8e8a927082ca34,/home/sparsh/Naplam/Bangladesh-UAV-PlantDisease/Test Dataset/Hail damages/TN-1885.jpg,Hail damage,TN-1885.jpg,1
81aea9776f3085da918d9b0dfbe28ed3,/home/sparsh/Naplam/Bangladesh-UAV-PlantDisease/Test Dataset/Hail damages/TN-2396.jpg,Hail damage,TN-2396.jpg,1
a6e99f62b984c86fbd9af5f0a2caf9a2,/home/sparsh/Naplam/Bangladesh-UAV-PlantDisease/Training Dataset/Mixed/TN-1464.jpg,Mixed,TN-1464.jpg,2
f1799d41b7795e4a1a3048742ee8bcd7,/home/sparsh/Naplam/Bangladesh-UAV-PlantDisease/Test Dataset/Cotton Bollworm Infestation/TN-422.jpg,Cotton Bollworm Infestation,TN-422.jpg,0
8d4a223a083b333df078a1a733c6486f,/home/sparsh/Naplam/Bangladesh-UAV-PlantDisease/Training Dataset/Mixed/TN-2001.jpg,Mixed,TN-2001.jpg,2
3595953a0bddffe61171228b1c4fbaa1,/home/sparsh/Naplam/Bangladesh-UAV-PlantDisease/Test Dataset/Hail damages/TN-936.jpg,Hail damage,TN-936.jpg,1
e866a1a5fa1e21cfba03ba4ac3e1453c,/home/sparsh/Naplam/Bangladesh-UAV-PlantDisease/Training Dataset/Strong-Light Burn/TN-596.jpg,Strong-Light Burn,TN-596.jpg,4
aa683164f63ac66661731621ee20a095,/home/sparsh/Naplam/Bangladesh-UAV-PlantDisease/Training Dataset/Root Damage/TN-164.jpg,Root Damage,TN-164.jpg,3
ba286c369a171665b7d6c422366ec1b1,/home/sparsh/Naplam/Bangladesh-UAV-PlantDisease/Training Dataset/Hail damage/TN-278.jpg,Hail damage,TN-278.jpg,1
a40921a5843b22fe15f72d4d952f1516,/home/sparsh/Naplam/Bangladesh-UAV-PlantDisease/Test Dataset/Hail damages/TN-2747.jpg,Hail damage,TN-2747.jpg,1
2927b5b9e1ea43c976209b7957af9177,/home/sparsh/Naplam/Bangladesh-UAV-PlantDisease/Training Dataset/Root Damage/TN-779.jpg,Root Damage,TN-779.jpg,3
f88b7332676830e7013f145540ad1a95,/home/sparsh/Naplam/Bangladesh-UAV-PlantDisease/Training Dataset/Hail damage/TN-282.jpg,Hail damage,TN-282.jpg,1
8fb79be2755592679c9a7e63a396cf88,/home/sparsh/Naplam/Bangladesh-UAV-PlantDisease/Training Dataset/Cotton Bollworm Infestation/TN-445.jpg,Cotton Bollworm Infestation,TN-445.jpg,0
50a798d086cb065f98be4634f05395d4,/home/sparsh/Naplam/Bangladesh-UAV-PlantDisease/Test Dataset/Hail damages/TN-2027.jpg,Hail damage,TN-2027.jpg,1
298afcbdbd285fca906f3d87f85347e2,/home/sparsh/Naplam/Bangladesh-UAV-PlantDisease/Training Dataset/Cotton Bollworm Infestation/TN-496.jpg,Cotton Bollworm Infestation,TN-496.jpg,0
845de9543ed1368dbb85fdb4ca0170aa,/home/sparsh/Naplam/Bangladesh-UAV-PlantDisease/Training Dataset/Hail damage/TN-532.jpg,Hail damage,TN-532.jpg,1
f42966615b558f969a36a57d8d12c420,/home/sparsh/Naplam/Bangladesh-UAV-PlantDisease/Test Dataset/Hail damages/TN-2812.jpg,Hail damage,TN-2812.jpg,1
a7603be8f2297f85f6fd861ee94cca7f,/home/sparsh/Naplam/Bangladesh-UAV-PlantDisease/Training Dataset/Mixed/TN-692.jpg,Mixed,TN-692.jpg,2
c935cc4ccfc3ed2ca54df702ff4aa83c,/home/sparsh/Naplam/Bangladesh-UAV-PlantDisease/Test Dataset/Hail damages/TN-2008.jpg,Hail damage,TN-2008.jpg,1
c75ad734cef7d465dbeeea14382d2611,/home/sparsh/Naplam/Bangladesh-UAV-PlantDisease/Training Dataset/Cotton Bollworm Infestation/TN-33.jpg,Cotton Bollworm Infestation,TN-33.jpg,0
54df93d062b6407a76316bc800f85c56,/home/sparsh/Naplam/Bangladesh-UAV-PlantDisease/Training Dataset/Hail damage/TN-346.jpg,Hail damage,TN-346.jpg,1
d18e4aaee7564141c5418b2423bf6bb7,/home/sparsh/Naplam/Bangladesh-UAV-PlantDisease/Training Dataset/Root Damage/TN-626.jpg,Root Damage,TN-626.jpg,3
2149722df1cb2dbbba9c876099eab72a,/home/sparsh/Naplam/Bangladesh-UAV-PlantDisease/Training Dataset/Mixed/TN-1682.jpg,Mixed,TN-1682.jpg,2
f2092c63edeaaeb94fec60e017584e72,/home/sparsh/Naplam/Bangladesh-UAV-PlantDisease/Training Dataset/Mixed/TN-1709.jpg,Mixed,TN-1709.jpg,2
a9013f1caeb364981f1efb4fcdcd2f4b,/home/sparsh/Naplam/Bangladesh-UAV-PlantDisease/Test Dataset/Hail damages/TN-697.jpg,Hail damage,TN-697.jpg,1
a4f08ce6a161e17a0c683c6223e818e7,/home/sparsh/Naplam/Bangladesh-UAV-PlantDisease/Training Dataset/Hail damage/TN-508.jpg,Hail damage,TN-508.jpg,1
7256e62f8327afed935fa6e0429dc474,/home/sparsh/Naplam/Bangladesh-UAV-PlantDisease/Test Dataset/Hail damages/TN-1499.jpg,Hail damage,TN-1499.jpg,1
f512ff97367a04fd98afa2d3691f3e3b,/home/sparsh/Naplam/Bangladesh-UAV-PlantDisease/Test Dataset/Hail damages/TN-2285.jpg,Hail damage,TN-2285.jpg,1
bf2ef6914c77c6ba81177a8f9c21e0ac,/home/sparsh/Naplam/Bangladesh-UAV-PlantDisease/Test Dataset/Hail damages/TN-856.jpg,Hail damage,TN-856.jpg,1
5a8645378421c7fdc87573865cc6cea8,/home/sparsh/Naplam/Bangladesh-UAV-PlantDisease/Test Dataset/Hail damages/TN-1357.jpg,Hail damage,TN-1357.jpg,1
fecf3b2d7da0f9e9c103b73e190cfafb,/home/sparsh/Naplam/Bangladesh-UAV-PlantDisease/Training Dataset/Hail damage/TN-229.jpg,Hail damage,TN-229.jpg,1
c04f64d25db8f72fd69584b243691510,/home/sparsh/Naplam/Bangladesh-UAV-PlantDisease/Training Dataset/Mixed/TN-1057.jpg,Mixed,TN-1057.jpg,2
f98cd7260ba9fc0bf0c20e035b56c828,/home/sparsh/Naplam/Bangladesh-UAV-PlantDisease/Training Dataset/Mixed/TN-132.jpg,Mixed,TN-132.jpg,2
b87d487334f4245d0cb393fb11c54c18,/home/sparsh/Naplam/Bangladesh-UAV-PlantDisease/Test Dataset/Hail damages/TN-928.jpg,Hail damage,TN-928.jpg,1
31588ff228b15fb19edaf003e8410123,/home/sparsh/Naplam/Bangladesh-UAV-PlantDisease/Training Dataset/Hail damage/TN-475.jpg,Hail damage,TN-475.jpg,1
0c9f4360eea396891832e9dadb2e8302,/home/sparsh/Naplam/Bangladesh-UAV-PlantDisease/Test Dataset/Hail damages/TN-1447.jpg,Hail damage,TN-1447.jpg,1
ab881567e4ee14eef63f2a03d80cde02,/home/sparsh/Naplam/Bangladesh-UAV-PlantDisease/Training Dataset/Mixed/TN-649.jpg,Mixed,TN-649.jpg,2
95ae347d0699e1d7d7998351dd36254e,/home/sparsh/Naplam/Bangladesh-UAV-PlantDisease/Training Dataset/Cotton Bollworm Infestation/TN-377.jpg,Cotton Bollworm Infestation,TN-377.jpg,0
ea42347131303f619d6dc555816fa868,/home/sparsh/Naplam/Bangladesh-UAV-PlantDisease/Training Dataset/Hail damage/TN-128.jpg,Hail damage,TN-128.jpg,1
4692c9fda84443abbfed119c88d5a389,/home/sparsh/Naplam/Bangladesh-UAV-PlantDisease/Training Dataset/Root Damage/TN-671.jpg,Root Damage,TN-671.jpg,3
27fb208af724076f856217ecd6516945,/home/sparsh/Naplam/Bangladesh-UAV-PlantDisease/Test Dataset/Hail damages/TN-2777.jpg,Hail damage,TN-2777.jpg,1
57f8446b85c35db9a5e5d8992730170f,/home/sparsh/Naplam/Bangladesh-UAV-PlantDisease/Training Dataset/Hail damage/TN-355.jpg,Hail damage,TN-355.jpg,1
bfbc51750f891854f8bd7783a4e3c4dd,/home/sparsh/Naplam/Bangladesh-UAV-PlantDisease/Training Dataset/Mixed/TN-2413.jpg,Mixed,TN-2413.jpg,2
6349d5eeef6e1d9fa6da6c5f2c9928be,/home/sparsh/Naplam/Bangladesh-UAV-PlantDisease/Training Dataset/Mixed/TN-428.jpg,Mixed,TN-428.jpg,2
d39563e122604683eec281a651a393f8,/home/sparsh/Naplam/Bangladesh-UAV-PlantDisease/Test Dataset/Hail damages/TN-543.jpg,Hail damage,TN-543.jpg,1
0e4c9a85144b252fcc656ea42aab2147,/home/sparsh/Naplam/Bangladesh-UAV-PlantDisease/Training Dataset/Strong-Light Burn/TN-522.jpg,Strong-Light Burn,TN-522.jpg,4
6fedda163503a5cd594369e957f9d00c,/home/sparsh/Naplam/Bangladesh-UAV-PlantDisease/Training Dataset/Root Damage/TN-378.jpg,Root Damage,TN-378.jpg,3
d8ceaaa2aa773b1fdd5cfa4c8c83d050,/home/sparsh/Naplam/Bangladesh-UAV-PlantDisease/Test Dataset/Hail damages/TN-2938.jpg,Hail damage,TN-2938.jpg,1
eda78e606a8b5bc0f5760f19d0c0082f,/home/sparsh/Naplam/Bangladesh-UAV-PlantDisease/Training Dataset/Mixed/TN-1306.jpg,Mixed,TN-1306.jpg,2
50d066d609c7b96e873e1572911c335f,/home/sparsh/Naplam/Bangladesh-UAV-PlantDisease/Test Dataset/Hail damages/TN-210.jpg,Hail damage,TN-210.jpg,1
3429dc95dfcdbb92f09e57e670c453ab,/home/sparsh/Naplam/Bangladesh-UAV-PlantDisease/Training Dataset/Strong-Light Burn/TN-318.jpg,Strong-Light Burn,TN-318.jpg,4
eff449964726647d8207f5ea6fef1dfa,/home/sparsh/Naplam/Bangladesh-UAV-PlantDisease/Training Dataset/Root Damage/TN-499.jpg,Root Damage,TN-499.jpg,3
c13a32a4a7574914e830675751232cb6,/home/sparsh/Naplam/Bangladesh-UAV-PlantDisease/Training Dataset/Cotton Bollworm Infestation/TN-584.jpg,Cotton Bollworm Infestation,TN-584.jpg,0
f4b2a6ec5122a80132584e327158eb0c,/home/sparsh/Naplam/Bangladesh-UAV-PlantDisease/Training Dataset/Mixed/TN-616.jpg,Mixed,TN-616.jpg,2
b1752f7818b87633ac7d1c5896c9342f,/home/sparsh/Naplam/Bangladesh-UAV-PlantDisease/Test Dataset/Hail damages/TN-2967.jpg,Hail damage,TN-2967.jpg,1
eaf861436bb215c3d399be57f1694380,/home/sparsh/Naplam/Bangladesh-UAV-PlantDisease/Training Dataset/Root Damage/TN-690.jpg,Root Damage,TN-690.jpg,3
cfacb5d7e99fa24898ca4d2a79136de0,/home/sparsh/Naplam/Bangladesh-UAV-PlantDisease/Training Dataset/Mixed/TN-474.jpg,Mixed,TN-474.jpg,2
4ad4359f5860da2d1a2d8e904ed6dfc1,/home/sparsh/Naplam/Bangladesh-UAV-PlantDisease/Training Dataset/Mixed/TN-471.jpg,Mixed,TN-471.jpg,2
cc2721c7ecab3ce00e5dae562bdb73e3,/home/sparsh/Naplam/Bangladesh-UAV-PlantDisease/Training Dataset/Root Damage/TN-49.jpg,Root Damage,TN-49.jpg,3
f881dbe7b3b79de7d60c8f5c83ceb165,/home/sparsh/Naplam/Bangladesh-UAV-PlantDisease/Test Dataset/Hail damages/TN-865.jpg,Hail damage,TN-865.jpg,1
289f1f51d987163574be7656d1aa001a,/home/sparsh/Naplam/Bangladesh-UAV-PlantDisease/Test Dataset/Hail damages/TN-2749.jpg,Hail damage,TN-2749.jpg,1
289d9fd5b489eb3b32ebf1f67ddf507d,/home/sparsh/Naplam/Bangladesh-UAV-PlantDisease/Training Dataset/Cotton Bollworm Infestation/TN-483.jpg,Cotton Bollworm Infestation,TN-483.jpg,0
6a412a95005f9392f99edb1320e70fa3,/home/sparsh/Naplam/Bangladesh-UAV-PlantDisease/Training Dataset/Cotton Bollworm Infestation/TN-358.jpg,Cotton Bollworm Infestation,TN-358.jpg,0
d1fed0dc4f07f0131ece3db6d957a2dc,/home/sparsh/Naplam/Bangladesh-UAV-PlantDisease/Training Dataset/Mixed/TN-189.jpg,Mixed,TN-189.jpg,2
53fb2ca21057c8f94e222fe04ea30765,/home/sparsh/Naplam/Bangladesh-UAV-PlantDisease/Training Dataset/Mixed/TN-1128.jpg,Mixed,TN-1128.jpg,2
c1c8117cdaa0c5b75af6e6865a15caba,/home/sparsh/Naplam/Bangladesh-UAV-PlantDisease/Training Dataset/Cotton Bollworm Infestation/TN-818.jpg,Cotton Bollworm Infestation,TN-818.jpg,0
d38916ee47e1e454cae3f08634eb6ac8,/home/sparsh/Naplam/Bangladesh-UAV-PlantDisease/Test Dataset/Strong-Light Burn/TN-154.jpg,Strong-Light Burn,TN-154.jpg,4
380f4cfc926676b093448a049258dd15,/home/sparsh/Naplam/Bangladesh-UAV-PlantDisease/Training Dataset/Strong-Light Burn/TN-433.jpg,Strong-Light Burn,TN-433.jpg,4
e7e4c9b85d1713e8684a5a8b471a4c31,/home/sparsh/Naplam/Bangladesh-UAV-PlantDisease/Training Dataset/Cotton Bollworm Infestation/TN-363.jpg,Cotton Bollworm Infestation,TN-363.jpg,0
f2fba34b408f4dde90fc60884f1dcedb,/home/sparsh/Naplam/Bangladesh-UAV-PlantDisease/Test Dataset/Hail damages/TN-1672.jpg,Hail damage,TN-1672.jpg,1
07d36d64ed57deb41471acc43531038d,/home/sparsh/Naplam/Bangladesh-UAV-PlantDisease/Test Dataset/Cotton Bollworm Infestation/TN-100.jpg,Cotton Bollworm Infestation,TN-100.jpg,0
fd57fdd88147ff6cda4c72e57680c889,/home/sparsh/Naplam/Bangladesh-UAV-PlantDisease/Training Dataset/Mixed/TN-1273.jpg,Mixed,TN-1273.jpg,2
a7b7ff1e160669837b73fdf9b8f1d9af,/home/sparsh/Naplam/Bangladesh-UAV-PlantDisease/Test Dataset/Hail damages/TN-1595.jpg,Hail damage,TN-1595.jpg,1
78b7f0673b149d0b5a5fcbcf63b08906,/home/sparsh/Naplam/Bangladesh-UAV-PlantDisease/Training Dataset/Hail damage/TN-425.jpg,Hail damage,TN-425.jpg,1
cdda3255a1b317fb4d1fa982cb7bfc91,/home/sparsh/Naplam/Bangladesh-UAV-PlantDisease/Training Dataset/Mixed/TN-2426.jpg,Mixed,TN-2426.jpg,2
a04cbfb069fd205363ad186c9d6f6cd1,/home/sparsh/Naplam/Bangladesh-UAV-PlantDisease/Training Dataset/Mixed/TN-214.jpg,Mixed,TN-214.jpg,2
865c776354584598d2efd978bc0fe4ac,/home/sparsh/Naplam/Bangladesh-UAV-PlantDisease/Training Dataset/Hail damage/TN-593.jpg,Hail damage,TN-593.jpg,1
b481d42c569448cf403e4cfe7dabdf46,/home/sparsh/Naplam/Bangladesh-UAV-PlantDisease/Test Dataset/Hail damages/TN-22.jpg,Hail damage,TN-22.jpg,1
d19fb85370af523dd4b1d77f5203aa3a,/home/sparsh/Naplam/Bangladesh-UAV-PlantDisease/Training Dataset/Root Damage/TN-668.jpg,Root Damage,TN-668.jpg,3
82f978549748c28cf461de29b6e85a81,/home/sparsh/Naplam/Bangladesh-UAV-PlantDisease/Training Dataset/Cotton Bollworm Infestation/TN-262.jpg,Cotton Bollworm Infestation,TN-262.jpg,0
9157493aa6b7c371875e6d2ec5fbcb37,/home/sparsh/Naplam/Bangladesh-UAV-PlantDisease/Test Dataset/Cotton Bollworm Infestation/TN-232.jpg,Cotton Bollworm Infestation,TN-232.jpg,0
cee063423a6967ce5033b4d07300e916,/home/sparsh/Naplam/Bangladesh-UAV-PlantDisease/Test Dataset/Hail damages/TN-748.jpg,Hail damage,TN-748.jpg,1
a0e672f71e15d6a12cf46b8bfd5ed292,/home/sparsh/Naplam/Bangladesh-UAV-PlantDisease/Training Dataset/Mixed/TN-1380.jpg,Mixed,TN-1380.jpg,2
0d49195ecb9cbda515d6f2f6706d375c,/home/sparsh/Naplam/Bangladesh-UAV-PlantDisease/Training Dataset/Mixed/TN-2114.jpg,Mixed,TN-2114.jpg,2
77c2750e62f8f1d4b561b8cf85a025cd,/home/sparsh/Naplam/Bangladesh-UAV-PlantDisease/Training Dataset/Root Damage/TN-805.jpg,Root Damage,TN-805.jpg,3
4d4e5d02df5aa2fbc507a323ca2bb089,/home/sparsh/Naplam/Bangladesh-UAV-PlantDisease/Training Dataset/Cotton Bollworm Infestation/TN-574.jpg,Cotton Bollworm Infestation,TN-574.jpg,0
c77b0945b5c1f9f1f9143373b9911abf,/home/sparsh/Naplam/Bangladesh-UAV-PlantDisease/Training Dataset/Mixed/TN-2406.jpg,Mixed,TN-2406.jpg,2
c45cffb8ea2aad1b3fb3165e4b70daf6,/home/sparsh/Naplam/Bangladesh-UAV-PlantDisease/Training Dataset/Cotton Bollworm Infestation/TN-204.jpg,Cotton Bollworm Infestation,TN-204.jpg,0
c9ef91844abae1b218ba1e72d85af242,/home/sparsh/Naplam/Bangladesh-UAV-PlantDisease/Training Dataset/Root Damage/TN-93.jpg,Root Damage,TN-93.jpg,3
192f9886ef33234c5e545b6c89e8caea,/home/sparsh/Naplam/Bangladesh-UAV-PlantDisease/Training Dataset/Root Damage/TN-667.jpg,Root Damage,TN-667.jpg,3
ebde47fe0157869bc673c00c49dbc311,/home/sparsh/Naplam/Bangladesh-UAV-PlantDisease/Test Dataset/Hail damages/TN-1797.jpg,Hail damage,TN-1797.jpg,1
6a1805d451a6e36cffed4c9acb20839d,/home/sparsh/Naplam/Bangladesh-UAV-PlantDisease/Training Dataset/Strong-Light Burn/TN-24.jpg,Strong-Light Burn,TN-24.jpg,4
a31146d8c4131ce847754567606d9eef,/home/sparsh/Naplam/Bangladesh-UAV-PlantDisease/Training Dataset/Mixed/TN-50.jpg,Mixed,TN-50.jpg,2
2a42ff031d0a851b0200e1c9193f8eec,/home/sparsh/Naplam/Bangladesh-UAV-PlantDisease/Training Dataset/Root Damage/TN-818.jpg,Root Damage,TN-818.jpg,3
6295fb825c459836abe0b7422d00d3e1,/home/sparsh/Naplam/Bangladesh-UAV-PlantDisease/Test Dataset/Hail damages/TN-2243.jpg,Hail damage,TN-2243.jpg,1
deb8f06c4460475c431df1dd4989b8d2,/home/sparsh/Naplam/Bangladesh-UAV-PlantDisease/Training Dataset/Mixed/TN-1214.jpg,Mixed,TN-1214.jpg,2
ea5d2dbf501168445cf763605395f649,/home/sparsh/Naplam/Bangladesh-UAV-PlantDisease/Test Dataset/Hail damages/TN-221.jpg,Hail damage,TN-221.jpg,1
267aa78fa5a4240becf5b304845bc490,/home/sparsh/Naplam/Bangladesh-UAV-PlantDisease/Training Dataset/Mixed/TN-180.jpg,Mixed,TN-180.jpg,2
d1d951f1d6df1778d4473d37ec64b1cf,/home/sparsh/Naplam/Bangladesh-UAV-PlantDisease/Training Dataset/Cotton Bollworm Infestation/TN-264.jpg,Cotton Bollworm Infestation,TN-264.jpg,0
0bc3bfc886cf62fd375dd4a5a4222320,/home/sparsh/Naplam/Bangladesh-UAV-PlantDisease/Test Dataset/Hail damages/TN-1915.jpg,Hail damage,TN-1915.jpg,1
2fa6332f689a0a95ee07777b69001f62,/home/sparsh/Naplam/Bangladesh-UAV-PlantDisease/Test Dataset/Hail damages/TN-1985.jpg,Hail damage,TN-1985.jpg,1
54c5e5e71e8ddabfe35ceffe7bfc0bb2,/home/sparsh/Naplam/Bangladesh-UAV-PlantDisease/Training Dataset/Cotton Bollworm Infestation/TN-318.jpg,Cotton Bollworm Infestation,TN-318.jpg,0
83bd062a60acbba2d2d17f85a0c955b9,/home/sparsh/Naplam/Bangladesh-UAV-PlantDisease/Training Dataset/Root Damage/TN-450.jpg,Root Damage,TN-450.jpg,3
56dbabae2c1a11046eb5680837e90bb4,/home/sparsh/Naplam/Bangladesh-UAV-PlantDisease/Training Dataset/Mixed/TN-257.jpg,Mixed,TN-257.jpg,2
4e19aa7e55b5f18de9c32241d7a9302b,/home/sparsh/Naplam/Bangladesh-UAV-PlantDisease/Training Dataset/Root Damage/TN-472.jpg,Root Damage,TN-472.jpg,3
a105d7a2076f50b2723ed2252b9c798b,/home/sparsh/Naplam/Bangladesh-UAV-PlantDisease/Test Dataset/Hail damages/TN-1167.jpg,Hail damage,TN-1167.jpg,1
0d6a49cbd941715e9e384671e1f559e5,/home/sparsh/Naplam/Bangladesh-UAV-PlantDisease/Training Dataset/Mixed/TN-43.jpg,Mixed,TN-43.jpg,2
1df6ff754c60433db092a0af6e425704,/home/sparsh/Naplam/Bangladesh-UAV-PlantDisease/Test Dataset/Hail damages/TN-1925.jpg,Hail damage,TN-1925.jpg,1
8873f4d7fb9412df49a0ad1dc75a4a72,/home/sparsh/Naplam/Bangladesh-UAV-PlantDisease/Training Dataset/Root Damage/TN-618.jpg,Root Damage,TN-618.jpg,3
130204efcad0f721664a17bb2f4aac38,/home/sparsh/Naplam/Bangladesh-UAV-PlantDisease/Test Dataset/Hail damages/TN-1049.jpg,Hail damage,TN-1049.jpg,1
0ccb95ac03a242a31fbaccb1f195ccc3,/home/sparsh/Naplam/Bangladesh-UAV-PlantDisease/Test Dataset/Hail damages/TN-1170.jpg,Hail damage,TN-1170.jpg,1
f30405ac23d7c9633060a723d8d81afa,/home/sparsh/Naplam/Bangladesh-UAV-PlantDisease/Training Dataset/Strong-Light Burn/TN-600.jpg,Strong-Light Burn,TN-600.jpg,4
f16b7623e5b4a69c2496e8ee840c81cd,/home/sparsh/Naplam/Bangladesh-UAV-PlantDisease/Training Dataset/Mixed/TN-447.jpg,Mixed,TN-447.jpg,2
650693cad1b3937c16876663afd6b00e,/home/sparsh/Naplam/Bangladesh-UAV-PlantDisease/Training Dataset/Mixed/TN-2268.jpg,Mixed,TN-2268.jpg,2
043e49005a7b3f1f96969675756ea4e5,/home/sparsh/Naplam/Bangladesh-UAV-PlantDisease/Training Dataset/Strong-Light Burn/TN-89.jpg,Strong-Light Burn,TN-89.jpg,4
b6ebcd51d53cde15db391997a883b8ab,/home/sparsh/Naplam/Bangladesh-UAV-PlantDisease/Training Dataset/Root Damage/TN-118.jpg,Root Damage,TN-118.jpg,3
0da509577d7c15038d793a92fd1e21cc,/home/sparsh/Naplam/Bangladesh-UAV-PlantDisease/Training Dataset/Strong-Light Burn/TN-62.jpg,Strong-Light Burn,TN-62.jpg,4
3a4e5df8ee67d0baec332caec82c9887,/home/sparsh/Naplam/Bangladesh-UAV-PlantDisease/Training Dataset/Hail damage/TN-605.jpg,Hail damage,TN-605.jpg,1
185f3aac03de47b133dee715e8b9b1ab,/home/sparsh/Naplam/Bangladesh-UAV-PlantDisease/Training Dataset/Mixed/TN-627.jpg,Mixed,TN-627.jpg,2
70ac30d4011e8029500ad328d703e557,/home/sparsh/Naplam/Bangladesh-UAV-PlantDisease/Training Dataset/Mixed/TN-1103.jpg,Mixed,TN-1103.jpg,2
b874ca61a077f22fadfd78ac0c11f742,/home/sparsh/Naplam/Bangladesh-UAV-PlantDisease/Test Dataset/Hail damages/TN-1837.jpg,Hail damage,TN-1837.jpg,1
7061c0730a1dd4a20ca401e4aef0270b,/home/sparsh/Naplam/Bangladesh-UAV-PlantDisease/Training Dataset/Mixed/TN-448.jpg,Mixed,TN-448.jpg,2
78f70f31002cc715016d39d67e846ba6,/home/sparsh/Naplam/Bangladesh-UAV-PlantDisease/Training Dataset/Mixed/TN-316.jpg,Mixed,TN-316.jpg,2
d52d5a2b6e50b0da95808da6b56472c8,/home/sparsh/Naplam/Bangladesh-UAV-PlantDisease/Training Dataset/Root Damage/TN-368.jpg,Root Damage,TN-368.jpg,3
26ff5b968df4f38e3e97ea5606954bc5,/home/sparsh/Naplam/Bangladesh-UAV-PlantDisease/Test Dataset/Hail damages/TN-1820.jpg,Hail damage,TN-1820.jpg,1
693555f5d7f391375f253c84e36bfa6f,/home/sparsh/Naplam/Bangladesh-UAV-PlantDisease/Test Dataset/Hail damages/TN-1490.jpg,Hail damage,TN-1490.jpg,1
bfd964472d6327ab3ecc09b1234bdba6,/home/sparsh/Naplam/Bangladesh-UAV-PlantDisease/Test Dataset/Hail damages/TN-1029.jpg,Hail damage,TN-1029.jpg,1
bd4aa81d0c52613586589a74e265922f,/home/sparsh/Naplam/Bangladesh-UAV-PlantDisease/Training Dataset/Mixed/TN-1145.jpg,Mixed,TN-1145.jpg,2
5c5332fa8c731731a103b186a5583ef9,/home/sparsh/Naplam/Bangladesh-UAV-PlantDisease/Training Dataset/Strong-Light Burn/TN-208.jpg,Strong-Light Burn,TN-208.jpg,4
04bfb61a1b8a06b733e10da79e114457,/home/sparsh/Naplam/Bangladesh-UAV-PlantDisease/Training Dataset/Root Damage/TN-283.jpg,Root Damage,TN-283.jpg,3
c29db0e83c2582a1191cd5d5c4d30cfa,/home/sparsh/Naplam/Bangladesh-UAV-PlantDisease/Test Dataset/Hail damages/TN-838.jpg,Hail damage,TN-838.jpg,1
00c622d5d3975e9a4a5d80c1eae8a8d4,/home/sparsh/Naplam/Bangladesh-UAV-PlantDisease/Training Dataset/Mixed/TN-20.jpg,Mixed,TN-20.jpg,2
51b33c52307eabac68ca8ec1e4ce6198,/home/sparsh/Naplam/Bangladesh-UAV-PlantDisease/Test Dataset/Hail damages/TN-2352.jpg,Hail damage,TN-2352.jpg,1
93eb18acec1658d032dde8b4b5ec1ebb,/home/sparsh/Naplam/Bangladesh-UAV-PlantDisease/Training Dataset/Mixed/TN-389.jpg,Mixed,TN-389.jpg,2
23820080ec0ca753fed81b0efc64348c,/home/sparsh/Naplam/Bangladesh-UAV-PlantDisease/Training Dataset/Cotton Bollworm Infestation/TN-454.jpg,Cotton Bollworm Infestation,TN-454.jpg,0
43ef0079d1c69650b231165474146d83,/home/sparsh/Naplam/Bangladesh-UAV-PlantDisease/Training Dataset/Cotton Bollworm Infestation/TN-592.jpg,Cotton Bollworm Infestation,TN-592.jpg,0
fc310566a3a822b57526d1c4199ece16,/home/sparsh/Naplam/Bangladesh-UAV-PlantDisease/Test Dataset/Hail damages/TN-1751.jpg,Hail damage,TN-1751.jpg,1
a23345a7b3791a4b6ec97d38cdf3c2f6,/home/sparsh/Naplam/Bangladesh-UAV-PlantDisease/Training Dataset/Hail damage/TN-215.jpg,Hail damage,TN-215.jpg,1
9667176b5297fd6e77b92d3bd61d0d73,/home/sparsh/Naplam/Bangladesh-UAV-PlantDisease/Test Dataset/Hail damages/TN-1896.jpg,Hail damage,TN-1896.jpg,1
d8b1e2ac8ad7794cb9eb88ef37568b17,/home/sparsh/Naplam/Bangladesh-UAV-PlantDisease/Training Dataset/Cotton Bollworm Infestation/TN-1019.jpg,Cotton Bollworm Infestation,TN-1019.jpg,0
156ca44fd56f6cffd2787bc2641f9237,/home/sparsh/Naplam/Bangladesh-UAV-PlantDisease/Training Dataset/Mixed/TN-62.jpg,Mixed,TN-62.jpg,2
c9e75548e363675d7dec27f2c1efcdce,/home/sparsh/Naplam/Bangladesh-UAV-PlantDisease/Training Dataset/Hail damage/TN-672.jpg,Hail damage,TN-672.jpg,1
a560feeb55005ee58d76d4cefdfae63b,/home/sparsh/Naplam/Bangladesh-UAV-PlantDisease/Training Dataset/Cotton Bollworm Infestation/TN-249.jpg,Cotton Bollworm Infestation,TN-249.jpg,0
075c9d77782d8b57a0692c05c5322eb4,/home/sparsh/Naplam/Bangladesh-UAV-PlantDisease/Training Dataset/Mixed/TN-785.jpg,Mixed,TN-785.jpg,2
e543448f8b4c702291fdaa84d06b2b5f,/home/sparsh/Naplam/Bangladesh-UAV-PlantDisease/Training Dataset/Strong-Light Burn/TN-227.jpg,Strong-Light Burn,TN-227.jpg,4
79fc268538d3585bc4e630936fc93c9b,/home/sparsh/Naplam/Bangladesh-UAV-PlantDisease/Training Dataset/Strong-Light Burn/TN-224.jpg,Strong-Light Burn,TN-224.jpg,4
b14c1181f9b42ae2462915e8f6b46a02,/home/sparsh/Naplam/Bangladesh-UAV-PlantDisease/Training Dataset/Root Damage/TN-459.jpg,Root Damage,TN-459.jpg,3
51922be4142005f882f79706a54afdf9,/home/sparsh/Naplam/Bangladesh-UAV-PlantDisease/Training Dataset/Cotton Bollworm Infestation/TN-790.jpg,Cotton Bollworm Infestation,TN-790.jpg,0
674121f2726950176d0bd3aa1c58312a,/home/sparsh/Naplam/Bangladesh-UAV-PlantDisease/Training Dataset/Hail damage/TN-11.jpg,Hail damage,TN-11.jpg,1
4b00349726269bd47bd3e82028bd55bd,/home/sparsh/Naplam/Bangladesh-UAV-PlantDisease/Training Dataset/Hail damage/TN-123.jpg,Hail damage,TN-123.jpg,1
f1f69ffb6c19e49e11437766d3c95860,/home/sparsh/Naplam/Bangladesh-UAV-PlantDisease/Training Dataset/Cotton Bollworm Infestation/TN-57.jpg,Cotton Bollworm Infestation,TN-57.jpg,0
e7cfad54438877d9bf3e82cb2fdeeaab,/home/sparsh/Naplam/Bangladesh-UAV-PlantDisease/Training Dataset/Strong-Light Burn/TN-599.jpg,Strong-Light Burn,TN-599.jpg,4
f497b0c23d81397d6653d471c1182024,/home/sparsh/Naplam/Bangladesh-UAV-PlantDisease/Training Dataset/Strong-Light Burn/TN-698.jpg,Strong-Light Burn,TN-698.jpg,4
a1370baef89411409199ceeaa5434282,/home/sparsh/Naplam/Bangladesh-UAV-PlantDisease/Training Dataset/Root Damage/TN-113.jpg,Root Damage,TN-113.jpg,3
ce8bf6b7a9367c1852d0a6c0cdcc63ce,/home/sparsh/Naplam/Bangladesh-UAV-PlantDisease/Training Dataset/Mixed/TN-1805.jpg,Mixed,TN-1805.jpg,2
75d5d2b9452c33c151aa8cd33756f0e3,/home/sparsh/Naplam/Bangladesh-UAV-PlantDisease/Training Dataset/Mixed/TN-1040.jpg,Mixed,TN-1040.jpg,2
4cb818117ff82605d76204146368293f,/home/sparsh/Naplam/Bangladesh-UAV-PlantDisease/Training Dataset/Strong-Light Burn/TN-663.jpg,Strong-Light Burn,TN-663.jpg,4
cb468dcc77101767535edb8343407a5c,/home/sparsh/Naplam/Bangladesh-UAV-PlantDisease/Training Dataset/Root Damage/TN-73.jpg,Root Damage,TN-73.jpg,3
238301b3a440a80c42cea13bcffd8bc3,/home/sparsh/Naplam/Bangladesh-UAV-PlantDisease/Test Dataset/Hail damages/TN-1788.jpg,Hail damage,TN-1788.jpg,1
7bebd92a118517ea645da43ba969f4bf,/home/sparsh/Naplam/Bangladesh-UAV-PlantDisease/Training Dataset/Mixed/TN-2229.jpg,Mixed,TN-2229.jpg,2
1755f16dd515f309c5cf2b34aeb94815,/home/sparsh/Naplam/Bangladesh-UAV-PlantDisease/Training Dataset/Cotton Bollworm Infestation/TN-543.jpg,Cotton Bollworm Infestation,TN-543.jpg,0
f111c067410be2bca45964fec3fad89a,/home/sparsh/Naplam/Bangladesh-UAV-PlantDisease/Training Dataset/Mixed/TN-1117.jpg,Mixed,TN-1117.jpg,2
b28783bfaa2fccdf4db7a4d954574c13,/home/sparsh/Naplam/Bangladesh-UAV-PlantDisease/Test Dataset/Cotton Bollworm Infestation/TN-80.jpg,Cotton Bollworm Infestation,TN-80.jpg,0
8288a3f43b1a2e0cb94d91253ecf8fab,/home/sparsh/Naplam/Bangladesh-UAV-PlantDisease/Training Dataset/Root Damage/TN-337.jpg,Root Damage,TN-337.jpg,3
b997ace487d507c55de410e593ca3425,/home/sparsh/Naplam/Bangladesh-UAV-PlantDisease/Training Dataset/Strong-Light Burn/TN-349.jpg,Strong-Light Burn,TN-349.jpg,4
ca67568f67c56b00968eaad7d9da2f8b,/home/sparsh/Naplam/Bangladesh-UAV-PlantDisease/Test Dataset/Hail damages/TN-1715.jpg,Hail damage,TN-1715.jpg,1
c1c2741f42f092ace2014603bb866d52,/home/sparsh/Naplam/Bangladesh-UAV-PlantDisease/Training Dataset/Root Damage/TN-41.jpg,Root Damage,TN-41.jpg,3
d5248a02b2dcbcf30acad25f56b2cc27,/home/sparsh/Naplam/Bangladesh-UAV-PlantDisease/Test Dataset/Hail damages/TN-1692.jpg,Hail damage,TN-1692.jpg,1
1d43fab5af0d76cc7117a1226a7b9ae1,/home/sparsh/Naplam/Bangladesh-UAV-PlantDisease/Training Dataset/Mixed/TN-95.jpg,Mixed,TN-95.jpg,2
bd5d62b731d542c51b14a96999de43c0,/home/sparsh/Naplam/Bangladesh-UAV-PlantDisease/Training Dataset/Mixed/TN-1527.jpg,Mixed,TN-1527.jpg,2
d1af803df7753ce720a3a2b4b4bb6846,/home/sparsh/Naplam/Bangladesh-UAV-PlantDisease/Test Dataset/Hail damages/TN-526.jpg,Hail damage,TN-526.jpg,1
2b1ca04e199f3614507bf8831724e1b3,/home/sparsh/Naplam/Bangladesh-UAV-PlantDisease/Training Dataset/Mixed/TN-1948.jpg,Mixed,TN-1948.jpg,2
18774c3f9390f9761211ac7547809114,/home/sparsh/Naplam/Bangladesh-UAV-PlantDisease/Test Dataset/Hail damages/TN-2494.jpg,Hail damage,TN-2494.jpg,1
ed09f3bece58f38205b155b32feed3b6,/home/sparsh/Naplam/Bangladesh-UAV-PlantDisease/Training Dataset/Cotton Bollworm Infestation/TN-540.jpg,Cotton Bollworm Infestation,TN-540.jpg,0
75427b0fe208c6137a29c8f4b992975e,/home/sparsh/Naplam/Bangladesh-UAV-PlantDisease/Test Dataset/Hail damages/TN-2660.jpg,Hail damage,TN-2660.jpg,1
5c65084004e1b32a9d418fa9f55a8815,/home/sparsh/Naplam/Bangladesh-UAV-PlantDisease/Training Dataset/Mixed/TN-897.jpg,Mixed,TN-897.jpg,2
4d3286f9014bf6c869df1fe651c5a6f8,/home/sparsh/Naplam/Bangladesh-UAV-PlantDisease/Test Dataset/Hail damages/TN-1219.jpg,Hail damage,TN-1219.jpg,1
d0fef61a48774b6333054c190f45b5c7,/home/sparsh/Naplam/Bangladesh-UAV-PlantDisease/Test Dataset/Hail damages/TN-2537.jpg,Hail damage,TN-2537.jpg,1
bc74a7daa175d7c1906b3dc1f39e11a4,/home/sparsh/Naplam/Bangladesh-UAV-PlantDisease/Test Dataset/Hail damages/TN-2439.jpg,Hail damage,TN-2439.jpg,1
e6316182a10a1ee0cacc262c5944bb5b,/home/sparsh/Naplam/Bangladesh-UAV-PlantDisease/Training Dataset/Hail damage/TN-489.jpg,Hail damage,TN-489.jpg,1
60902c3c5a342b7a35e198b292d505dd,/home/sparsh/Naplam/Bangladesh-UAV-PlantDisease/Training Dataset/Hail damage/TN-767.jpg,Hail damage,TN-767.jpg,1
3186bda8a922add6ca429499d652bcff,/home/sparsh/Naplam/Bangladesh-UAV-PlantDisease/Training Dataset/Hail damage/TN-692.jpg,Hail damage,TN-692.jpg,1
e7d97ab61dd7bd150721e9ab4f545c1f,/home/sparsh/Naplam/Bangladesh-UAV-PlantDisease/Training Dataset/Strong-Light Burn/TN-449.jpg,Strong-Light Burn,TN-449.jpg,4
7009ab28c483f4403470b24acf9bc544,/home/sparsh/Naplam/Bangladesh-UAV-PlantDisease/Test Dataset/Hail damages/TN-2415.jpg,Hail damage,TN-2415.jpg,1
becda39eb194cb99049ddd4a34fcddde,/home/sparsh/Naplam/Bangladesh-UAV-PlantDisease/Training Dataset/Strong-Light Burn/TN-429.jpg,Strong-Light Burn,TN-429.jpg,4
1484da28fc652e540e2edb2bcf4d5987,/home/sparsh/Naplam/Bangladesh-UAV-PlantDisease/Training Dataset/Mixed/TN-2285.jpg,Mixed,TN-2285.jpg,2
9ec89374c8154b1c67db09c159b859cd,/home/sparsh/Naplam/Bangladesh-UAV-PlantDisease/Training Dataset/Root Damage/TN-592.jpg,Root Damage,TN-592.jpg,3
92feb1ca621187f3509c4e3f38697161,/home/sparsh/Naplam/Bangladesh-UAV-PlantDisease/Training Dataset/Strong-Light Burn/TN-52.jpg,Strong-Light Burn,TN-52.jpg,4
8813974b8cbf1e0b858b5affe4550d7e,/home/sparsh/Naplam/Bangladesh-UAV-PlantDisease/Training Dataset/Hail damage/TN-794.jpg,Hail damage,TN-794.jpg,1
6adab78e10b4b5a54c4d0c3925e9eea5,/home/sparsh/Naplam/Bangladesh-UAV-PlantDisease/Training Dataset/Cotton Bollworm Infestation/TN-685.jpg,Cotton Bollworm Infestation,TN-685.jpg,0
b79ebc199199c6c3197c5d156beac8f6,/home/sparsh/Naplam/Bangladesh-UAV-PlantDisease/Test Dataset/Hail damages/TN-1196.jpg,Hail damage,TN-1196.jpg,1
b2bf0a99e9ce99d0734ef3e3255c9085,/home/sparsh/Naplam/Bangladesh-UAV-PlantDisease/Training Dataset/Root Damage/TN-273.jpg,Root Damage,TN-273.jpg,3
069716805155d6f8a98e6464212a6b85,/home/sparsh/Naplam/Bangladesh-UAV-PlantDisease/Training Dataset/Mixed/TN-2283.jpg,Mixed,TN-2283.jpg,2
9c48a4faecc1261da5291f54886fd1ba,/home/sparsh/Naplam/Bangladesh-UAV-PlantDisease/Training Dataset/Root Damage/TN-658.jpg,Root Damage,TN-658.jpg,3
7ce32caaa0d701d41138daa2d60adb54,/home/sparsh/Naplam/Bangladesh-UAV-PlantDisease/Training Dataset/Hail damage/TN-829.jpg,Hail damage,TN-829.jpg,1
caaca9a62de1bd53818b0fbe74df00b1,/home/sparsh/Naplam/Bangladesh-UAV-PlantDisease/Training Dataset/Root Damage/TN-712.jpg,Root Damage,TN-712.jpg,3
be83a35f5dd6e2f1997e73ffd6dba17e,/home/sparsh/Naplam/Bangladesh-UAV-PlantDisease/Training Dataset/Mixed/TN-1815.jpg,Mixed,TN-1815.jpg,2
8dfab29fb3c5ad5d95f865b0cd40a982,/home/sparsh/Naplam/Bangladesh-UAV-PlantDisease/Training Dataset/Mixed/TN-199.jpg,Mixed,TN-199.jpg,2
e292bd8a0d322a622cc604ccccb0e08a,/home/sparsh/Naplam/Bangladesh-UAV-PlantDisease/Test Dataset/Hail damages/TN-2546.jpg,Hail damage,TN-2546.jpg,1
15ebf183cb6f054f66c4d77a70041638,/home/sparsh/Naplam/Bangladesh-UAV-PlantDisease/Test Dataset/Hail damages/TN-716.jpg,Hail damage,TN-716.jpg,1
76a275bd8767d6b9e965c2fd5e444a2d,/home/sparsh/Naplam/Bangladesh-UAV-PlantDisease/Training Dataset/Strong-Light Burn/TN-585.jpg,Strong-Light Burn,TN-585.jpg,4
b30cc369465f009ef732fe8e302244f0,/home/sparsh/Naplam/Bangladesh-UAV-PlantDisease/Training Dataset/Hail damage/TN-396.jpg,Hail damage,TN-396.jpg,1
cb5ee1811ffcac432840a05b513f5118,/home/sparsh/Naplam/Bangladesh-UAV-PlantDisease/Training Dataset/Root Damage/TN-751.jpg,Root Damage,TN-751.jpg,3
34233ec00813e15864a28c370d417579,/home/sparsh/Naplam/Bangladesh-UAV-PlantDisease/Training Dataset/Mixed/TN-1670.jpg,Mixed,TN-1670.jpg,2
140d56a5408fe48b79b69c287dcc6998,/home/sparsh/Naplam/Bangladesh-UAV-PlantDisease/Training Dataset/Strong-Light Burn/TN-604.jpg,Strong-Light Burn,TN-604.jpg,4
e92b0bddf69f0edb2d0c624873ce0e10,/home/sparsh/Naplam/Bangladesh-UAV-PlantDisease/Test Dataset/Hail damages/TN-2317.jpg,Hail damage,TN-2317.jpg,1
8beb71d4adedde3731446171e919840a,/home/sparsh/Naplam/Bangladesh-UAV-PlantDisease/Training Dataset/Strong-Light Burn/TN-437.jpg,Strong-Light Burn,TN-437.jpg,4
476354577864662f9af94e2bfee0d768,/home/sparsh/Naplam/Bangladesh-UAV-PlantDisease/Test Dataset/Hail damages/TN-1625.jpg,Hail damage,TN-1625.jpg,1
0a67322db9326cf2e241bfc2f794cdce,/home/sparsh/Naplam/Bangladesh-UAV-PlantDisease/Training Dataset/Mixed/TN-1152.jpg,Mixed,TN-1152.jpg,2
350b512e0c0b62ec4b79ea4df0cc687b,/home/sparsh/Naplam/Bangladesh-UAV-PlantDisease/Test Dataset/Hail damages/TN-2940.jpg,Hail damage,TN-2940.jpg,1
cbd71e990c9c35830ddcab00a74eb33e,/home/sparsh/Naplam/Bangladesh-UAV-PlantDisease/Training Dataset/Cotton Bollworm Infestation/TN-789.jpg,Cotton Bollworm Infestation,TN-789.jpg,0
8509d37438326b604cc19887c9689d9f,/home/sparsh/Naplam/Bangladesh-UAV-PlantDisease/Training Dataset/Mixed/TN-1359.jpg,Mixed,TN-1359.jpg,2
6bdae1263f66864fe568352ea7e1499b,/home/sparsh/Naplam/Bangladesh-UAV-PlantDisease/Test Dataset/Hail damages/TN-300.jpg,Hail damage,TN-300.jpg,1
1b0163994b807a241b8f5335f4074283,/home/sparsh/Naplam/Bangladesh-UAV-PlantDisease/Training Dataset/Strong-Light Burn/TN-176.jpg,Strong-Light Burn,TN-176.jpg,4
2c93f6138325cd5de767111ae2950265,/home/sparsh/Naplam/Bangladesh-UAV-PlantDisease/Training Dataset/Root Damage/TN-480.jpg,Root Damage,TN-480.jpg,3
16673f57570bbd80eea9fcd2fe742734,/home/sparsh/Naplam/Bangladesh-UAV-PlantDisease/Test Dataset/Hail damages/TN-1730.jpg,Hail damage,TN-1730.jpg,1
1eabcea7027f75538b9567f971d3e68a,/home/sparsh/Naplam/Bangladesh-UAV-PlantDisease/Test Dataset/Mixed/TN-460.jpg,Mixed,TN-460.jpg,2
1863dc3af390b4d4ee12f87d0ef32858,/home/sparsh/Naplam/Bangladesh-UAV-PlantDisease/Training Dataset/Mixed/TN-1390.jpg,Mixed,TN-1390.jpg,2
3adcc03eadb297e615449fdb0c0803d0,/home/sparsh/Naplam/Bangladesh-UAV-PlantDisease/Training Dataset/Mixed/TN-2402.jpg,Mixed,TN-2402.jpg,2
cfa28a143c1dc3bf23707a90fbb525d7,/home/sparsh/Naplam/Bangladesh-UAV-PlantDisease/Test Dataset/Hail damages/TN-1138.jpg,Hail damage,TN-1138.jpg,1
64316a2b8cda362062dfb4c77b88b63a,/home/sparsh/Naplam/Bangladesh-UAV-PlantDisease/Training Dataset/Hail damage/TN-482.jpg,Hail damage,TN-482.jpg,1
cb4862e00e4f5990d9fe86bddfe9b725,/home/sparsh/Naplam/Bangladesh-UAV-PlantDisease/Training Dataset/Mixed/TN-2218.jpg,Mixed,TN-2218.jpg,2
62cc7d6812ad6c941fe0c99cbdeea250,/home/sparsh/Naplam/Bangladesh-UAV-PlantDisease/Training Dataset/Mixed/TN-779.jpg,Mixed,TN-779.jpg,2
43b6f64dd91045d767cc1cb2d752988d,/home/sparsh/Naplam/Bangladesh-UAV-PlantDisease/Test Dataset/Hail damages/TN-506.jpg,Hail damage,TN-506.jpg,1
493b5b5bfbfe423d02cf4dca87b15cd1,/home/sparsh/Naplam/Bangladesh-UAV-PlantDisease/Test Dataset/Hail damages/TN-820.jpg,Hail damage,TN-820.jpg,1
12cb3c1faeddd43f26a04865f9862925,/home/sparsh/Naplam/Bangladesh-UAV-PlantDisease/Test Dataset/Hail damages/TN-1485.jpg,Hail damage,TN-1485.jpg,1
adfd4245530848812b420c6019829054,/home/sparsh/Naplam/Bangladesh-UAV-PlantDisease/Test Dataset/Hail damages/TN-2216.jpg,Hail damage,TN-2216.jpg,1
cf5549e5691e428fabde67ec7dc9d826,/home/sparsh/Naplam/Bangladesh-UAV-PlantDisease/Training Dataset/Cotton Bollworm Infestation/TN-387.jpg,Cotton Bollworm Infestation,TN-387.jpg,0
41fb075686184827a9dc4bda095873f1,/home/sparsh/Naplam/Bangladesh-UAV-PlantDisease/Test Dataset/Hail damages/TN-435.jpg,Hail damage,TN-435.jpg,1
58004486a8e61aa5ecc4688c5ebb20f0,/home/sparsh/Naplam/Bangladesh-UAV-PlantDisease/Test Dataset/Hail damages/TN-50.jpg,Hail damage,TN-50.jpg,1
da8c2c7a759ad8f311fc31648eaa974b,/home/sparsh/Naplam/Bangladesh-UAV-PlantDisease/Training Dataset/Strong-Light Burn/TN-593.jpg,Strong-Light Burn,TN-593.jpg,4
3e0dd4294fd010b76960e6e33ce75776,/home/sparsh/Naplam/Bangladesh-UAV-PlantDisease/Training Dataset/Mixed/TN-1665.jpg,Mixed,TN-1665.jpg,2
b90a1e3659c35a2b058c43d3bdab02c3,/home/sparsh/Naplam/Bangladesh-UAV-PlantDisease/Test Dataset/Hail damages/TN-1886.jpg,Hail damage,TN-1886.jpg,1
87f0bdef0a63368fa3c0ea72ca05105e,/home/sparsh/Naplam/Bangladesh-UAV-PlantDisease/Training Dataset/Root Damage/TN-795.jpg,Root Damage,TN-795.jpg,3
ce14d8d926b8d99bf3382facb6f19c82,/home/sparsh/Naplam/Bangladesh-UAV-PlantDisease/Training Dataset/Cotton Bollworm Infestation/TN-294.jpg,Cotton Bollworm Infestation,TN-294.jpg,0
d94aa3f9f6ddbf8d46bd355134bc37a5,/home/sparsh/Naplam/Bangladesh-UAV-PlantDisease/Training Dataset/Mixed/TN-1352.jpg,Mixed,TN-1352.jpg,2
5752d6ef983f55ca178c562595ace0fa,/home/sparsh/Naplam/Bangladesh-UAV-PlantDisease/Training Dataset/Hail damage/TN-488.jpg,Hail damage,TN-488.jpg,1
0065af3e0741dd77033f47e69e6ca305,/home/sparsh/Naplam/Bangladesh-UAV-PlantDisease/Training Dataset/Strong-Light Burn/TN-697.jpg,Strong-Light Burn,TN-697.jpg,4
01ba1acaeb7847790bf6e897bd96bb4f,/home/sparsh/Naplam/Bangladesh-UAV-PlantDisease/Training Dataset/Strong-Light Burn/TN-416.jpg,Strong-Light Burn,TN-416.jpg,4
c594e1ccfbb04005e203a1dca11e6b3c,/home/sparsh/Naplam/Bangladesh-UAV-PlantDisease/Training Dataset/Mixed/TN-260.jpg,Mixed,TN-260.jpg,2
6e8fc6d85eb59a2c62bd95431b0455d8,/home/sparsh/Naplam/Bangladesh-UAV-PlantDisease/Training Dataset/Strong-Light Burn/TN-61.jpg,Strong-Light Burn,TN-61.jpg,4
dde3498b99bd720f42a4f672142b1b2c,/home/sparsh/Naplam/Bangladesh-UAV-PlantDisease/Training Dataset/Hail damage/TN-259.jpg,Hail damage,TN-259.jpg,1
dc0d4de8983447dc9eea075f7249ea99,/home/sparsh/Naplam/Bangladesh-UAV-PlantDisease/Training Dataset/Strong-Light Burn/TN-353.jpg,Strong-Light Burn,TN-353.jpg,4
383779b6381a6ad1803a171b3cae8bbb,/home/sparsh/Naplam/Bangladesh-UAV-PlantDisease/Training Dataset/Mixed/TN-2094.jpg,Mixed,TN-2094.jpg,2
550b6f7036f8be98fc8fd90115eb7ad6,/home/sparsh/Naplam/Bangladesh-UAV-PlantDisease/Training Dataset/Mixed/TN-1985.jpg,Mixed,TN-1985.jpg,2
a123462d76b6e565215ec285abcf257d,/home/sparsh/Naplam/Bangladesh-UAV-PlantDisease/Training Dataset/Root Damage/TN-736.jpg,Root Damage,TN-736.jpg,3
f7f727caea6dee74ebb1cf61c0b86fb3,/home/sparsh/Naplam/Bangladesh-UAV-PlantDisease/Training Dataset/Mixed/TN-666.jpg,Mixed,TN-666.jpg,2
ad23563b08007bd8c1dfabb748b1f18b,/home/sparsh/Naplam/Bangladesh-UAV-PlantDisease/Training Dataset/Root Damage/TN-798.jpg,Root Damage,TN-798.jpg,3
2e317c9dcc2d790ca367feab90b3231a,/home/sparsh/Naplam/Bangladesh-UAV-PlantDisease/Test Dataset/Hail damages/TN-2466.jpg,Hail damage,TN-2466.jpg,1
5426db230989c2a84b0f1db82a69b299,/home/sparsh/Naplam/Bangladesh-UAV-PlantDisease/Test Dataset/Hail damages/TN-2306.jpg,Hail damage,TN-2306.jpg,1
0f5449f78acc336311f6d8dc1d2b68a0,/home/sparsh/Naplam/Bangladesh-UAV-PlantDisease/Training Dataset/Cotton Bollworm Infestation/TN-420.jpg,Cotton Bollworm Infestation,TN-420.jpg,0
eb3af2ea2cb43c0b6bffd5d6aa736362,/home/sparsh/Naplam/Bangladesh-UAV-PlantDisease/Training Dataset/Mixed/TN-2374.jpg,Mixed,TN-2374.jpg,2
9dea883742b1ed2c1813de2113f3fcf7,/home/sparsh/Naplam/Bangladesh-UAV-PlantDisease/Training Dataset/Hail damage/TN-261.jpg,Hail damage,TN-261.jpg,1
9475d5d3bfa55ff92c46d4c7472efc43,/home/sparsh/Naplam/Bangladesh-UAV-PlantDisease/Test Dataset/Hail damages/TN-1469.jpg,Hail damage,TN-1469.jpg,1
7cf3a19c124ce2e975efdc7c79067eaf,/home/sparsh/Naplam/Bangladesh-UAV-PlantDisease/Training Dataset/Mixed/TN-1106.jpg,Mixed,TN-1106.jpg,2
26984664f9949e59f23317ea066160c7,/home/sparsh/Naplam/Bangladesh-UAV-PlantDisease/Training Dataset/Strong-Light Burn/TN-83.jpg,Strong-Light Burn,TN-83.jpg,4
473504b8560cd598695e9a1ad4b13e39,/home/sparsh/Naplam/Bangladesh-UAV-PlantDisease/Test Dataset/Hail damages/TN-2917.jpg,Hail damage,TN-2917.jpg,1
4672c16b74a2f9a9a3af6541b6e956d6,/home/sparsh/Naplam/Bangladesh-UAV-PlantDisease/Training Dataset/Mixed/TN-254.jpg,Mixed,TN-254.jpg,2
122ea800cca618400c507be1cd41113a,/home/sparsh/Naplam/Bangladesh-UAV-PlantDisease/Test Dataset/Hail damages/TN-2845.jpg,Hail damage,TN-2845.jpg,1
7c6cd1a13166ee020b31b079a3ab9961,/home/sparsh/Naplam/Bangladesh-UAV-PlantDisease/Training Dataset/Root Damage/TN-438.jpg,Root Damage,TN-438.jpg,3
95c16e348044fe329cabae026bf43981,/home/sparsh/Naplam/Bangladesh-UAV-PlantDisease/Training Dataset/Cotton Bollworm Infestation/TN-985.jpg,Cotton Bollworm Infestation,TN-985.jpg,0
3579eb66619b09b2155c4749bce5866b,/home/sparsh/Naplam/Bangladesh-UAV-PlantDisease/Test Dataset/Mixed/TN-440.jpg,Mixed,TN-440.jpg,2
880af303da3e6889c7c88700e721a8fe,/home/sparsh/Naplam/Bangladesh-UAV-PlantDisease/Training Dataset/Mixed/TN-614.jpg,Mixed,TN-614.jpg,2
5826f4fa166e724d74c7c334313d7409,/home/sparsh/Naplam/Bangladesh-UAV-PlantDisease/Training Dataset/Hail damage/TN-291.jpg,Hail damage,TN-291.jpg,1
090858a9aff8e0740297aa5062df4b3a,/home/sparsh/Naplam/Bangladesh-UAV-PlantDisease/Training Dataset/Root Damage/TN-559.jpg,Root Damage,TN-559.jpg,3
e32ae0c5ce0ef02193edae72a6c08df9,/home/sparsh/Naplam/Bangladesh-UAV-PlantDisease/Training Dataset/Strong-Light Burn/TN-620.jpg,Strong-Light Burn,TN-620.jpg,4
42e28b08d318d938cf7804b3dd97f7b9,/home/sparsh/Naplam/Bangladesh-UAV-PlantDisease/Test Dataset/Hail damages/TN-1728.jpg,Hail damage,TN-1728.jpg,1
5087afc8dd3ff70a41431ce5484a189a,/home/sparsh/Naplam/Bangladesh-UAV-PlantDisease/Test Dataset/Hail damages/TN-513.jpg,Hail damage,TN-513.jpg,1
9e3a515306eb8f9f9bee98853c2645af,/home/sparsh/Naplam/Bangladesh-UAV-PlantDisease/Training Dataset/Cotton Bollworm Infestation/TN-68.jpg,Cotton Bollworm Infestation,TN-68.jpg,0
5bfaf96df6f0eb45efabfd526602718b,/home/sparsh/Naplam/Bangladesh-UAV-PlantDisease/Test Dataset/Hail damages/TN-60.jpg,Hail damage,TN-60.jpg,1
d85f3750d585d36dfc4745db34f52275,/home/sparsh/Naplam/Bangladesh-UAV-PlantDisease/Training Dataset/Root Damage/TN-714.jpg,Root Damage,TN-714.jpg,3
2ca8156d4a5be3aff562780f7323e07a,/home/sparsh/Naplam/Bangladesh-UAV-PlantDisease/Training Dataset/Mixed/TN-823.jpg,Mixed,TN-823.jpg,2
3029b4ebf2dcd2105180c929d404cf89,/home/sparsh/Naplam/Bangladesh-UAV-PlantDisease/Test Dataset/Hail damages/TN-1169.jpg,Hail damage,TN-1169.jpg,1
984b94095fb041ca98e6c4622e2d2f99,/home/sparsh/Naplam/Bangladesh-UAV-PlantDisease/Training Dataset/Mixed/TN-540.jpg,Mixed,TN-540.jpg,2
8acc8a89f39395dc01d51e992d561dc1,/home/sparsh/Naplam/Bangladesh-UAV-PlantDisease/Training Dataset/Mixed/TN-1594.jpg,Mixed,TN-1594.jpg,2
b7e013d820dc58eee809957fc129a825,/home/sparsh/Naplam/Bangladesh-UAV-PlantDisease/Test Dataset/Hail damages/TN-180.jpg,Hail damage,TN-180.jpg,1
a4826a2978d8948cb6f1c122d724fa8a,/home/sparsh/Naplam/Bangladesh-UAV-PlantDisease/Training Dataset/Root Damage/TN-296.jpg,Root Damage,TN-296.jpg,3
ff534aae61d46f972033f92372fe0ed9,/home/sparsh/Naplam/Bangladesh-UAV-PlantDisease/Test Dataset/Hail damages/TN-2120.jpg,Hail damage,TN-2120.jpg,1
13705bcfe74942eac48144e7d1783700,/home/sparsh/Naplam/Bangladesh-UAV-PlantDisease/Training Dataset/Strong-Light Burn/TN-645.jpg,Strong-Light Burn,TN-645.jpg,4
6f59849cc571bd3dd346892865e5175b,/home/sparsh/Naplam/Bangladesh-UAV-PlantDisease/Training Dataset/Cotton Bollworm Infestation/TN-396.jpg,Cotton Bollworm Infestation,TN-396.jpg,0
75a86839df1dccc65bec8c3081ecd16f,/home/sparsh/Naplam/Bangladesh-UAV-PlantDisease/Training Dataset/Mixed/TN-2039.jpg,Mixed,TN-2039.jpg,2
988cd544a23426d6ffbff8824425771b,/home/sparsh/Naplam/Bangladesh-UAV-PlantDisease/Test Dataset/Hail damages/TN-1578.jpg,Hail damage,TN-1578.jpg,1
9ee673ebb4845889cb162aa7a3934a78,/home/sparsh/Naplam/Bangladesh-UAV-PlantDisease/Training Dataset/Mixed/TN-2307.jpg,Mixed,TN-2307.jpg,2
3d9d75d5d0b3feaf2a25b242a88de286,/home/sparsh/Naplam/Bangladesh-UAV-PlantDisease/Test Dataset/Hail damages/TN-2619.jpg,Hail damage,TN-2619.jpg,1
22634420ee65754ea5b480df63164092,/home/sparsh/Naplam/Bangladesh-UAV-PlantDisease/Test Dataset/Hail damages/TN-2759.jpg,Hail damage,TN-2759.jpg,1
9490599fea56f787f318e3f920511ebb,/home/sparsh/Naplam/Bangladesh-UAV-PlantDisease/Test Dataset/Hail damages/TN-2534.jpg,Hail damage,TN-2534.jpg,1
c7645bb364b9b08011dd8f29129857e7,/home/sparsh/Naplam/Bangladesh-UAV-PlantDisease/Test Dataset/Hail damages/TN-2320.jpg,Hail damage,TN-2320.jpg,1
8422ec585ee2458c58ca8bc80dddd0be,/home/sparsh/Naplam/Bangladesh-UAV-PlantDisease/Training Dataset/Root Damage/TN-796.jpg,Root Damage,TN-796.jpg,3
69340e950ae4e96286c834a58bd2e56b,/home/sparsh/Naplam/Bangladesh-UAV-PlantDisease/Training Dataset/Hail damage/TN-618.jpg,Hail damage,TN-618.jpg,1
aff09e0d04fa92bb50ef3755a5f14ec8,/home/sparsh/Naplam/Bangladesh-UAV-PlantDisease/Training Dataset/Mixed/TN-2112.jpg,Mixed,TN-2112.jpg,2
9e775d9ff77b64de5ef7a97fb3b6713f,/home/sparsh/Naplam/Bangladesh-UAV-PlantDisease/Training Dataset/Strong-Light Burn/TN-191.jpg,Strong-Light Burn,TN-191.jpg,4
afd4ad3e321962cebace140bab76828e,/home/sparsh/Naplam/Bangladesh-UAV-PlantDisease/Training Dataset/Mixed/TN-707.jpg,Mixed,TN-707.jpg,2
bdec38d9ccff0d404889f8c5a8fb4be1,/home/sparsh/Naplam/Bangladesh-UAV-PlantDisease/Training Dataset/Hail damage/TN-338.jpg,Hail damage,TN-338.jpg,1
97130db4e0da0ce723b620ebd5ad70fc,/home/sparsh/Naplam/Bangladesh-UAV-PlantDisease/Training Dataset/Root Damage/TN-364.jpg,Root Damage,TN-364.jpg,3
379150ad911219169df811c8c6078515,/home/sparsh/Naplam/Bangladesh-UAV-PlantDisease/Training Dataset/Mixed/TN-1879.jpg,Mixed,TN-1879.jpg,2
e8fd1d2b5d876d4960d64e91021a7dc8,/home/sparsh/Naplam/Bangladesh-UAV-PlantDisease/Training Dataset/Mixed/TN-1410.jpg,Mixed,TN-1410.jpg,2
91127da1a1dbd98fd877749e0c858af8,/home/sparsh/Naplam/Bangladesh-UAV-PlantDisease/Test Dataset/Hail damages/TN-1165.jpg,Hail damage,TN-1165.jpg,1
4bbacdb1beb3e3c49ae77f002da6ebb6,/home/sparsh/Naplam/Bangladesh-UAV-PlantDisease/Test Dataset/Hail damages/TN-2207.jpg,Hail damage,TN-2207.jpg,1
b6020f925ed714e2113b8c6a17d693f6,/home/sparsh/Naplam/Bangladesh-UAV-PlantDisease/Test Dataset/Cotton Bollworm Infestation/TN-450.jpg,Cotton Bollworm Infestation,TN-450.jpg,0
877b864a19ec5d036567896db60390e2,/home/sparsh/Naplam/Bangladesh-UAV-PlantDisease/Training Dataset/Root Damage/TN-293.jpg,Root Damage,TN-293.jpg,3
4e5efabd2a75686b7f976a2326504161,/home/sparsh/Naplam/Bangladesh-UAV-PlantDisease/Training Dataset/Mixed/TN-1754.jpg,Mixed,TN-1754.jpg,2
47a942f11421a99783b307094d39dc03,/home/sparsh/Naplam/Bangladesh-UAV-PlantDisease/Test Dataset/Strong-Light Burn/TN-100.jpg,Strong-Light Burn,TN-100.jpg,4
b06ca5781686e1050a5cf1da0bf4e459,/home/sparsh/Naplam/Bangladesh-UAV-PlantDisease/Training Dataset/Mixed/TN-500.jpg,Mixed,TN-500.jpg,2
d8d298afb3cb796a034228bcfe9b3504,/home/sparsh/Naplam/Bangladesh-UAV-PlantDisease/Test Dataset/Cotton Bollworm Infestation/TN-272.jpg,Cotton Bollworm Infestation,TN-272.jpg,0
0a4c26b90d71e3826a8193d3aff516af,/home/sparsh/Naplam/Bangladesh-UAV-PlantDisease/Test Dataset/Hail damages/TN-616.jpg,Hail damage,TN-616.jpg,1
841261be3dd908d74b78dfcbf74663a5,/home/sparsh/Naplam/Bangladesh-UAV-PlantDisease/Test Dataset/Hail damages/TN-1675.jpg,Hail damage,TN-1675.jpg,1
56070abb7071af74af8ff113804e9a3b,/home/sparsh/Naplam/Bangladesh-UAV-PlantDisease/Training Dataset/Root Damage/TN-272.jpg,Root Damage,TN-272.jpg,3
357c479e0973296bf606039cf26433ae,/home/sparsh/Naplam/Bangladesh-UAV-PlantDisease/Training Dataset/Hail damage/TN-23.jpg,Hail damage,TN-23.jpg,1
7090caf0ec0c5fb7c727fb4311e7a156,/home/sparsh/Naplam/Bangladesh-UAV-PlantDisease/Test Dataset/Hail damages/TN-1406.jpg,Hail damage,TN-1406.jpg,1
919a08e4b592d82de24ca85d4b560e11,/home/sparsh/Naplam/Bangladesh-UAV-PlantDisease/Test Dataset/Hail damages/TN-2176.jpg,Hail damage,TN-2176.jpg,1
148b6940e316a1cc45c285b627c42811,/home/sparsh/Naplam/Bangladesh-UAV-PlantDisease/Test Dataset/Hail damages/TN-600.jpg,Hail damage,TN-600.jpg,1
7a30d8991603eb276860b07849ea9ab5,/home/sparsh/Naplam/Bangladesh-UAV-PlantDisease/Training Dataset/Cotton Bollworm Infestation/TN-958.jpg,Cotton Bollworm Infestation,TN-958.jpg,0
f3fe589500caabcc4081890e521def99,/home/sparsh/Naplam/Bangladesh-UAV-PlantDisease/Test Dataset/Hail damages/TN-1226.jpg,Hail damage,TN-1226.jpg,1
aa0998376a5922e01350226946b7ec5b,/home/sparsh/Naplam/Bangladesh-UAV-PlantDisease/Training Dataset/Hail damage/TN-93.jpg,Hail damage,TN-93.jpg,1
401173b140c08b65f5d3c71043642bfa,/home/sparsh/Naplam/Bangladesh-UAV-PlantDisease/Training Dataset/Mixed/TN-927.jpg,Mixed,TN-927.jpg,2
842fd1771adbffa69d6465a7cade5099,/home/sparsh/Naplam/Bangladesh-UAV-PlantDisease/Training Dataset/Mixed/TN-1013.jpg,Mixed,TN-1013.jpg,2
e1ee8a274fe29ef10df5c36ca528c42c,/home/sparsh/Naplam/Bangladesh-UAV-PlantDisease/Test Dataset/Mixed/TN-244.jpg,Mixed,TN-244.jpg,2
2e60b5bbafc041f6d7ff4ca27648c266,/home/sparsh/Naplam/Bangladesh-UAV-PlantDisease/Training Dataset/Mixed/TN-1465.jpg,Mixed,TN-1465.jpg,2
35388852352e61869e867cf8d8880107,/home/sparsh/Naplam/Bangladesh-UAV-PlantDisease/Training Dataset/Root Damage/TN-339.jpg,Root Damage,TN-339.jpg,3
6fcd604de990dc573639fb9292915bb7,/home/sparsh/Naplam/Bangladesh-UAV-PlantDisease/Test Dataset/Hail damages/TN-2140.jpg,Hail damage,TN-2140.jpg,1
d2be87c12f536b1e34995a8358ed2ff5,/home/sparsh/Naplam/Bangladesh-UAV-PlantDisease/Test Dataset/Hail damages/TN-2156.jpg,Hail damage,TN-2156.jpg,1
8bf904e165825c4e0e810eb1fdc64b83,/home/sparsh/Naplam/Bangladesh-UAV-PlantDisease/Test Dataset/Cotton Bollworm Infestation/TN-324.jpg,Cotton Bollworm Infestation,TN-324.jpg,0
20b205361474e4561e9b613a743216aa,/home/sparsh/Naplam/Bangladesh-UAV-PlantDisease/Training Dataset/Hail damage/TN-211.jpg,Hail damage,TN-211.jpg,1
d8a2e1648206135ad938bbcfd4903bd6,/home/sparsh/Naplam/Bangladesh-UAV-PlantDisease/Training Dataset/Cotton Bollworm Infestation/TN-150.jpg,Cotton Bollworm Infestation,TN-150.jpg,0
645b877f47bb7a70df8007c45597efd0,/home/sparsh/Naplam/Bangladesh-UAV-PlantDisease/Training Dataset/Hail damage/TN-182.jpg,Hail damage,TN-182.jpg,1
5475fc7a7e35c45906ecd2df2b8cb1e2,/home/sparsh/Naplam/Bangladesh-UAV-PlantDisease/Training Dataset/Mixed/TN-1687.jpg,Mixed,TN-1687.jpg,2
92f05ea1fd555550fc73e89713d9035a,/home/sparsh/Naplam/Bangladesh-UAV-PlantDisease/Training Dataset/Cotton Bollworm Infestation/TN-834.jpg,Cotton Bollworm Infestation,TN-834.jpg,0
567bd3b807c0fba14d3e3397d66366f6,/home/sparsh/Naplam/Bangladesh-UAV-PlantDisease/Training Dataset/Hail damage/TN-525.jpg,Hail damage,TN-525.jpg,1
283f2e9aef9127347691856e795f805c,/home/sparsh/Naplam/Bangladesh-UAV-PlantDisease/Test Dataset/Cotton Bollworm Infestation/TN-140.jpg,Cotton Bollworm Infestation,TN-140.jpg,0
71e99f7a34b0c929c4bb72d050c8d58c,/home/sparsh/Naplam/Bangladesh-UAV-PlantDisease/Training Dataset/Cotton Bollworm Infestation/TN-845.jpg,Cotton Bollworm Infestation,TN-845.jpg,0
a7c482a3ca0bbba047980cdfc5e2b2ed,/home/sparsh/Naplam/Bangladesh-UAV-PlantDisease/Training Dataset/Mixed/TN-1679.jpg,Mixed,TN-1679.jpg,2
83a88dfe4e2dbb51ddc9a77d88f0887d,/home/sparsh/Naplam/Bangladesh-UAV-PlantDisease/Training Dataset/Root Damage/TN-609.jpg,Root Damage,TN-609.jpg,3
46267011b5e124af52cf21d66ed6e7bd,/home/sparsh/Naplam/Bangladesh-UAV-PlantDisease/Training Dataset/Mixed/TN-2155.jpg,Mixed,TN-2155.jpg,2
07786641084930bd8d2379d76cb9c547,/home/sparsh/Naplam/Bangladesh-UAV-PlantDisease/Training Dataset/Hail damage/TN-776.jpg,Hail damage,TN-776.jpg,1
e08c0670fa5fc2cb5ca857346ebf4910,/home/sparsh/Naplam/Bangladesh-UAV-PlantDisease/Training Dataset/Cotton Bollworm Infestation/TN-392.jpg,Cotton Bollworm Infestation,TN-392.jpg,0
fda4a8eb4582d4d21aaa233c595423d2,/home/sparsh/Naplam/Bangladesh-UAV-PlantDisease/Training Dataset/Mixed/TN-1320.jpg,Mixed,TN-1320.jpg,2
f90fdd66efd086067b9a371c0687ade6,/home/sparsh/Naplam/Bangladesh-UAV-PlantDisease/Training Dataset/Cotton Bollworm Infestation/TN-915.jpg,Cotton Bollworm Infestation,TN-915.jpg,0
ada2635bb48b3fc91569c90e03111e25,/home/sparsh/Naplam/Bangladesh-UAV-PlantDisease/Training Dataset/Root Damage/TN-443.jpg,Root Damage,TN-443.jpg,3
07a4316a439179ad7b5f7925e8283772,/home/sparsh/Naplam/Bangladesh-UAV-PlantDisease/Test Dataset/Hail damages/TN-2824.jpg,Hail damage,TN-2824.jpg,1
26cf4e9c1fa6794390e836339742c4db,/home/sparsh/Naplam/Bangladesh-UAV-PlantDisease/Training Dataset/Root Damage/TN-38.jpg,Root Damage,TN-38.jpg,3
a72677b79a4cab43428fd4f1934dfe90,/home/sparsh/Naplam/Bangladesh-UAV-PlantDisease/Test Dataset/Hail damages/TN-1339.jpg,Hail damage,TN-1339.jpg,1
f757ac7a07e76308fbc0146e8cca0a5c,/home/sparsh/Naplam/Bangladesh-UAV-PlantDisease/Training Dataset/Cotton Bollworm Infestation/TN-354.jpg,Cotton Bollworm Infestation,TN-354.jpg,0
a01dcc15f4f259a52e948cc850ba463b,/home/sparsh/Naplam/Bangladesh-UAV-PlantDisease/Training Dataset/Strong-Light Burn/TN-602.jpg,Strong-Light Burn,TN-602.jpg,4
d1b60b08d203e1ca0cf32565bfbd5371,/home/sparsh/Naplam/Bangladesh-UAV-PlantDisease/Test Dataset/Hail damages/TN-2231.jpg,Hail damage,TN-2231.jpg,1
76f45507177a9795a01ebdd9075a1cbe,/home/sparsh/Naplam/Bangladesh-UAV-PlantDisease/Training Dataset/Strong-Light Burn/TN-185.jpg,Strong-Light Burn,TN-185.jpg,4
4097d73d52a99da5a6091e10e3c9e1a6,/home/sparsh/Naplam/Bangladesh-UAV-PlantDisease/Training Dataset/Mixed/TN-905.jpg,Mixed,TN-905.jpg,2
4e2642305464cc4d03fa5e96356e26a9,/home/sparsh/Naplam/Bangladesh-UAV-PlantDisease/Training Dataset/Mixed/TN-1909.jpg,Mixed,TN-1909.jpg,2
6f7f9af0d34abe2ee357fdafc80cd2be,/home/sparsh/Naplam/Bangladesh-UAV-PlantDisease/Training Dataset/Mixed/TN-1695.jpg,Mixed,TN-1695.jpg,2
32a7c31bf6ec6382c38500bd98a466dc,/home/sparsh/Naplam/Bangladesh-UAV-PlantDisease/Test Dataset/Mixed/TN-260.jpg,Mixed,TN-260.jpg,2
edcb4104cbdfa42ad6bf06642d6c8720,/home/sparsh/Naplam/Bangladesh-UAV-PlantDisease/Test Dataset/Hail damages/TN-2881.jpg,Hail damage,TN-2881.jpg,1
7d24deff718b9d6179afecd81a4f0a22,/home/sparsh/Naplam/Bangladesh-UAV-PlantDisease/Test Dataset/Hail damages/TN-2704.jpg,Hail damage,TN-2704.jpg,1
891ea666470804ff1a53c12c303f8664,/home/sparsh/Naplam/Bangladesh-UAV-PlantDisease/Training Dataset/Mixed/TN-323.jpg,Mixed,TN-323.jpg,2
881ded1c72486d6ca290892a06498bc5,/home/sparsh/Naplam/Bangladesh-UAV-PlantDisease/Training Dataset/Mixed/TN-513.jpg,Mixed,TN-513.jpg,2
5fcbd3d21d2c6b8b53855630c100daf9,/home/sparsh/Naplam/Bangladesh-UAV-PlantDisease/Training Dataset/Mixed/TN-27.jpg,Mixed,TN-27.jpg,2
f39902b0d407a8eff16697a88db29d01,/home/sparsh/Naplam/Bangladesh-UAV-PlantDisease/Training Dataset/Mixed/TN-1000.jpg,Mixed,TN-1000.jpg,2
2ea3aa050d22e37fef9643c060739b7c,/home/sparsh/Naplam/Bangladesh-UAV-PlantDisease/Training Dataset/Strong-Light Burn/TN-597.jpg,Strong-Light Burn,TN-597.jpg,4
07cd95de279a2924ff3ef33d78c265ea,/home/sparsh/Naplam/Bangladesh-UAV-PlantDisease/Training Dataset/Cotton Bollworm Infestation/TN-500.jpg,Cotton Bollworm Infestation,TN-500.jpg,0
09c1b4a6f6c73713bda2c6c332448e6f,/home/sparsh/Naplam/Bangladesh-UAV-PlantDisease/Training Dataset/Strong-Light Burn/TN-503.jpg,Strong-Light Burn,TN-503.jpg,4
2529bbb3bcdfbd5458fdb1dc26a34f93,/home/sparsh/Naplam/Bangladesh-UAV-PlantDisease/Training Dataset/Mixed/TN-2157.jpg,Mixed,TN-2157.jpg,2
b4a9f5435291d4c7f12b3f1561e71d62,/home/sparsh/Naplam/Bangladesh-UAV-PlantDisease/Training Dataset/Mixed/TN-1853.jpg,Mixed,TN-1853.jpg,2
57a2441f72f1511dba1399f24544e9c8,/home/sparsh/Naplam/Bangladesh-UAV-PlantDisease/Training Dataset/Mixed/TN-2337.jpg,Mixed,TN-2337.jpg,2
d6cbcd7027b0f4ced909b4ba7eeffb60,/home/sparsh/Naplam/Bangladesh-UAV-PlantDisease/Training Dataset/Hail damage/TN-60.jpg,Hail damage,TN-60.jpg,1
afcb5a8fb81d34883db11760a402a296,/home/sparsh/Naplam/Bangladesh-UAV-PlantDisease/Training Dataset/Mixed/TN-2140.jpg,Mixed,TN-2140.jpg,2
f44c640b3de74ccdc6a76ef2cbb23889,/home/sparsh/Naplam/Bangladesh-UAV-PlantDisease/Training Dataset/Hail damage/TN-717.jpg,Hail damage,TN-717.jpg,1
abf7e41ba3e7b09413bd560445e37bf9,/home/sparsh/Naplam/Bangladesh-UAV-PlantDisease/Training Dataset/Cotton Bollworm Infestation/TN-652.jpg,Cotton Bollworm Infestation,TN-652.jpg,0
452739ab6426cc5bce649c69c64a057e,/home/sparsh/Naplam/Bangladesh-UAV-PlantDisease/Test Dataset/Hail damages/TN-1159.jpg,Hail damage,TN-1159.jpg,1
924adac55a4d1b2aa3bd5b53060af82c,/home/sparsh/Naplam/Bangladesh-UAV-PlantDisease/Training Dataset/Hail damage/TN-721.jpg,Hail damage,TN-721.jpg,1
6d652b39015bafbe54d736cb420ce29c,/home/sparsh/Naplam/Bangladesh-UAV-PlantDisease/Training Dataset/Strong-Light Burn/TN-21.jpg,Strong-Light Burn,TN-21.jpg,4
2958275381ebdf726cfd089b9c0a72d1,/home/sparsh/Naplam/Bangladesh-UAV-PlantDisease/Training Dataset/Hail damage/TN-10.jpg,Hail damage,TN-10.jpg,1
98a65afae43d091bc7f56df8063402c8,/home/sparsh/Naplam/Bangladesh-UAV-PlantDisease/Test Dataset/Hail damages/TN-1810.jpg,Hail damage,TN-1810.jpg,1
53e12ec0014e864359054368f7e81529,/home/sparsh/Naplam/Bangladesh-UAV-PlantDisease/Training Dataset/Cotton Bollworm Infestation/TN-122.jpg,Cotton Bollworm Infestation,TN-122.jpg,0
b64a71b061056b5926ca94d49831ff38,/home/sparsh/Naplam/Bangladesh-UAV-PlantDisease/Test Dataset/Cotton Bollworm Infestation/TN-250.jpg,Cotton Bollworm Infestation,TN-250.jpg,0
702b2a8141f25bd25b5b1d03b9c95485,/home/sparsh/Naplam/Bangladesh-UAV-PlantDisease/Training Dataset/Mixed/TN-2366.jpg,Mixed,TN-2366.jpg,2
26eec593599cf3dfc3e2daf652f0ea0b,/home/sparsh/Naplam/Bangladesh-UAV-PlantDisease/Training Dataset/Root Damage/TN-88.jpg,Root Damage,TN-88.jpg,3
f1f28e24f8308c464762de69f940976c,/home/sparsh/Naplam/Bangladesh-UAV-PlantDisease/Test Dataset/Hail damages/TN-2036.jpg,Hail damage,TN-2036.jpg,1
5d0016566d30632566a21b5c5cd912e6,/home/sparsh/Naplam/Bangladesh-UAV-PlantDisease/Test Dataset/Hail damages/TN-847.jpg,Hail damage,TN-847.jpg,1
bec4bc60568b05917a4f5749b454aaa1,/home/sparsh/Naplam/Bangladesh-UAV-PlantDisease/Training Dataset/Mixed/TN-2300.jpg,Mixed,TN-2300.jpg,2
e90cf31c51ce42e336f338a8985be0cc,/home/sparsh/Naplam/Bangladesh-UAV-PlantDisease/Training Dataset/Hail damage/TN-713.jpg,Hail damage,TN-713.jpg,1
650d06c7d695ded18963d132212ab527,/home/sparsh/Naplam/Bangladesh-UAV-PlantDisease/Training Dataset/Strong-Light Burn/TN-16.jpg,Strong-Light Burn,TN-16.jpg,4
eb4ad1860fde85966d7dbdf2b2a3cc30,/home/sparsh/Naplam/Bangladesh-UAV-PlantDisease/Training Dataset/Mixed/TN-2298.jpg,Mixed,TN-2298.jpg,2
2d8f75c9ba1889fb5ad30ff6cc28b17b,/home/sparsh/Naplam/Bangladesh-UAV-PlantDisease/Test Dataset/Hail damages/TN-2835.jpg,Hail damage,TN-2835.jpg,1
4295d0c7828c6f5dc85816b537b5aaf0,/home/sparsh/Naplam/Bangladesh-UAV-PlantDisease/Test Dataset/Hail damages/TN-1080.jpg,Hail damage,TN-1080.jpg,1
3c243d930e8dcad62268f13f1aee55f0,/home/sparsh/Naplam/Bangladesh-UAV-PlantDisease/Training Dataset/Cotton Bollworm Infestation/TN-265.jpg,Cotton Bollworm Infestation,TN-265.jpg,0
f5e7736437ee4ebda178d0a3f75e4915,/home/sparsh/Naplam/Bangladesh-UAV-PlantDisease/Test Dataset/Root Damage/TN-180.jpg,Root Damage,TN-180.jpg,3
cb6c558d8863df175313893b3a5e2ea5,/home/sparsh/Naplam/Bangladesh-UAV-PlantDisease/Training Dataset/Root Damage/TN-142.jpg,Root Damage,TN-142.jpg,3
0839e22b827e9e6308704d284b4b59ec,/home/sparsh/Naplam/Bangladesh-UAV-PlantDisease/Training Dataset/Cotton Bollworm Infestation/TN-493.jpg,Cotton Bollworm Infestation,TN-493.jpg,0
bea69fab4ed7fee7fedbfc839dceb7a6,/home/sparsh/Naplam/Bangladesh-UAV-PlantDisease/Training Dataset/Root Damage/TN-665.jpg,Root Damage,TN-665.jpg,3
308973ed4f97fb03e296c0501d4402df,/home/sparsh/Naplam/Bangladesh-UAV-PlantDisease/Training Dataset/Mixed/TN-1674.jpg,Mixed,TN-1674.jpg,2
1dfaea5bfd899d579f439d89e754e58b,/home/sparsh/Naplam/Bangladesh-UAV-PlantDisease/Training Dataset/Cotton Bollworm Infestation/TN-948.jpg,Cotton Bollworm Infestation,TN-948.jpg,0
39be5f55a4f5233793688c8265614147,/home/sparsh/Naplam/Bangladesh-UAV-PlantDisease/Training Dataset/Mixed/TN-220.jpg,Mixed,TN-220.jpg,2
36e860b40a356def71bd00ee2dd73362,/home/sparsh/Naplam/Bangladesh-UAV-PlantDisease/Training Dataset/Mixed/TN-2172.jpg,Mixed,TN-2172.jpg,2
5c3c2f07d856b4780641ad348397ab0e,/home/sparsh/Naplam/Bangladesh-UAV-PlantDisease/Test Dataset/Hail damages/TN-2664.jpg,Hail damage,TN-2664.jpg,1
b3ecc880e4386c85265c941427930048,/home/sparsh/Naplam/Bangladesh-UAV-PlantDisease/Training Dataset/Mixed/TN-70.jpg,Mixed,TN-70.jpg,2
d07cbd538738c278443e0facf7285078,/home/sparsh/Naplam/Bangladesh-UAV-PlantDisease/Training Dataset/Hail damage/TN-155.jpg,Hail damage,TN-155.jpg,1
0b0c5b2f408730d82ea1c9c9e0c1d717,/home/sparsh/Naplam/Bangladesh-UAV-PlantDisease/Training Dataset/Mixed/TN-1518.jpg,Mixed,TN-1518.jpg,2
39aee8e1cc5ed262264083ba21be6286,/home/sparsh/Naplam/Bangladesh-UAV-PlantDisease/Training Dataset/Mixed/TN-1704.jpg,Mixed,TN-1704.jpg,2
5d78ec6a909acaafe065d37424614158,/home/sparsh/Naplam/Bangladesh-UAV-PlantDisease/Test Dataset/Hail damages/TN-2646.jpg,Hail damage,TN-2646.jpg,1
77a1d59613273dd47b77db12149594b1,/home/sparsh/Naplam/Bangladesh-UAV-PlantDisease/Test Dataset/Hail damages/TN-935.jpg,Hail damage,TN-935.jpg,1
cab2a692d7bc8f80fd66881963b3ac13,/home/sparsh/Naplam/Bangladesh-UAV-PlantDisease/Training Dataset/Strong-Light Burn/TN-601.jpg,Strong-Light Burn,TN-601.jpg,4
2853e50ab39f999ed095fa5620980908,/home/sparsh/Naplam/Bangladesh-UAV-PlantDisease/Test Dataset/Mixed/TN-360.jpg,Mixed,TN-360.jpg,2
ee55a17ec2777772044f7aefe155c884,/home/sparsh/Naplam/Bangladesh-UAV-PlantDisease/Training Dataset/Root Damage/TN-218.jpg,Root Damage,TN-218.jpg,3
31312751c050d52340b290a4ec4b9364,/home/sparsh/Naplam/Bangladesh-UAV-PlantDisease/Training Dataset/Mixed/TN-2228.jpg,Mixed,TN-2228.jpg,2
f7d9ec07563458c5b740999b2e5a895d,/home/sparsh/Naplam/Bangladesh-UAV-PlantDisease/Training Dataset/Hail damage/TN-53.jpg,Hail damage,TN-53.jpg,1
451488455249348841df3f98870be4ef,/home/sparsh/Naplam/Bangladesh-UAV-PlantDisease/Training Dataset/Strong-Light Burn/TN-144.jpg,Strong-Light Burn,TN-144.jpg,4
2256426b3998f72479cddc4e2ae268a6,/home/sparsh/Naplam/Bangladesh-UAV-PlantDisease/Training Dataset/Root Damage/TN-249.jpg,Root Damage,TN-249.jpg,3
eac16dd49ed348d01080fe8ec7efcbc1,/home/sparsh/Naplam/Bangladesh-UAV-PlantDisease/Test Dataset/Hail damages/TN-2287.jpg,Hail damage,TN-2287.jpg,1
455a0781e4a9533a8e18b3b504c3bdcc,/home/sparsh/Naplam/Bangladesh-UAV-PlantDisease/Training Dataset/Mixed/TN-183.jpg,Mixed,TN-183.jpg,2
64d600d68804b2b92806783e861d064d,/home/sparsh/Naplam/Bangladesh-UAV-PlantDisease/Test Dataset/Hail damages/TN-878.jpg,Hail damage,TN-878.jpg,1
7cd6823305adce3f6bcb1802fb0f2d64,/home/sparsh/Naplam/Bangladesh-UAV-PlantDisease/Test Dataset/Hail damages/TN-1267.jpg,Hail damage,TN-1267.jpg,1
88af607f28b13b4f43ae59f905124a35,/home/sparsh/Naplam/Bangladesh-UAV-PlantDisease/Training Dataset/Root Damage/TN-81.jpg,Root Damage,TN-81.jpg,3
b9240d625615bd804a1d016558c87734,/home/sparsh/Naplam/Bangladesh-UAV-PlantDisease/Test Dataset/Hail damages/TN-2818.jpg,Hail damage,TN-2818.jpg,1
ee25e7a56bdd9b5e3da06f97d40bf77f,/home/sparsh/Naplam/Bangladesh-UAV-PlantDisease/Training Dataset/Hail damage/TN-348.jpg,Hail damage,TN-348.jpg,1
102a20e72c771b4e81a1f9381363f9b9,/home/sparsh/Naplam/Bangladesh-UAV-PlantDisease/Training Dataset/Strong-Light Burn/TN-50.jpg,Strong-Light Burn,TN-50.jpg,4
3ad1cdd28b63e9b3e4be9422923b013d,/home/sparsh/Naplam/Bangladesh-UAV-PlantDisease/Training Dataset/Strong-Light Burn/TN-188.jpg,Strong-Light Burn,TN-188.jpg,4
a2b468853cd0e6278811f067a50c853b,/home/sparsh/Naplam/Bangladesh-UAV-PlantDisease/Test Dataset/Mixed/TN-240.jpg,Mixed,TN-240.jpg,2
b816f6f292e2cb23a7e31eecfd70e102,/home/sparsh/Naplam/Bangladesh-UAV-PlantDisease/Training Dataset/Strong-Light Burn/TN-39.jpg,Strong-Light Burn,TN-39.jpg,4
b7fa96b44b92136fd6eae65ba73740fe,/home/sparsh/Naplam/Bangladesh-UAV-PlantDisease/Training Dataset/Hail damage/TN-695.jpg,Hail damage,TN-695.jpg,1
72fb7ac6049371a4b5287533ae595303,/home/sparsh/Naplam/Bangladesh-UAV-PlantDisease/Test Dataset/Hail damages/TN-1908.jpg,Hail damage,TN-1908.jpg,1
b6f3d6f16ba96eabb7566f84648a0258,/home/sparsh/Naplam/Bangladesh-UAV-PlantDisease/Training Dataset/Mixed/TN-1262.jpg,Mixed,TN-1262.jpg,2
78cb6ba08e4659abb53e9de89ccb7a17,/home/sparsh/Naplam/Bangladesh-UAV-PlantDisease/Training Dataset/Cotton Bollworm Infestation/TN-422.jpg,Cotton Bollworm Infestation,TN-422.jpg,0
c706c0173056eb7380c9d0a10a160207,/home/sparsh/Naplam/Bangladesh-UAV-PlantDisease/Test Dataset/Hail damages/TN-869.jpg,Hail damage,TN-869.jpg,1
d1b987a742b547e0153787e8b2b672be,/home/sparsh/Naplam/Bangladesh-UAV-PlantDisease/Training Dataset/Cotton Bollworm Infestation/TN-243.jpg,Cotton Bollworm Infestation,TN-243.jpg,0
d6d4de0bcb31c66e291957f490158c8a,/home/sparsh/Naplam/Bangladesh-UAV-PlantDisease/Training Dataset/Mixed/TN-1477.jpg,Mixed,TN-1477.jpg,2
487d7a5067ed5331d67b6f567effb5c4,/home/sparsh/Naplam/Bangladesh-UAV-PlantDisease/Training Dataset/Cotton Bollworm Infestation/TN-800.jpg,Cotton Bollworm Infestation,TN-800.jpg,0
4fb4569651d4113c0654b14d198b6829,/home/sparsh/Naplam/Bangladesh-UAV-PlantDisease/Training Dataset/Root Damage/TN-512.jpg,Root Damage,TN-512.jpg,3
99f685e9ff2768817deb2d0a914d5e06,/home/sparsh/Naplam/Bangladesh-UAV-PlantDisease/Training Dataset/Cotton Bollworm Infestation/TN-28.jpg,Cotton Bollworm Infestation,TN-28.jpg,0
9955e966a86ccb0e33c94b6767e3d77f,/home/sparsh/Naplam/Bangladesh-UAV-PlantDisease/Training Dataset/Root Damage/TN-127.jpg,Root Damage,TN-127.jpg,3
74313411593007e98d1a4ccced4111a4,/home/sparsh/Naplam/Bangladesh-UAV-PlantDisease/Training Dataset/Root Damage/TN-270.jpg,Root Damage,TN-270.jpg,3
0188dfc530bab7eaaa87db7b9d6182de,/home/sparsh/Naplam/Bangladesh-UAV-PlantDisease/Training Dataset/Cotton Bollworm Infestation/TN-236.jpg,Cotton Bollworm Infestation,TN-236.jpg,0
5c1861f15902d8958a82df6281f529e2,/home/sparsh/Naplam/Bangladesh-UAV-PlantDisease/Training Dataset/Hail damage/TN-161.jpg,Hail damage,TN-161.jpg,1
1c2b968923492dc2484acd2bb5590b2a,/home/sparsh/Naplam/Bangladesh-UAV-PlantDisease/Training Dataset/Cotton Bollworm Infestation/TN-933.jpg,Cotton Bollworm Infestation,TN-933.jpg,0
ae3d6b45a6d19c549716f607b87b86ad,/home/sparsh/Naplam/Bangladesh-UAV-PlantDisease/Test Dataset/Hail damages/TN-2936.jpg,Hail damage,TN-2936.jpg,1
8888f421c65a4f717b42c3cb494ab364,/home/sparsh/Naplam/Bangladesh-UAV-PlantDisease/Training Dataset/Hail damage/TN-29.jpg,Hail damage,TN-29.jpg,1
b6261a5b1f3fb05b8c0e8a43edc0d43e,/home/sparsh/Naplam/Bangladesh-UAV-PlantDisease/Training Dataset/Mixed/TN-606.jpg,Mixed,TN-606.jpg,2
af4ebc605f02b408e00bd5a70c19392d,/home/sparsh/Naplam/Bangladesh-UAV-PlantDisease/Training Dataset/Mixed/TN-2316.jpg,Mixed,TN-2316.jpg,2
4240faea49870847b1e17fbe85ef083f,/home/sparsh/Naplam/Bangladesh-UAV-PlantDisease/Training Dataset/Mixed/TN-1747.jpg,Mixed,TN-1747.jpg,2
c22dffabc8cbf5a63d36891036ff057c,/home/sparsh/Naplam/Bangladesh-UAV-PlantDisease/Training Dataset/Mixed/TN-597.jpg,Mixed,TN-597.jpg,2
5ab1e5c40a62bed55b21adec41c56aa1,/home/sparsh/Naplam/Bangladesh-UAV-PlantDisease/Training Dataset/Mixed/TN-2345.jpg,Mixed,TN-2345.jpg,2
2a3eda9ba4c165f21d175bd9956ce926,/home/sparsh/Naplam/Bangladesh-UAV-PlantDisease/Training Dataset/Mixed/TN-1199.jpg,Mixed,TN-1199.jpg,2
0b34fbdce2fb48f9d4b9556dcbeaef29,/home/sparsh/Naplam/Bangladesh-UAV-PlantDisease/Test Dataset/Root Damage/TN-301.jpg,Root Damage,TN-301.jpg,3
c342f8662c3f3b58a3323486dfe6876f,/home/sparsh/Naplam/Bangladesh-UAV-PlantDisease/Training Dataset/Hail damage/TN-732.jpg,Hail damage,TN-732.jpg,1
41a6be50220e38edebd87fc20e8bd04d,/home/sparsh/Naplam/Bangladesh-UAV-PlantDisease/Training Dataset/Cotton Bollworm Infestation/TN-920.jpg,Cotton Bollworm Infestation,TN-920.jpg,0
07af14beeb02018d76b146965997aac5,/home/sparsh/Naplam/Bangladesh-UAV-PlantDisease/Training Dataset/Mixed/TN-1056.jpg,Mixed,TN-1056.jpg,2
1b368b073ac72eaf65ab654d80eda906,/home/sparsh/Naplam/Bangladesh-UAV-PlantDisease/Test Dataset/Hail damages/TN-1435.jpg,Hail damage,TN-1435.jpg,1
002813728da88ed70a1c0645cca954e7,/home/sparsh/Naplam/Bangladesh-UAV-PlantDisease/Training Dataset/Mixed/TN-2058.jpg,Mixed,TN-2058.jpg,2
618a600d9519ba688bc1a46a8a37a12f,/home/sparsh/Naplam/Bangladesh-UAV-PlantDisease/Training Dataset/Strong-Light Burn/TN-60.jpg,Strong-Light Burn,TN-60.jpg,4
b74f8b5197d4a479f9348a52cc3242ec,/home/sparsh/Naplam/Bangladesh-UAV-PlantDisease/Training Dataset/Strong-Light Burn/TN-174.jpg,Strong-Light Burn,TN-174.jpg,4
07f4975243e4e61f4bf4318b8a406ee2,/home/sparsh/Naplam/Bangladesh-UAV-PlantDisease/Training Dataset/Hail damage/TN-823.jpg,Hail damage,TN-823.jpg,1
3d5a6717261b5e3cf87c8e81fec1345f,/home/sparsh/Naplam/Bangladesh-UAV-PlantDisease/Training Dataset/Root Damage/TN-645.jpg,Root Damage,TN-645.jpg,3
77c26d9506de003e15166313719857dc,/home/sparsh/Naplam/Bangladesh-UAV-PlantDisease/Training Dataset/Mixed/TN-441.jpg,Mixed,TN-441.jpg,2
e362663d0c202c5dc8ee68de57ca2eb2,/home/sparsh/Naplam/Bangladesh-UAV-PlantDisease/Test Dataset/Hail damages/TN-1393.jpg,Hail damage,TN-1393.jpg,1
e88d3d028710dc48f797b3e12230d569,/home/sparsh/Naplam/Bangladesh-UAV-PlantDisease/Training Dataset/Mixed/TN-596.jpg,Mixed,TN-596.jpg,2
b4b6a19543c62c6e9e919b6e2375b3e4,/home/sparsh/Naplam/Bangladesh-UAV-PlantDisease/Training Dataset/Root Damage/TN-433.jpg,Root Damage,TN-433.jpg,3
3b02e9e912a258987ca0891fdbc55135,/home/sparsh/Naplam/Bangladesh-UAV-PlantDisease/Test Dataset/Root Damage/TN-220.jpg,Root Damage,TN-220.jpg,3
656296433e7c23ed46388734c6588b66,/home/sparsh/Naplam/Bangladesh-UAV-PlantDisease/Test Dataset/Root Damage/TN-123.jpg,Root Damage,TN-123.jpg,3
d8fdce5e09a34f994eede8907770e5d0,/home/sparsh/Naplam/Bangladesh-UAV-PlantDisease/Test Dataset/Hail damages/TN-735.jpg,Hail damage,TN-735.jpg,1
1658a7a9da50c8ac7de432ea2f71fa3c,/home/sparsh/Naplam/Bangladesh-UAV-PlantDisease/Training Dataset/Cotton Bollworm Infestation/TN-760.jpg,Cotton Bollworm Infestation,TN-760.jpg,0
bd2ce57f819143e7b15e9f60d075de9f,/home/sparsh/Naplam/Bangladesh-UAV-PlantDisease/Training Dataset/Cotton Bollworm Infestation/TN-340.jpg,Cotton Bollworm Infestation,TN-340.jpg,0
1ad2c8e242ccf8ee4891c2b2a91a2f3f,/home/sparsh/Naplam/Bangladesh-UAV-PlantDisease/Training Dataset/Strong-Light Burn/TN-215.jpg,Strong-Light Burn,TN-215.jpg,4
4222f9c009808b46014e54d649f75ee1,/home/sparsh/Naplam/Bangladesh-UAV-PlantDisease/Training Dataset/Mixed/TN-290.jpg,Mixed,TN-290.jpg,2
e070a5764a114573402d79dfc9e722c6,/home/sparsh/Naplam/Bangladesh-UAV-PlantDisease/Training Dataset/Cotton Bollworm Infestation/TN-17.jpg,Cotton Bollworm Infestation,TN-17.jpg,0
3207e8052294385bffcb9409d3eaa34f,/home/sparsh/Naplam/Bangladesh-UAV-PlantDisease/Training Dataset/Mixed/TN-387.jpg,Mixed,TN-387.jpg,2
9455dca4a6950c023f586ab56c9b95da,/home/sparsh/Naplam/Bangladesh-UAV-PlantDisease/Training Dataset/Mixed/TN-439.jpg,Mixed,TN-439.jpg,2
ed250946a3bacb26d42ce3351e699375,/home/sparsh/Naplam/Bangladesh-UAV-PlantDisease/Training Dataset/Mixed/TN-482.jpg,Mixed,TN-482.jpg,2
0f10cfb733654537e2d32e75b4ee9396,/home/sparsh/Naplam/Bangladesh-UAV-PlantDisease/Training Dataset/Mixed/TN-926.jpg,Mixed,TN-926.jpg,2
4c9a1efb177a264a9347bca91b2f142b,/home/sparsh/Naplam/Bangladesh-UAV-PlantDisease/Training Dataset/Mixed/TN-883.jpg,Mixed,TN-883.jpg,2
b4d77f4e7a7581d62f5c83ff557a12e4,/home/sparsh/Naplam/Bangladesh-UAV-PlantDisease/Test Dataset/Hail damages/TN-1249.jpg,Hail damage,TN-1249.jpg,1
055abb0271a96580cd2893a60d9b4515,/home/sparsh/Naplam/Bangladesh-UAV-PlantDisease/Test Dataset/Hail damages/TN-2603.jpg,Hail damage,TN-2603.jpg,1
cac3daefc38746697cc114385bc79a56,/home/sparsh/Naplam/Bangladesh-UAV-PlantDisease/Training Dataset/Mixed/TN-1424.jpg,Mixed,TN-1424.jpg,2
2edba0f68b72309ba79f0fdc2b4e7dac,/home/sparsh/Naplam/Bangladesh-UAV-PlantDisease/Training Dataset/Mixed/TN-1310.jpg,Mixed,TN-1310.jpg,2
d22f021ba3bcd73a7cdea6494f969e72,/home/sparsh/Naplam/Bangladesh-UAV-PlantDisease/Training Dataset/Strong-Light Burn/TN-255.jpg,Strong-Light Burn,TN-255.jpg,4
916b55a8ced5bef4612bdfc22969a7c4,/home/sparsh/Naplam/Bangladesh-UAV-PlantDisease/Training Dataset/Strong-Light Burn/TN-316.jpg,Strong-Light Burn,TN-316.jpg,4
8ac9791d08f76af3315b1af3f10c5d70,/home/sparsh/Naplam/Bangladesh-UAV-PlantDisease/Test Dataset/Hail damages/TN-2300.jpg,Hail damage,TN-2300.jpg,1
92687e2337b523b330e55218f4167edf,/home/sparsh/Naplam/Bangladesh-UAV-PlantDisease/Training Dataset/Mixed/TN-1762.jpg,Mixed,TN-1762.jpg,2
835ae458fdbb63110e72589b9b1f011b,/home/sparsh/Naplam/Bangladesh-UAV-PlantDisease/Test Dataset/Hail damages/TN-2336.jpg,Hail damage,TN-2336.jpg,1
c83b87899e05f2a2b2d31cca762ab23d,/home/sparsh/Naplam/Bangladesh-UAV-PlantDisease/Training Dataset/Strong-Light Burn/TN-650.jpg,Strong-Light Burn,TN-650.jpg,4
7af933553339a5b07a4bfddd03050673,/home/sparsh/Naplam/Bangladesh-UAV-PlantDisease/Training Dataset/Mixed/TN-1418.jpg,Mixed,TN-1418.jpg,2
b654c07fa2ebae38983d6ec5677ade21,/home/sparsh/Naplam/Bangladesh-UAV-PlantDisease/Test Dataset/Cotton Bollworm Infestation/TN-130.jpg,Cotton Bollworm Infestation,TN-130.jpg,0
cecb87a4d2a7dac36c3b4ee490c5bf0a,/home/sparsh/Naplam/Bangladesh-UAV-PlantDisease/Training Dataset/Hail damage/TN-160.jpg,Hail damage,TN-160.jpg,1
17eb0a24948062f7dfd84e373422f0df,/home/sparsh/Naplam/Bangladesh-UAV-PlantDisease/Test Dataset/Hail damages/TN-2269.jpg,Hail damage,TN-2269.jpg,1
e3ec376579df8ae37985714e5df5bcb5,/home/sparsh/Naplam/Bangladesh-UAV-PlantDisease/Test Dataset/Hail damages/TN-775.jpg,Hail damage,TN-775.jpg,1
fa94c4bfc10548d5d6781ebcf54fcbdd,/home/sparsh/Naplam/Bangladesh-UAV-PlantDisease/Training Dataset/Cotton Bollworm Infestation/TN-384.jpg,Cotton Bollworm Infestation,TN-384.jpg,0
d53392f573cd7650740c7df7eadfe900,/home/sparsh/Naplam/Bangladesh-UAV-PlantDisease/Test Dataset/Hail damages/TN-660.jpg,Hail damage,TN-660.jpg,1
fa8b9bb936b6a3d7f7c33d012f849fc5,/home/sparsh/Naplam/Bangladesh-UAV-PlantDisease/Training Dataset/Mixed/TN-1367.jpg,Mixed,TN-1367.jpg,2
0bd817cab396aa82ef1e819854818d84,/home/sparsh/Naplam/Bangladesh-UAV-PlantDisease/Training Dataset/Cotton Bollworm Infestation/TN-39.jpg,Cotton Bollworm Infestation,TN-39.jpg,0
9e0fc4d6eb37acbc2ff1a8a8de4c7b47,/home/sparsh/Naplam/Bangladesh-UAV-PlantDisease/Training Dataset/Cotton Bollworm Infestation/TN-601.jpg,Cotton Bollworm Infestation,TN-601.jpg,0
c3ffd2b0c42b846af5c75c17bc843039,/home/sparsh/Naplam/Bangladesh-UAV-PlantDisease/Training Dataset/Mixed/TN-984.jpg,Mixed,TN-984.jpg,2
9b664908ffc798a1031220b66d442a7e,/home/sparsh/Naplam/Bangladesh-UAV-PlantDisease/Training Dataset/Root Damage/TN-264.jpg,Root Damage,TN-264.jpg,3
a1f85883521f9dc1a86e08135d6d8e6d,/home/sparsh/Naplam/Bangladesh-UAV-PlantDisease/Training Dataset/Cotton Bollworm Infestation/TN-564.jpg,Cotton Bollworm Infestation,TN-564.jpg,0
c64083eaaa4c8c0390edb538b923825e,/home/sparsh/Naplam/Bangladesh-UAV-PlantDisease/Training Dataset/Mixed/TN-1165.jpg,Mixed,TN-1165.jpg,2
4bf5c936b1f7257d1090d004ad989a8f,/home/sparsh/Naplam/Bangladesh-UAV-PlantDisease/Training Dataset/Strong-Light Burn/TN-603.jpg,Strong-Light Burn,TN-603.jpg,4
a58765561b17466d5d7f371252e9fb04,/home/sparsh/Naplam/Bangladesh-UAV-PlantDisease/Test Dataset/Hail damages/TN-1758.jpg,Hail damage,TN-1758.jpg,1
641824174101e2eb79126a33a8295a18,/home/sparsh/Naplam/Bangladesh-UAV-PlantDisease/Training Dataset/Mixed/TN-2164.jpg,Mixed,TN-2164.jpg,2
47e11cdc6b42e059aca52934852fc101,/home/sparsh/Naplam/Bangladesh-UAV-PlantDisease/Training Dataset/Mixed/TN-1242.jpg,Mixed,TN-1242.jpg,2
3fabd38f8f7a7c96b3d9c324cc2114a9,/home/sparsh/Naplam/Bangladesh-UAV-PlantDisease/Test Dataset/Hail damages/TN-2166.jpg,Hail damage,TN-2166.jpg,1
b9588335749c6ddc87591e9a748811af,/home/sparsh/Naplam/Bangladesh-UAV-PlantDisease/Test Dataset/Hail damages/TN-200.jpg,Hail damage,TN-200.jpg,1
1842e07954df72544fb479e058314d0e,/home/sparsh/Naplam/Bangladesh-UAV-PlantDisease/Training Dataset/Hail damage/TN-699.jpg,Hail damage,TN-699.jpg,1
7f917e30246e4c3c61f6337ef48d7a66,/home/sparsh/Naplam/Bangladesh-UAV-PlantDisease/Test Dataset/Hail damages/TN-2366.jpg,Hail damage,TN-2366.jpg,1
dfe13867a8f0fff7d61665d925a7659e,/home/sparsh/Naplam/Bangladesh-UAV-PlantDisease/Test Dataset/Hail damages/TN-1548.jpg,Hail damage,TN-1548.jpg,1
8255641bc7bb9e7cbbb85da173e1797a,/home/sparsh/Naplam/Bangladesh-UAV-PlantDisease/Training Dataset/Mixed/TN-725.jpg,Mixed,TN-725.jpg,2
f7939668d0ff3a55b9fa6396c2953661,/home/sparsh/Naplam/Bangladesh-UAV-PlantDisease/Training Dataset/Mixed/TN-1581.jpg,Mixed,TN-1581.jpg,2
de032adbf95b40946c54347248f164a4,/home/sparsh/Naplam/Bangladesh-UAV-PlantDisease/Test Dataset/Hail damages/TN-1840.jpg,Hail damage,TN-1840.jpg,1
ac3d77ad714ed20432558332a9e14372,/home/sparsh/Naplam/Bangladesh-UAV-PlantDisease/Training Dataset/Hail damage/TN-570.jpg,Hail damage,TN-570.jpg,1
1f244ec7bb1b3774679c30fe230e34ed,/home/sparsh/Naplam/Bangladesh-UAV-PlantDisease/Test Dataset/Hail damages/TN-1367.jpg,Hail damage,TN-1367.jpg,1
80c03373daf32cd0643455982d3e726b,/home/sparsh/Naplam/Bangladesh-UAV-PlantDisease/Training Dataset/Mixed/TN-238.jpg,Mixed,TN-238.jpg,2
a088cf38167ff1f8daf3cfc8b05ae0c9,/home/sparsh/Naplam/Bangladesh-UAV-PlantDisease/Test Dataset/Root Damage/TN-71.jpg,Root Damage,TN-71.jpg,3
b19fea02c27f0388d9e4912ea54d11f0,/home/sparsh/Naplam/Bangladesh-UAV-PlantDisease/Test Dataset/Hail damages/TN-1888.jpg,Hail damage,TN-1888.jpg,1
403068b7033f0e0b66a5d31eea42ad67,/home/sparsh/Naplam/Bangladesh-UAV-PlantDisease/Training Dataset/Cotton Bollworm Infestation/TN-289.jpg,Cotton Bollworm Infestation,TN-289.jpg,0
59dc17bf25c62df54bc88740ae516717,/home/sparsh/Naplam/Bangladesh-UAV-PlantDisease/Training Dataset/Root Damage/TN-156.jpg,Root Damage,TN-156.jpg,3
e6235e07ddc1052360c244f21842735d,/home/sparsh/Naplam/Bangladesh-UAV-PlantDisease/Training Dataset/Strong-Light Burn/TN-671.jpg,Strong-Light Burn,TN-671.jpg,4
7be375241dab1d9637e3e4337a2c65f4,/home/sparsh/Naplam/Bangladesh-UAV-PlantDisease/Training Dataset/Root Damage/TN-566.jpg,Root Damage,TN-566.jpg,3
da8e174861fef28b8cc5216e45d39a5c,/home/sparsh/Naplam/Bangladesh-UAV-PlantDisease/Training Dataset/Mixed/TN-1400.jpg,Mixed,TN-1400.jpg,2
174bb3e94af3f14f1dc90f6ce03e5c3e,/home/sparsh/Naplam/Bangladesh-UAV-PlantDisease/Training Dataset/Hail damage/TN-254.jpg,Hail damage,TN-254.jpg,1
b39d366e6e0c2166d034a22c5217e92f,/home/sparsh/Naplam/Bangladesh-UAV-PlantDisease/Training Dataset/Mixed/TN-659.jpg,Mixed,TN-659.jpg,2
48a7fa204b2baa024fec382bd5c38621,/home/sparsh/Naplam/Bangladesh-UAV-PlantDisease/Training Dataset/Mixed/TN-1807.jpg,Mixed,TN-1807.jpg,2
f381b4e71cba6dd27f57c1f968980567,/home/sparsh/Naplam/Bangladesh-UAV-PlantDisease/Test Dataset/Hail damages/TN-629.jpg,Hail damage,TN-629.jpg,1
f66445d47aff20131a4e7318ec3927da,/home/sparsh/Naplam/Bangladesh-UAV-PlantDisease/Training Dataset/Hail damage/TN-436.jpg,Hail damage,TN-436.jpg,1
a28d9cca4e489a3eea17a4b3ac5c740e,/home/sparsh/Naplam/Bangladesh-UAV-PlantDisease/Training Dataset/Mixed/TN-2330.jpg,Mixed,TN-2330.jpg,2
9cd9865755b5c97acb317f5fe6dfed49,/home/sparsh/Naplam/Bangladesh-UAV-PlantDisease/Test Dataset/Hail damages/TN-2648.jpg,Hail damage,TN-2648.jpg,1
e0fd367bd936b30970849f6576f62150,/home/sparsh/Naplam/Bangladesh-UAV-PlantDisease/Test Dataset/Hail damages/TN-2443.jpg,Hail damage,TN-2443.jpg,1
ea36dcd8b501d3c8bd8094f59fce63af,/home/sparsh/Naplam/Bangladesh-UAV-PlantDisease/Training Dataset/Strong-Light Burn/TN-10.jpg,Strong-Light Burn,TN-10.jpg,4
195336a91c56ceac3f973cf6c3b4436b,/home/sparsh/Naplam/Bangladesh-UAV-PlantDisease/Test Dataset/Hail damages/TN-2347.jpg,Hail damage,TN-2347.jpg,1
47a6e49cd323c26dda76919120860a04,/home/sparsh/Naplam/Bangladesh-UAV-PlantDisease/Training Dataset/Cotton Bollworm Infestation/TN-175.jpg,Cotton Bollworm Infestation,TN-175.jpg,0
ac0966b7fde9954ae0ab0c9115add631,/home/sparsh/Naplam/Bangladesh-UAV-PlantDisease/Training Dataset/Cotton Bollworm Infestation/TN-441.jpg,Cotton Bollworm Infestation,TN-441.jpg,0
cc020a538bd55de9e06dc339d1ffe55b,/home/sparsh/Naplam/Bangladesh-UAV-PlantDisease/Test Dataset/Strong-Light Burn/TN-150.jpg,Strong-Light Burn,TN-150.jpg,4
4072072a1771b54161581be1ccd089c3,/home/sparsh/Naplam/Bangladesh-UAV-PlantDisease/Test Dataset/Root Damage/TN-142.jpg,Root Damage,TN-142.jpg,3
7b3665d58d9203358b9e0e093e18e99b,/home/sparsh/Naplam/Bangladesh-UAV-PlantDisease/Test Dataset/Hail damages/TN-334.jpg,Hail damage,TN-334.jpg,1
a64a100c7c35a41c544e72b438c788d8,/home/sparsh/Naplam/Bangladesh-UAV-PlantDisease/Test Dataset/Hail damages/TN-626.jpg,Hail damage,TN-626.jpg,1
26dd299c6b7e3193d8240319751472e5,/home/sparsh/Naplam/Bangladesh-UAV-PlantDisease/Test Dataset/Hail damages/TN-1143.jpg,Hail damage,TN-1143.jpg,1
9729498affad5079eacba51b21367ae0,/home/sparsh/Naplam/Bangladesh-UAV-PlantDisease/Training Dataset/Hail damage/TN-417.jpg,Hail damage,TN-417.jpg,1
681842646e966541d721db298596d628,/home/sparsh/Naplam/Bangladesh-UAV-PlantDisease/Training Dataset/Root Damage/TN-4.jpg,Root Damage,TN-4.jpg,3
eb06d3b2f9dd2e86c24f286b309ca05b,/home/sparsh/Naplam/Bangladesh-UAV-PlantDisease/Training Dataset/Hail damage/TN-711.jpg,Hail damage,TN-711.jpg,1
0b6ec1bcb9bac30ad8c97e4e435e95d9,/home/sparsh/Naplam/Bangladesh-UAV-PlantDisease/Training Dataset/Hail damage/TN-553.jpg,Hail damage,TN-553.jpg,1
1eee44af047f71dc3844171edf260f9f,/home/sparsh/Naplam/Bangladesh-UAV-PlantDisease/Training Dataset/Hail damage/TN-530.jpg,Hail damage,TN-530.jpg,1
d83265a142c2d6bd19eff665877036ed,/home/sparsh/Naplam/Bangladesh-UAV-PlantDisease/Training Dataset/Strong-Light Burn/TN-606.jpg,Strong-Light Burn,TN-606.jpg,4
8023e96b6b7fab06d62082053244054a,/home/sparsh/Naplam/Bangladesh-UAV-PlantDisease/Test Dataset/Root Damage/TN-380.jpg,Root Damage,TN-380.jpg,3
363ff5ea037830cc267734de024c046e,/home/sparsh/Naplam/Bangladesh-UAV-PlantDisease/Training Dataset/Cotton Bollworm Infestation/TN-75.jpg,Cotton Bollworm Infestation,TN-75.jpg,0
e6aa9cc079f2103f28317722492af137,/home/sparsh/Naplam/Bangladesh-UAV-PlantDisease/Test Dataset/Hail damages/TN-436.jpg,Hail damage,TN-436.jpg,1
0f646654fd7bf82bd69dfa0b1680229c,/home/sparsh/Naplam/Bangladesh-UAV-PlantDisease/Test Dataset/Hail damages/TN-605.jpg,Hail damage,TN-605.jpg,1
6479ef58a1478a3c75099811e0cf6e8b,/home/sparsh/Naplam/Bangladesh-UAV-PlantDisease/Test Dataset/Strong-Light Burn/TN-40.jpg,Strong-Light Burn,TN-40.jpg,4
dbc89284ff72ef94fd3a7f93eb96eb3b,/home/sparsh/Naplam/Bangladesh-UAV-PlantDisease/Training Dataset/Mixed/TN-248.jpg,Mixed,TN-248.jpg,2
00749438d5d5ffabaf1a3515d3daf7bb,/home/sparsh/Naplam/Bangladesh-UAV-PlantDisease/Test Dataset/Hail damages/TN-1898.jpg,Hail damage,TN-1898.jpg,1
2fb15417dc107a66aff4cb0a46a86ea6,/home/sparsh/Naplam/Bangladesh-UAV-PlantDisease/Training Dataset/Strong-Light Burn/TN-612.jpg,Strong-Light Burn,TN-612.jpg,4
a5cd4f3d782e4dc988bc258d6e2c3104,/home/sparsh/Naplam/Bangladesh-UAV-PlantDisease/Training Dataset/Strong-Light Burn/TN-57.jpg,Strong-Light Burn,TN-57.jpg,4
f50483132058d2f77d01c15b6ce77756,/home/sparsh/Naplam/Bangladesh-UAV-PlantDisease/Training Dataset/Hail damage/TN-179.jpg,Hail damage,TN-179.jpg,1
6e0e2868e737fbb4e750f265bf4c29da,/home/sparsh/Naplam/Bangladesh-UAV-PlantDisease/Test Dataset/Hail damages/TN-766.jpg,Hail damage,TN-766.jpg,1
eadc31b3527e0dca5fa658f959a3cfa7,/home/sparsh/Naplam/Bangladesh-UAV-PlantDisease/Training Dataset/Cotton Bollworm Infestation/TN-332.jpg,Cotton Bollworm Infestation,TN-332.jpg,0
aa56b47be64c960250fd3713c41ec474,/home/sparsh/Naplam/Bangladesh-UAV-PlantDisease/Test Dataset/Hail damages/TN-1097.jpg,Hail damage,TN-1097.jpg,1
1edfa21e9e541a7833f263ec3163ff78,/home/sparsh/Naplam/Bangladesh-UAV-PlantDisease/Training Dataset/Hail damage/TN-544.jpg,Hail damage,TN-544.jpg,1
161190f8f40662506d8e62e8f10da74f,/home/sparsh/Naplam/Bangladesh-UAV-PlantDisease/Test Dataset/Hail damages/TN-2146.jpg,Hail damage,TN-2146.jpg,1
a729b45043f3326d724d1a24ed785bba,/home/sparsh/Naplam/Bangladesh-UAV-PlantDisease/Training Dataset/Root Damage/TN-623.jpg,Root Damage,TN-623.jpg,3
32dbd28608c5085cd176a8e38db89f2a,/home/sparsh/Naplam/Bangladesh-UAV-PlantDisease/Training Dataset/Cotton Bollworm Infestation/TN-807.jpg,Cotton Bollworm Infestation,TN-807.jpg,0
eac20be9c4b487a0421cdc8dfbfdeaa6,/home/sparsh/Naplam/Bangladesh-UAV-PlantDisease/Test Dataset/Hail damages/TN-1390.jpg,Hail damage,TN-1390.jpg,1
0a4e3d244b075f81c563385375874be5,/home/sparsh/Naplam/Bangladesh-UAV-PlantDisease/Training Dataset/Cotton Bollworm Infestation/TN-880.jpg,Cotton Bollworm Infestation,TN-880.jpg,0
b6b85a118bbf3b4bd1fcf456a0c72316,/home/sparsh/Naplam/Bangladesh-UAV-PlantDisease/Training Dataset/Hail damage/TN-358.jpg,Hail damage,TN-358.jpg,1
ff412bc23ce937545757ea22c09a4d8c,/home/sparsh/Naplam/Bangladesh-UAV-PlantDisease/Training Dataset/Mixed/TN-2000.jpg,Mixed,TN-2000.jpg,2
f91936806bf83f16133f560587a567c0,/home/sparsh/Naplam/Bangladesh-UAV-PlantDisease/Test Dataset/Hail damages/TN-2925.jpg,Hail damage,TN-2925.jpg,1
a320ddf9b305033ded2cca1f81ad14ed,/home/sparsh/Naplam/Bangladesh-UAV-PlantDisease/Training Dataset/Strong-Light Burn/TN-655.jpg,Strong-Light Burn,TN-655.jpg,4
ede358bffa0eeb73c3978c4dbc9dc237,/home/sparsh/Naplam/Bangladesh-UAV-PlantDisease/Training Dataset/Mixed/TN-1746.jpg,Mixed,TN-1746.jpg,2
5c9c58730a5f6239421f5e80f06c3192,/home/sparsh/Naplam/Bangladesh-UAV-PlantDisease/Training Dataset/Mixed/TN-2264.jpg,Mixed,TN-2264.jpg,2
f004d499a10893ef68cf84bce34cf934,/home/sparsh/Naplam/Bangladesh-UAV-PlantDisease/Training Dataset/Root Damage/TN-498.jpg,Root Damage,TN-498.jpg,3
5124ff6f5c200faf44410f2e8ea44f29,/home/sparsh/Naplam/Bangladesh-UAV-PlantDisease/Training Dataset/Mixed/TN-974.jpg,Mixed,TN-974.jpg,2
406bcc3c0de18ab0e7c4e91feb376e8f,/home/sparsh/Naplam/Bangladesh-UAV-PlantDisease/Training Dataset/Root Damage/TN-103.jpg,Root Damage,TN-103.jpg,3
4051224b697c7f2729104698c153ddf0,/home/sparsh/Naplam/Bangladesh-UAV-PlantDisease/Training Dataset/Strong-Light Burn/TN-148.jpg,Strong-Light Burn,TN-148.jpg,4
ecad880cd6c004c0f80824e15ed82647,/home/sparsh/Naplam/Bangladesh-UAV-PlantDisease/Training Dataset/Mixed/TN-1992.jpg,Mixed,TN-1992.jpg,2
9081443a05b07e7f396a75bb24fa495b,/home/sparsh/Naplam/Bangladesh-UAV-PlantDisease/Test Dataset/Hail damages/TN-2446.jpg,Hail damage,TN-2446.jpg,1
cc3c56b605b70794d948bf81a8149a98,/home/sparsh/Naplam/Bangladesh-UAV-PlantDisease/Training Dataset/Mixed/TN-1693.jpg,Mixed,TN-1693.jpg,2
8bb898ff87b46bd443eea8022fd2f146,/home/sparsh/Naplam/Bangladesh-UAV-PlantDisease/Test Dataset/Cotton Bollworm Infestation/TN-301.jpg,Cotton Bollworm Infestation,TN-301.jpg,0
783f73fe7070597af392a9a9c4c58001,/home/sparsh/Naplam/Bangladesh-UAV-PlantDisease/Test Dataset/Hail damages/TN-891.jpg,Hail damage,TN-891.jpg,1
9095df6491aa5219414da401b9302541,/home/sparsh/Naplam/Bangladesh-UAV-PlantDisease/Training Dataset/Mixed/TN-53.jpg,Mixed,TN-53.jpg,2
e4f49da12e545c57f1bbdaad6c53a3f1,/home/sparsh/Naplam/Bangladesh-UAV-PlantDisease/Training Dataset/Mixed/TN-935.jpg,Mixed,TN-935.jpg,2
b8771a5886d1d380be1537fd7adc5452,/home/sparsh/Naplam/Bangladesh-UAV-PlantDisease/Training Dataset/Mixed/TN-1891.jpg,Mixed,TN-1891.jpg,2
1c4897a3b514bda9da9a9c3ba260d1d7,/home/sparsh/Naplam/Bangladesh-UAV-PlantDisease/Test Dataset/Hail damages/TN-2727.jpg,Hail damage,TN-2727.jpg,1
80744d35d1b338fe3228e6a7593ebfbe,/home/sparsh/Naplam/Bangladesh-UAV-PlantDisease/Training Dataset/Cotton Bollworm Infestation/TN-30.jpg,Cotton Bollworm Infestation,TN-30.jpg,0
a8b7e049c9ca962edad6396ef8f19cb5,/home/sparsh/Naplam/Bangladesh-UAV-PlantDisease/Training Dataset/Cotton Bollworm Infestation/TN-811.jpg,Cotton Bollworm Infestation,TN-811.jpg,0
29e88b4aa615af5de4933903db3926b9,/home/sparsh/Naplam/Bangladesh-UAV-PlantDisease/Training Dataset/Strong-Light Burn/TN-307.jpg,Strong-Light Burn,TN-307.jpg,4
ad5b783c9c31318b82558bf44f0c8cc5,/home/sparsh/Naplam/Bangladesh-UAV-PlantDisease/Training Dataset/Mixed/TN-1221.jpg,Mixed,TN-1221.jpg,2
9f50399307ef5a248a0cc12d1d48ca08,/home/sparsh/Naplam/Bangladesh-UAV-PlantDisease/Test Dataset/Hail damages/TN-1777.jpg,Hail damage,TN-1777.jpg,1
2bb90f91881c8f880693c770d5aa3e4c,/home/sparsh/Naplam/Bangladesh-UAV-PlantDisease/Test Dataset/Strong-Light Burn/TN-292.jpg,Strong-Light Burn,TN-292.jpg,4
989b851380b1520d677d1a13f0f5455d,/home/sparsh/Naplam/Bangladesh-UAV-PlantDisease/Training Dataset/Root Damage/TN-34.jpg,Root Damage,TN-34.jpg,3
f92e52518ee6e53bf317dba5133d59b5,/home/sparsh/Naplam/Bangladesh-UAV-PlantDisease/Training Dataset/Mixed/TN-341.jpg,Mixed,TN-341.jpg,2
45c618a341f1d679a827874cd9490447,/home/sparsh/Naplam/Bangladesh-UAV-PlantDisease/Training Dataset/Mixed/TN-1635.jpg,Mixed,TN-1635.jpg,2
6fdc50653cf6e04ab4494065f65d3af9,/home/sparsh/Naplam/Bangladesh-UAV-PlantDisease/Training Dataset/Mixed/TN-530.jpg,Mixed,TN-530.jpg,2
37f735a3bb724fadae92d69664a00c95,/home/sparsh/Naplam/Bangladesh-UAV-PlantDisease/Test Dataset/Hail damages/TN-2745.jpg,Hail damage,TN-2745.jpg,1
e1db8a8141f66f1bf568ddf5a0698c87,/home/sparsh/Naplam/Bangladesh-UAV-PlantDisease/Test Dataset/Hail damages/TN-2309.jpg,Hail damage,TN-2309.jpg,1
ff610f7f1366e8056c9e3c0d4aa4a08b,/home/sparsh/Naplam/Bangladesh-UAV-PlantDisease/Training Dataset/Hail damage/TN-757.jpg,Hail damage,TN-757.jpg,1
fe5f68a4b9ee8c024aa56f419f7fef9e,/home/sparsh/Naplam/Bangladesh-UAV-PlantDisease/Training Dataset/Mixed/TN-824.jpg,Mixed,TN-824.jpg,2
599892685084051fe7b16f4ed7d17875,/home/sparsh/Naplam/Bangladesh-UAV-PlantDisease/Test Dataset/Hail damages/TN-790.jpg,Hail damage,TN-790.jpg,1
a3df2ea45e7905fde6f57dc53859a053,/home/sparsh/Naplam/Bangladesh-UAV-PlantDisease/Test Dataset/Hail damages/TN-2850.jpg,Hail damage,TN-2850.jpg,1
976cc40253b957af7d23e9abca3ef62a,/home/sparsh/Naplam/Bangladesh-UAV-PlantDisease/Training Dataset/Mixed/TN-911.jpg,Mixed,TN-911.jpg,2
2ff27cfa4845ea5732984e39d098ffb8,/home/sparsh/Naplam/Bangladesh-UAV-PlantDisease/Training Dataset/Strong-Light Burn/TN-190.jpg,Strong-Light Burn,TN-190.jpg,4
aecf6d08c45191df158a8a089b1b66e3,/home/sparsh/Naplam/Bangladesh-UAV-PlantDisease/Training Dataset/Cotton Bollworm Infestation/TN-704.jpg,Cotton Bollworm Infestation,TN-704.jpg,0
71c5bdb070b2fde16f3ea39898db7632,/home/sparsh/Naplam/Bangladesh-UAV-PlantDisease/Training Dataset/Root Damage/TN-28.jpg,Root Damage,TN-28.jpg,3
364544f214e17f211d81884f9dceed64,/home/sparsh/Naplam/Bangladesh-UAV-PlantDisease/Training Dataset/Mixed/TN-1030.jpg,Mixed,TN-1030.jpg,2
b898e33af95a84aeb59049b06bce63ea,/home/sparsh/Naplam/Bangladesh-UAV-PlantDisease/Test Dataset/Hail damages/TN-1066.jpg,Hail damage,TN-1066.jpg,1
178ba6f1da9fdbdd1f2ee11af64f87e6,/home/sparsh/Naplam/Bangladesh-UAV-PlantDisease/Training Dataset/Mixed/TN-1201.jpg,Mixed,TN-1201.jpg,2
4e01ff3ad76878ec2a82f11ba1e3b1da,/home/sparsh/Naplam/Bangladesh-UAV-PlantDisease/Training Dataset/Hail damage/TN-726.jpg,Hail damage,TN-726.jpg,1
0559b55ddee05d2bc6a9c68d0e7ceb4c,/home/sparsh/Naplam/Bangladesh-UAV-PlantDisease/Training Dataset/Root Damage/TN-412.jpg,Root Damage,TN-412.jpg,3
b416a10a5fd81743ac89b3b0cdde9e7a,/home/sparsh/Naplam/Bangladesh-UAV-PlantDisease/Training Dataset/Cotton Bollworm Infestation/TN-136.jpg,Cotton Bollworm Infestation,TN-136.jpg,0
800740527da41395fbd054dcf3977ee2,/home/sparsh/Naplam/Bangladesh-UAV-PlantDisease/Training Dataset/Mixed/TN-138.jpg,Mixed,TN-138.jpg,2
6e0b5bacd3abe09bacca8b08d75e0c4a,/home/sparsh/Naplam/Bangladesh-UAV-PlantDisease/Training Dataset/Strong-Light Burn/TN-475.jpg,Strong-Light Burn,TN-475.jpg,4
e0aadd72b7233014828d1d5690d7aa6d,/home/sparsh/Naplam/Bangladesh-UAV-PlantDisease/Training Dataset/Strong-Light Burn/TN-59.jpg,Strong-Light Burn,TN-59.jpg,4
da3220c4b2f6a986679044c076bd21a5,/home/sparsh/Naplam/Bangladesh-UAV-PlantDisease/Training Dataset/Mixed/TN-1588.jpg,Mixed,TN-1588.jpg,2
b1cb88b888596d7ed010c709485c27a2,/home/sparsh/Naplam/Bangladesh-UAV-PlantDisease/Training Dataset/Mixed/TN-1014.jpg,Mixed,TN-1014.jpg,2
f169dae320cfe3eb695486b39ad0b8ae,/home/sparsh/Naplam/Bangladesh-UAV-PlantDisease/Training Dataset/Mixed/TN-1337.jpg,Mixed,TN-1337.jpg,2
2536063e4da671c8bbe27917dacabb3d,/home/sparsh/Naplam/Bangladesh-UAV-PlantDisease/Test Dataset/Cotton Bollworm Infestation/TN-34.jpg,Cotton Bollworm Infestation,TN-34.jpg,0
534376355614a25e764c38c0887ed3dd,/home/sparsh/Naplam/Bangladesh-UAV-PlantDisease/Training Dataset/Hail damage/TN-637.jpg,Hail damage,TN-637.jpg,1
a5f11f31db36ba7d8c6c2d0aec22a7eb,/home/sparsh/Naplam/Bangladesh-UAV-PlantDisease/Test Dataset/Hail damages/TN-2335.jpg,Hail damage,TN-2335.jpg,1
eccee0b545fbe30f61cab632d19f87e5,/home/sparsh/Naplam/Bangladesh-UAV-PlantDisease/Training Dataset/Mixed/TN-966.jpg,Mixed,TN-966.jpg,2
bc43ec5d776dfb2eda327830287aae65,/home/sparsh/Naplam/Bangladesh-UAV-PlantDisease/Training Dataset/Mixed/TN-1610.jpg,Mixed,TN-1610.jpg,2
606c38771570d4cde1ae806b869d501c,/home/sparsh/Naplam/Bangladesh-UAV-PlantDisease/Training Dataset/Mixed/TN-848.jpg,Mixed,TN-848.jpg,2
4736c12419cde555ef58b5fb86dce0ea,/home/sparsh/Naplam/Bangladesh-UAV-PlantDisease/Training Dataset/Mixed/TN-289.jpg,Mixed,TN-289.jpg,2
16b20e8e80531a1861dd15591f1142ff,/home/sparsh/Naplam/Bangladesh-UAV-PlantDisease/Test Dataset/Hail damages/TN-906.jpg,Hail damage,TN-906.jpg,1
d1351494104c887c227610bc62908b77,/home/sparsh/Naplam/Bangladesh-UAV-PlantDisease/Training Dataset/Cotton Bollworm Infestation/TN-199.jpg,Cotton Bollworm Infestation,TN-199.jpg,0
00b281eeb796ae46067688880f5e5f32,/home/sparsh/Naplam/Bangladesh-UAV-PlantDisease/Training Dataset/Mixed/TN-195.jpg,Mixed,TN-195.jpg,2
1792fb59e2536d7c99687f0e9045557b,/home/sparsh/Naplam/Bangladesh-UAV-PlantDisease/Training Dataset/Mixed/TN-1286.jpg,Mixed,TN-1286.jpg,2
87c5c45ef65bee2834892bc191527fd5,/home/sparsh/Naplam/Bangladesh-UAV-PlantDisease/Training Dataset/Mixed/TN-2109.jpg,Mixed,TN-2109.jpg,2
f3575e10cabf900507c7f8864f3d381f,/home/sparsh/Naplam/Bangladesh-UAV-PlantDisease/Training Dataset/Mixed/TN-1426.jpg,Mixed,TN-1426.jpg,2
19ab170a91e61ad37b14c8fab0523c3b,/home/sparsh/Naplam/Bangladesh-UAV-PlantDisease/Training Dataset/Root Damage/TN-107.jpg,Root Damage,TN-107.jpg,3
c9f37df3a29ed38504daccdbb486ec7d,/home/sparsh/Naplam/Bangladesh-UAV-PlantDisease/Training Dataset/Strong-Light Burn/TN-82.jpg,Strong-Light Burn,TN-82.jpg,4
2a617860681f70dfeb05ded91fb90417,/home/sparsh/Naplam/Bangladesh-UAV-PlantDisease/Training Dataset/Root Damage/TN-194.jpg,Root Damage,TN-194.jpg,3
db0a590d3c259c2af5f1ca5e18a1b28d,/home/sparsh/Naplam/Bangladesh-UAV-PlantDisease/Test Dataset/Hail damages/TN-1732.jpg,Hail damage,TN-1732.jpg,1
0283bed7dcfc6df7bf5ce882d912d000,/home/sparsh/Naplam/Bangladesh-UAV-PlantDisease/Training Dataset/Cotton Bollworm Infestation/TN-499.jpg,Cotton Bollworm Infestation,TN-499.jpg,0
75cf417db8e44bdc01c784e3dba1009e,/home/sparsh/Naplam/Bangladesh-UAV-PlantDisease/Training Dataset/Mixed/TN-1661.jpg,Mixed,TN-1661.jpg,2
350d8ccccc65ed72379cc7b3eee00639,/home/sparsh/Naplam/Bangladesh-UAV-PlantDisease/Training Dataset/Cotton Bollworm Infestation/TN-31.jpg,Cotton Bollworm Infestation,TN-31.jpg,0
73c9107425c0d5a56bbbbf20fa5a5064,/home/sparsh/Naplam/Bangladesh-UAV-PlantDisease/Training Dataset/Cotton Bollworm Infestation/TN-435.jpg,Cotton Bollworm Infestation,TN-435.jpg,0
f73fa178a02b8d047cb9d76d9c7f365b,/home/sparsh/Naplam/Bangladesh-UAV-PlantDisease/Training Dataset/Root Damage/TN-161.jpg,Root Damage,TN-161.jpg,3
c00406a4c58bc4caf65ee0a4bdd5190d,/home/sparsh/Naplam/Bangladesh-UAV-PlantDisease/Training Dataset/Strong-Light Burn/TN-656.jpg,Strong-Light Burn,TN-656.jpg,4
a305c18329b38239563a60dde66ce334,/home/sparsh/Naplam/Bangladesh-UAV-PlantDisease/Training Dataset/Cotton Bollworm Infestation/TN-1034.jpg,Cotton Bollworm Infestation,TN-1034.jpg,0
c9de20ffcfedac41dd8900a9c1f39d87,/home/sparsh/Naplam/Bangladesh-UAV-PlantDisease/Test Dataset/Mixed/TN-150.jpg,Mixed,TN-150.jpg,2
e6ea7e807e80fe055b8e23e949c440c8,/home/sparsh/Naplam/Bangladesh-UAV-PlantDisease/Test Dataset/Hail damages/TN-1022.jpg,Hail damage,TN-1022.jpg,1
09d1b63d13c2f5919ce6a449341cff45,/home/sparsh/Naplam/Bangladesh-UAV-PlantDisease/Training Dataset/Mixed/TN-811.jpg,Mixed,TN-811.jpg,2
8aad3c9b698af99b7cea287aa260b6db,/home/sparsh/Naplam/Bangladesh-UAV-PlantDisease/Training Dataset/Mixed/TN-1928.jpg,Mixed,TN-1928.jpg,2
867e822c715b5570fd2d5c1476c92e75,/home/sparsh/Naplam/Bangladesh-UAV-PlantDisease/Training Dataset/Cotton Bollworm Infestation/TN-87.jpg,Cotton Bollworm Infestation,TN-87.jpg,0
e227ec7e1f65eafc77c4eef7cb915c44,/home/sparsh/Naplam/Bangladesh-UAV-PlantDisease/Training Dataset/Hail damage/TN-372.jpg,Hail damage,TN-372.jpg,1
9e808e9e3d9fbd513cb2a94d8a47432b,/home/sparsh/Naplam/Bangladesh-UAV-PlantDisease/Training Dataset/Cotton Bollworm Infestation/TN-1003.jpg,Cotton Bollworm Infestation,TN-1003.jpg,0
c7748b0fd03c64066ac8bf6fcabb38a7,/home/sparsh/Naplam/Bangladesh-UAV-PlantDisease/Training Dataset/Mixed/TN-1976.jpg,Mixed,TN-1976.jpg,2
679870f3d58e16f2f7769ef95f89a4e8,/home/sparsh/Naplam/Bangladesh-UAV-PlantDisease/Test Dataset/Hail damages/TN-1398.jpg,Hail damage,TN-1398.jpg,1
4e93b263994d83579e0d723b6b4816cc,/home/sparsh/Naplam/Bangladesh-UAV-PlantDisease/Test Dataset/Hail damages/TN-2187.jpg,Hail damage,TN-2187.jpg,1
5b1e7269b6caed9b815b3063f5be02fd,/home/sparsh/Naplam/Bangladesh-UAV-PlantDisease/Training Dataset/Hail damage/TN-535.jpg,Hail damage,TN-535.jpg,1
0b093d217e0ae7141fbcbf8beb2e1f0a,/home/sparsh/Naplam/Bangladesh-UAV-PlantDisease/Training Dataset/Hail damage/TN-578.jpg,Hail damage,TN-578.jpg,1
7a9f8204fc9a994a8927f4d84e0fde30,/home/sparsh/Naplam/Bangladesh-UAV-PlantDisease/Test Dataset/Hail damages/TN-2427.jpg,Hail damage,TN-2427.jpg,1
4aa6a39d97bbe5e5de224ee8a855ba9c,/home/sparsh/Naplam/Bangladesh-UAV-PlantDisease/Test Dataset/Hail damages/TN-1466.jpg,Hail damage,TN-1466.jpg,1
babad35db32529703a3de9b0c14915ed,/home/sparsh/Naplam/Bangladesh-UAV-PlantDisease/Training Dataset/Mixed/TN-2136.jpg,Mixed,TN-2136.jpg,2
65a2eec32df898d1466c557e3f67dee7,/home/sparsh/Naplam/Bangladesh-UAV-PlantDisease/Training Dataset/Strong-Light Burn/TN-569.jpg,Strong-Light Burn,TN-569.jpg,4
c3c3c4357ae0177764835a06fa1e90dc,/home/sparsh/Naplam/Bangladesh-UAV-PlantDisease/Test Dataset/Hail damages/TN-2599.jpg,Hail damage,TN-2599.jpg,1
0a696b43a8e834887e3814faf6bfe870,/home/sparsh/Naplam/Bangladesh-UAV-PlantDisease/Training Dataset/Strong-Light Burn/TN-385.jpg,Strong-Light Burn,TN-385.jpg,4
b1eb9c10ddc91a9afdc0e2edf4c4d75e,/home/sparsh/Naplam/Bangladesh-UAV-PlantDisease/Training Dataset/Cotton Bollworm Infestation/TN-55.jpg,Cotton Bollworm Infestation,TN-55.jpg,0
04949e25087e6d59e795bbe4d3a83e80,/home/sparsh/Naplam/Bangladesh-UAV-PlantDisease/Training Dataset/Mixed/TN-331.jpg,Mixed,TN-331.jpg,2
5a98ef2cdd0b3450ecf5f74ae8b8d9e6,/home/sparsh/Naplam/Bangladesh-UAV-PlantDisease/Test Dataset/Hail damages/TN-2200.jpg,Hail damage,TN-2200.jpg,1
d3fa170b1fc41b292ec4ef77eebdb0c8,/home/sparsh/Naplam/Bangladesh-UAV-PlantDisease/Training Dataset/Mixed/TN-668.jpg,Mixed,TN-668.jpg,2
054de5f847dd8b8c55d5b526e20dce3e,/home/sparsh/Naplam/Bangladesh-UAV-PlantDisease/Training Dataset/Mixed/TN-1148.jpg,Mixed,TN-1148.jpg,2
85666ec88ce28cd765601171d92fe69d,/home/sparsh/Naplam/Bangladesh-UAV-PlantDisease/Training Dataset/Strong-Light Burn/TN-448.jpg,Strong-Light Burn,TN-448.jpg,4
bea7a3ad0722053b3d247499b82f3af5,/home/sparsh/Naplam/Bangladesh-UAV-PlantDisease/Training Dataset/Cotton Bollworm Infestation/TN-397.jpg,Cotton Bollworm Infestation,TN-397.jpg,0
b043f857c6c250917667c84c8194503e,/home/sparsh/Naplam/Bangladesh-UAV-PlantDisease/Training Dataset/Mixed/TN-1160.jpg,Mixed,TN-1160.jpg,2
b2ff6e342ab32b7ef68df2708add0d73,/home/sparsh/Naplam/Bangladesh-UAV-PlantDisease/Training Dataset/Mixed/TN-269.jpg,Mixed,TN-269.jpg,2
c761d71a0eab3b60287149fa1b24f24a,/home/sparsh/Naplam/Bangladesh-UAV-PlantDisease/Test Dataset/Hail damages/TN-740.jpg,Hail damage,TN-740.jpg,1
9e50404eebbdeba2179561f05c81c04b,/home/sparsh/Naplam/Bangladesh-UAV-PlantDisease/Training Dataset/Mixed/TN-739.jpg,Mixed,TN-739.jpg,2
96c18f3388975140ebb7384fd701adf1,/home/sparsh/Naplam/Bangladesh-UAV-PlantDisease/Training Dataset/Root Damage/TN-597.jpg,Root Damage,TN-597.jpg,3
b6d8d9a18a319806502e086636e1f17e,/home/sparsh/Naplam/Bangladesh-UAV-PlantDisease/Training Dataset/Strong-Light Burn/TN-150.jpg,Strong-Light Burn,TN-150.jpg,4
d9e90b40bb216ccc6d9d1e1e54202371,/home/sparsh/Naplam/Bangladesh-UAV-PlantDisease/Training Dataset/Mixed/TN-1758.jpg,Mixed,TN-1758.jpg,2
a6201c75aff6bf5413ac3e63196b17e7,/home/sparsh/Naplam/Bangladesh-UAV-PlantDisease/Test Dataset/Hail damages/TN-2689.jpg,Hail damage,TN-2689.jpg,1
f9ec0c86cba68279e441969914d2a659,/home/sparsh/Naplam/Bangladesh-UAV-PlantDisease/Test Dataset/Hail damages/TN-1375.jpg,Hail damage,TN-1375.jpg,1
8e0997d2bfaf195ce0c2842077d52b0c,/home/sparsh/Naplam/Bangladesh-UAV-PlantDisease/Training Dataset/Root Damage/TN-68.jpg,Root Damage,TN-68.jpg,3
dda9e7c755a0b6c346e4b21da77df3cd,/home/sparsh/Naplam/Bangladesh-UAV-PlantDisease/Training Dataset/Mixed/TN-1593.jpg,Mixed,TN-1593.jpg,2
e5fee8344b60722819f04af5b9483273,/home/sparsh/Naplam/Bangladesh-UAV-PlantDisease/Test Dataset/Hail damages/TN-120.jpg,Hail damage,TN-120.jpg,1
a428669dc305bd0e70d8f5e8b5448f48,/home/sparsh/Naplam/Bangladesh-UAV-PlantDisease/Training Dataset/Root Damage/TN-640.jpg,Root Damage,TN-640.jpg,3
3bb94e3c1c790d390b090eb75a155173,/home/sparsh/Naplam/Bangladesh-UAV-PlantDisease/Training Dataset/Root Damage/TN-791.jpg,Root Damage,TN-791.jpg,3
b92419ed153bef4d5c51c05a43966271,/home/sparsh/Naplam/Bangladesh-UAV-PlantDisease/Training Dataset/Root Damage/TN-350.jpg,Root Damage,TN-350.jpg,3
40705ccb74fa116e9b6e12dfdaf71343,/home/sparsh/Naplam/Bangladesh-UAV-PlantDisease/Training Dataset/Strong-Light Burn/TN-624.jpg,Strong-Light Burn,TN-624.jpg,4
dac1395d6fe0ad0cc0761249fd3e2341,/home/sparsh/Naplam/Bangladesh-UAV-PlantDisease/Training Dataset/Cotton Bollworm Infestation/TN-894.jpg,Cotton Bollworm Infestation,TN-894.jpg,0
8c89d56bab695e1c19185814a14c7ac1,/home/sparsh/Naplam/Bangladesh-UAV-PlantDisease/Test Dataset/Hail damages/TN-2698.jpg,Hail damage,TN-2698.jpg,1
7936fc2095401b738a9962d892354690,/home/sparsh/Naplam/Bangladesh-UAV-PlantDisease/Training Dataset/Mixed/TN-1878.jpg,Mixed,TN-1878.jpg,2
25daf1dc95420d6d4d81eed8fb2f5167,/home/sparsh/Naplam/Bangladesh-UAV-PlantDisease/Training Dataset/Root Damage/TN-664.jpg,Root Damage,TN-664.jpg,3
e3a9c4339f5e6baac1704341c47defaf,/home/sparsh/Naplam/Bangladesh-UAV-PlantDisease/Training Dataset/Mixed/TN-87.jpg,Mixed,TN-87.jpg,2
22f42aed26352ce9f8904d092a957714,/home/sparsh/Naplam/Bangladesh-UAV-PlantDisease/Training Dataset/Strong-Light Burn/TN-361.jpg,Strong-Light Burn,TN-361.jpg,4
c9a8321ddfc17cef8a00a103b4565365,/home/sparsh/Naplam/Bangladesh-UAV-PlantDisease/Training Dataset/Strong-Light Burn/TN-35.jpg,Strong-Light Burn,TN-35.jpg,4
d7056e89929e3b05d0b163e72910a567,/home/sparsh/Naplam/Bangladesh-UAV-PlantDisease/Training Dataset/Cotton Bollworm Infestation/TN-794.jpg,Cotton Bollworm Infestation,TN-794.jpg,0
34cd443850e2a1aa040abec0a07abfb0,/home/sparsh/Naplam/Bangladesh-UAV-PlantDisease/Training Dataset/Root Damage/TN-679.jpg,Root Damage,TN-679.jpg,3
0a89fb2b1cc7aea5f26aa05fc45b1135,/home/sparsh/Naplam/Bangladesh-UAV-PlantDisease/Training Dataset/Strong-Light Burn/TN-44.jpg,Strong-Light Burn,TN-44.jpg,4
4c6ffc64f64567afff916f6212a430dc,/home/sparsh/Naplam/Bangladesh-UAV-PlantDisease/Test Dataset/Hail damages/TN-2506.jpg,Hail damage,TN-2506.jpg,1
f8facea6cb342d8f35acba13de213466,/home/sparsh/Naplam/Bangladesh-UAV-PlantDisease/Training Dataset/Mixed/TN-1342.jpg,Mixed,TN-1342.jpg,2
a3d818f22191bf0139d2a847c4907558,/home/sparsh/Naplam/Bangladesh-UAV-PlantDisease/Training Dataset/Strong-Light Burn/TN-112.jpg,Strong-Light Burn,TN-112.jpg,4
e48901c6a55839dc5316a6e7818b78df,/home/sparsh/Naplam/Bangladesh-UAV-PlantDisease/Training Dataset/Hail damage/TN-610.jpg,Hail damage,TN-610.jpg,1
71b9ae6f81491484fdafb4c5244a449c,/home/sparsh/Naplam/Bangladesh-UAV-PlantDisease/Training Dataset/Cotton Bollworm Infestation/TN-480.jpg,Cotton Bollworm Infestation,TN-480.jpg,0
748096bb69d1076d97640c64ca1daa87,/home/sparsh/Naplam/Bangladesh-UAV-PlantDisease/Training Dataset/Strong-Light Burn/TN-300.jpg,Strong-Light Burn,TN-300.jpg,4
0f3bec2526ce95a3b8c67c4c480beca6,/home/sparsh/Naplam/Bangladesh-UAV-PlantDisease/Training Dataset/Strong-Light Burn/TN-598.jpg,Strong-Light Burn,TN-598.jpg,4
90b2d30c72492822fb70e4ca5059f657,/home/sparsh/Naplam/Bangladesh-UAV-PlantDisease/Training Dataset/Hail damage/TN-454.jpg,Hail damage,TN-454.jpg,1
ffa11eca58181cc489bb15d2f86b2066,/home/sparsh/Naplam/Bangladesh-UAV-PlantDisease/Training Dataset/Cotton Bollworm Infestation/TN-852.jpg,Cotton Bollworm Infestation,TN-852.jpg,0
bcadf42e595dae1dc2bd3131055a256c,/home/sparsh/Naplam/Bangladesh-UAV-PlantDisease/Training Dataset/Mixed/TN-1225.jpg,Mixed,TN-1225.jpg,2
3378405704b2781168df68ecbe7ee9bf,/home/sparsh/Naplam/Bangladesh-UAV-PlantDisease/Test Dataset/Hail damages/TN-887.jpg,Hail damage,TN-887.jpg,1
b3b8c684db03b19721ffdbf2966d02d2,/home/sparsh/Naplam/Bangladesh-UAV-PlantDisease/Training Dataset/Mixed/TN-462.jpg,Mixed,TN-462.jpg,2
ac3818f31af5d47aa4623315057654ea,/home/sparsh/Naplam/Bangladesh-UAV-PlantDisease/Training Dataset/Mixed/TN-964.jpg,Mixed,TN-964.jpg,2
be23fce958dfccdcfa297615bd36767a,/home/sparsh/Naplam/Bangladesh-UAV-PlantDisease/Training Dataset/Root Damage/TN-336.jpg,Root Damage,TN-336.jpg,3
6c4aa8bf1a5fda3e93c62c7963e2e7c7,/home/sparsh/Naplam/Bangladesh-UAV-PlantDisease/Training Dataset/Strong-Light Burn/TN-542.jpg,Strong-Light Burn,TN-542.jpg,4
753de1541a154f911ab8be92aa605a85,/home/sparsh/Naplam/Bangladesh-UAV-PlantDisease/Training Dataset/Strong-Light Burn/TN-611.jpg,Strong-Light Burn,TN-611.jpg,4
b1459417e3b97f71144dfba91a4768b2,/home/sparsh/Naplam/Bangladesh-UAV-PlantDisease/Training Dataset/Mixed/TN-810.jpg,Mixed,TN-810.jpg,2
95859c49a81fb4d05dde5a382e77d81d,/home/sparsh/Naplam/Bangladesh-UAV-PlantDisease/Test Dataset/Hail damages/TN-1610.jpg,Hail damage,TN-1610.jpg,1
9941a365d2d13a2699bf2f65ba80d945,/home/sparsh/Naplam/Bangladesh-UAV-PlantDisease/Test Dataset/Hail damages/TN-2276.jpg,Hail damage,TN-2276.jpg,1
dbe6ea619a848b285a34da8875bc098c,/home/sparsh/Naplam/Bangladesh-UAV-PlantDisease/Training Dataset/Root Damage/TN-648.jpg,Root Damage,TN-648.jpg,3
9a0e814ded09b2962773e3ea63a253dc,/home/sparsh/Naplam/Bangladesh-UAV-PlantDisease/Training Dataset/Cotton Bollworm Infestation/TN-634.jpg,Cotton Bollworm Infestation,TN-634.jpg,0
f9fa390b9f9feed33417490ee9adcd32,/home/sparsh/Naplam/Bangladesh-UAV-PlantDisease/Test Dataset/Hail damages/TN-2065.jpg,Hail damage,TN-2065.jpg,1
da314536194a70686316f8fb6b757fb6,/home/sparsh/Naplam/Bangladesh-UAV-PlantDisease/Test Dataset/Hail damages/TN-2325.jpg,Hail damage,TN-2325.jpg,1
13cc63065a88815f87b97b5e88ee4404,/home/sparsh/Naplam/Bangladesh-UAV-PlantDisease/Test Dataset/Hail damages/TN-1938.jpg,Hail damage,TN-1938.jpg,1
d00a689f73c48a26951aefab42d7417b,/home/sparsh/Naplam/Bangladesh-UAV-PlantDisease/Test Dataset/Hail damages/TN-2730.jpg,Hail damage,TN-2730.jpg,1
e08bd832676642583e0ecf2bfd630aa4,/home/sparsh/Naplam/Bangladesh-UAV-PlantDisease/Training Dataset/Mixed/TN-1319.jpg,Mixed,TN-1319.jpg,2
d342842aafdacdc1d59f3691344e273a,/home/sparsh/Naplam/Bangladesh-UAV-PlantDisease/Training Dataset/Mixed/TN-320.jpg,Mixed,TN-320.jpg,2
d646c3ae4b3eea8fbe965ad2dc83160e,/home/sparsh/Naplam/Bangladesh-UAV-PlantDisease/Training Dataset/Mixed/TN-1511.jpg,Mixed,TN-1511.jpg,2
d0f0eb5934182d273e3e231872d28d58,/home/sparsh/Naplam/Bangladesh-UAV-PlantDisease/Training Dataset/Strong-Light Burn/TN-545.jpg,Strong-Light Burn,TN-545.jpg,4
1ab9799f22cf5aa03ce08cb358515649,/home/sparsh/Naplam/Bangladesh-UAV-PlantDisease/Training Dataset/Hail damage/TN-459.jpg,Hail damage,TN-459.jpg,1
6786b3f00e447ad2d5a72997e175e6ed,/home/sparsh/Naplam/Bangladesh-UAV-PlantDisease/Training Dataset/Root Damage/TN-288.jpg,Root Damage,TN-288.jpg,3
27ea8e800f80c91664a828c2ed68d7fc,/home/sparsh/Naplam/Bangladesh-UAV-PlantDisease/Training Dataset/Cotton Bollworm Infestation/TN-424.jpg,Cotton Bollworm Infestation,TN-424.jpg,0
784b414b415c4ce937a4ba111dcfe790,/home/sparsh/Naplam/Bangladesh-UAV-PlantDisease/Training Dataset/Root Damage/TN-478.jpg,Root Damage,TN-478.jpg,3
b0bfbc6d79c4218f2cd26e2c1f0ce2bd,/home/sparsh/Naplam/Bangladesh-UAV-PlantDisease/Training Dataset/Strong-Light Burn/TN-537.jpg,Strong-Light Burn,TN-537.jpg,4
2ee36e64aacffbda63f86c975cd80087,/home/sparsh/Naplam/Bangladesh-UAV-PlantDisease/Training Dataset/Strong-Light Burn/TN-217.jpg,Strong-Light Burn,TN-217.jpg,4
656eed54329d2267b13d0d65ff5e50ad,/home/sparsh/Naplam/Bangladesh-UAV-PlantDisease/Training Dataset/Strong-Light Burn/TN-243.jpg,Strong-Light Burn,TN-243.jpg,4
9f4d1ec76f76e32cdcbc32e923e314a5,/home/sparsh/Naplam/Bangladesh-UAV-PlantDisease/Training Dataset/Hail damage/TN-649.jpg,Hail damage,TN-649.jpg,1
825aa0e934e5eb952baba058b8e453ce,/home/sparsh/Naplam/Bangladesh-UAV-PlantDisease/Training Dataset/Mixed/TN-1379.jpg,Mixed,TN-1379.jpg,2
dc3d09294ba6c6be26e6b6aa12bdc924,/home/sparsh/Naplam/Bangladesh-UAV-PlantDisease/Test Dataset/Hail damages/TN-2616.jpg,Hail damage,TN-2616.jpg,1
d8c7d597bf725732b844e7d1fc162ca8,/home/sparsh/Naplam/Bangladesh-UAV-PlantDisease/Training Dataset/Cotton Bollworm Infestation/TN-160.jpg,Cotton Bollworm Infestation,TN-160.jpg,0
02f74f28aee7168e7659574e32191e6e,/home/sparsh/Naplam/Bangladesh-UAV-PlantDisease/Training Dataset/Hail damage/TN-132.jpg,Hail damage,TN-132.jpg,1
814380dfefff19edc7786afb9123ad36,/home/sparsh/Naplam/Bangladesh-UAV-PlantDisease/Training Dataset/Hail damage/TN-67.jpg,Hail damage,TN-67.jpg,1
7623a9b8193394c9fde397c0c9f34cff,/home/sparsh/Naplam/Bangladesh-UAV-PlantDisease/Training Dataset/Mixed/TN-2175.jpg,Mixed,TN-2175.jpg,2
5d284449fc2e48b69280b147e2121de2,/home/sparsh/Naplam/Bangladesh-UAV-PlantDisease/Training Dataset/Mixed/TN-1097.jpg,Mixed,TN-1097.jpg,2
b237e0c7a8ae1a9525cbc404e261b4ec,/home/sparsh/Naplam/Bangladesh-UAV-PlantDisease/Training Dataset/Mixed/TN-2121.jpg,Mixed,TN-2121.jpg,2
a7554c7edb25e6d00bff7a9b910aac68,/home/sparsh/Naplam/Bangladesh-UAV-PlantDisease/Training Dataset/Mixed/TN-1382.jpg,Mixed,TN-1382.jpg,2
4bcde412d34f8f4770c9f043bf5f21f1,/home/sparsh/Naplam/Bangladesh-UAV-PlantDisease/Training Dataset/Cotton Bollworm Infestation/TN-326.jpg,Cotton Bollworm Infestation,TN-326.jpg,0
c82f88c25f9bf021e960641c8d8922cd,/home/sparsh/Naplam/Bangladesh-UAV-PlantDisease/Training Dataset/Mixed/TN-1260.jpg,Mixed,TN-1260.jpg,2
de369ed5f4edbd1c9187ae16d45d9c21,/home/sparsh/Naplam/Bangladesh-UAV-PlantDisease/Test Dataset/Root Damage/TN-213.jpg,Root Damage,TN-213.jpg,3
ead0fbf7245e9beb0d6676bf40986743,/home/sparsh/Naplam/Bangladesh-UAV-PlantDisease/Test Dataset/Hail damages/TN-1887.jpg,Hail damage,TN-1887.jpg,1
f3acd829094b515b4cefae950a95b944,/home/sparsh/Naplam/Bangladesh-UAV-PlantDisease/Training Dataset/Mixed/TN-2040.jpg,Mixed,TN-2040.jpg,2
9a1f808a03b987df85ec691d4b0aba28,/home/sparsh/Naplam/Bangladesh-UAV-PlantDisease/Test Dataset/Hail damages/TN-1017.jpg,Hail damage,TN-1017.jpg,1
2e5c7768857d4a47c18a1897d2a107cc,/home/sparsh/Naplam/Bangladesh-UAV-PlantDisease/Training Dataset/Strong-Light Burn/TN-512.jpg,Strong-Light Burn,TN-512.jpg,4
b24d4d36eb52048fe994af95381e7a01,/home/sparsh/Naplam/Bangladesh-UAV-PlantDisease/Training Dataset/Cotton Bollworm Infestation/TN-626.jpg,Cotton Bollworm Infestation,TN-626.jpg,0
3680a0a38565814da0007bfe222b03f3,/home/sparsh/Naplam/Bangladesh-UAV-PlantDisease/Test Dataset/Hail damages/TN-1149.jpg,Hail damage,TN-1149.jpg,1
a5ac34cfa842466b21c9d35f2ff8c3b1,/home/sparsh/Naplam/Bangladesh-UAV-PlantDisease/Training Dataset/Mixed/TN-930.jpg,Mixed,TN-930.jpg,2
297a206198c8d7402475943769997663,/home/sparsh/Naplam/Bangladesh-UAV-PlantDisease/Training Dataset/Hail damage/TN-589.jpg,Hail damage,TN-589.jpg,1
caf6f2f9af47cb604bce0316928df449,/home/sparsh/Naplam/Bangladesh-UAV-PlantDisease/Test Dataset/Hail damages/TN-1331.jpg,Hail damage,TN-1331.jpg,1
2b3ad89da186c0886bbd6db530c97476,/home/sparsh/Naplam/Bangladesh-UAV-PlantDisease/Test Dataset/Mixed/TN-22.jpg,Mixed,TN-22.jpg,2
3ee29d51e560359379b2129d3d961de2,/home/sparsh/Naplam/Bangladesh-UAV-PlantDisease/Test Dataset/Hail damages/TN-2143.jpg,Hail damage,TN-2143.jpg,1
90f495104603a73717b89e78cef87b74,/home/sparsh/Naplam/Bangladesh-UAV-PlantDisease/Training Dataset/Mixed/TN-2326.jpg,Mixed,TN-2326.jpg,2
de20d2ca96483d79bcc5d6e2ce7404f8,/home/sparsh/Naplam/Bangladesh-UAV-PlantDisease/Test Dataset/Hail damages/TN-384.jpg,Hail damage,TN-384.jpg,1
a07c807ed1de9891112b22577c50e538,/home/sparsh/Naplam/Bangladesh-UAV-PlantDisease/Training Dataset/Mixed/TN-1724.jpg,Mixed,TN-1724.jpg,2
1a30efc722250f47e41e88f850be53fd,/home/sparsh/Naplam/Bangladesh-UAV-PlantDisease/Training Dataset/Mixed/TN-1300.jpg,Mixed,TN-1300.jpg,2
b0da40b03da956aef6203f210d80b668,/home/sparsh/Naplam/Bangladesh-UAV-PlantDisease/Test Dataset/Hail damages/TN-20.jpg,Hail damage,TN-20.jpg,1
0d700e3c185612f196b95a3e3e6518a5,/home/sparsh/Naplam/Bangladesh-UAV-PlantDisease/Test Dataset/Hail damages/TN-2890.jpg,Hail damage,TN-2890.jpg,1
ef40c255569a680ac9b78621a3f78d3d,/home/sparsh/Naplam/Bangladesh-UAV-PlantDisease/Training Dataset/Mixed/TN-1866.jpg,Mixed,TN-1866.jpg,2
97198462edd2648f360ee61124dd9bb7,/home/sparsh/Naplam/Bangladesh-UAV-PlantDisease/Training Dataset/Root Damage/TN-50.jpg,Root Damage,TN-50.jpg,3
a5916bb305b4cf3382a4b637c56a13e4,/home/sparsh/Naplam/Bangladesh-UAV-PlantDisease/Training Dataset/Mixed/TN-1887.jpg,Mixed,TN-1887.jpg,2
8712d4c2e7940199e8b6f57a8ce76873,/home/sparsh/Naplam/Bangladesh-UAV-PlantDisease/Training Dataset/Hail damage/TN-698.jpg,Hail damage,TN-698.jpg,1
dd8c78bc88705147e30531e908cee029,/home/sparsh/Naplam/Bangladesh-UAV-PlantDisease/Training Dataset/Mixed/TN-588.jpg,Mixed,TN-588.jpg,2
dca63e1d7496044e2ba833aa37017c52,/home/sparsh/Naplam/Bangladesh-UAV-PlantDisease/Training Dataset/Strong-Light Burn/TN-286.jpg,Strong-Light Burn,TN-286.jpg,4
5ba441137003a93a872be705eac2da0a,/home/sparsh/Naplam/Bangladesh-UAV-PlantDisease/Training Dataset/Mixed/TN-2355.jpg,Mixed,TN-2355.jpg,2
63bb36cd7833bab1cd2e3b3295274708,/home/sparsh/Naplam/Bangladesh-UAV-PlantDisease/Test Dataset/Hail damages/TN-2258.jpg,Hail damage,TN-2258.jpg,1
adab3f9bd19e845ac26a11cb2588da51,/home/sparsh/Naplam/Bangladesh-UAV-PlantDisease/Training Dataset/Strong-Light Burn/TN-139.jpg,Strong-Light Burn,TN-139.jpg,4
1ad19847e5e6d73ecd7899c040b81baa,/home/sparsh/Naplam/Bangladesh-UAV-PlantDisease/Test Dataset/Hail damages/TN-2086.jpg,Hail damage,TN-2086.jpg,1
90f7a8e8ffc6004d71a486cb0d98e5f8,/home/sparsh/Naplam/Bangladesh-UAV-PlantDisease/Training Dataset/Mixed/TN-1098.jpg,Mixed,TN-1098.jpg,2
e2b0a54c7e358b8434139564b120be73,/home/sparsh/Naplam/Bangladesh-UAV-PlantDisease/Training Dataset/Strong-Light Burn/TN-418.jpg,Strong-Light Burn,TN-418.jpg,4
7fcf1adbe2d01bd308ac21f887e7d6c0,/home/sparsh/Naplam/Bangladesh-UAV-PlantDisease/Training Dataset/Root Damage/TN-460.jpg,Root Damage,TN-460.jpg,3
e705fd57b46ed850704b220dc00af727,/home/sparsh/Naplam/Bangladesh-UAV-PlantDisease/Training Dataset/Cotton Bollworm Infestation/TN-681.jpg,Cotton Bollworm Infestation,TN-681.jpg,0
ed39f29f57e77bf70bfd9a2a6619a2fb,/home/sparsh/Naplam/Bangladesh-UAV-PlantDisease/Training Dataset/Strong-Light Burn/TN-452.jpg,Strong-Light Burn,TN-452.jpg,4
94803bb6c6409ec1a44579f558c65a07,/home/sparsh/Naplam/Bangladesh-UAV-PlantDisease/Test Dataset/Hail damages/TN-1410.jpg,Hail damage,TN-1410.jpg,1
3bb8c6bbdd2f4a4dbe57b67356075afc,/home/sparsh/Naplam/Bangladesh-UAV-PlantDisease/Training Dataset/Mixed/TN-2220.jpg,Mixed,TN-2220.jpg,2
c8982f17ebbf1a6bc99148a614f11495,/home/sparsh/Naplam/Bangladesh-UAV-PlantDisease/Training Dataset/Root Damage/TN-673.jpg,Root Damage,TN-673.jpg,3
1aaf8edbcd52cd9efa50765bb82b4e85,/home/sparsh/Naplam/Bangladesh-UAV-PlantDisease/Training Dataset/Cotton Bollworm Infestation/TN-757.jpg,Cotton Bollworm Infestation,TN-757.jpg,0
3657ed7873c494f6cc1efd05b18179a7,/home/sparsh/Naplam/Bangladesh-UAV-PlantDisease/Test Dataset/Hail damages/TN-1040.jpg,Hail damage,TN-1040.jpg,1
385e4892222424b9448c8cd945a8194d,/home/sparsh/Naplam/Bangladesh-UAV-PlantDisease/Training Dataset/Mixed/TN-847.jpg,Mixed,TN-847.jpg,2
4705c44d46e98d41d66a68b5f1b99186,/home/sparsh/Naplam/Bangladesh-UAV-PlantDisease/Training Dataset/Mixed/TN-437.jpg,Mixed,TN-437.jpg,2
aaa342f1adbb46a9b21a19f7a1df3589,/home/sparsh/Naplam/Bangladesh-UAV-PlantDisease/Training Dataset/Root Damage/TN-505.jpg,Root Damage,TN-505.jpg,3
9d1785ba98c478043ee1211e087473c4,/home/sparsh/Naplam/Bangladesh-UAV-PlantDisease/Training Dataset/Mixed/TN-950.jpg,Mixed,TN-950.jpg,2
1f254794c604ad9ade328e32cdcdd62d,/home/sparsh/Naplam/Bangladesh-UAV-PlantDisease/Training Dataset/Mixed/TN-655.jpg,Mixed,TN-655.jpg,2
52c0e5ea0edf4225f4d47ac1d2e1a3fc,/home/sparsh/Naplam/Bangladesh-UAV-PlantDisease/Training Dataset/Mixed/TN-972.jpg,Mixed,TN-972.jpg,2
ceeb31c7864c28a0933b3515a7fe104a,/home/sparsh/Naplam/Bangladesh-UAV-PlantDisease/Training Dataset/Cotton Bollworm Infestation/TN-803.jpg,Cotton Bollworm Infestation,TN-803.jpg,0
90bc815e7976ec5f9d4deefdbffcdf3f,/home/sparsh/Naplam/Bangladesh-UAV-PlantDisease/Test Dataset/Cotton Bollworm Infestation/TN-90.jpg,Cotton Bollworm Infestation,TN-90.jpg,0
7547e04db0bf299ea60c1f35b626814d,/home/sparsh/Naplam/Bangladesh-UAV-PlantDisease/Training Dataset/Hail damage/TN-275.jpg,Hail damage,TN-275.jpg,1
9d3fe4d8aa6d944b7d784c4c3c95cf8b,/home/sparsh/Naplam/Bangladesh-UAV-PlantDisease/Training Dataset/Root Damage/TN-764.jpg,Root Damage,TN-764.jpg,3
47ed3266d4d70a472b541463431901e4,/home/sparsh/Naplam/Bangladesh-UAV-PlantDisease/Training Dataset/Cotton Bollworm Infestation/TN-873.jpg,Cotton Bollworm Infestation,TN-873.jpg,0
fca06a93ad1d3010ee18dc86e12710b4,/home/sparsh/Naplam/Bangladesh-UAV-PlantDisease/Test Dataset/Hail damages/TN-2527.jpg,Hail damage,TN-2527.jpg,1
b22623a5415504ca184b689be9d6be4b,/home/sparsh/Naplam/Bangladesh-UAV-PlantDisease/Training Dataset/Mixed/TN-1720.jpg,Mixed,TN-1720.jpg,2
f736d723dba2b892c0d9da66e0fc0284,/home/sparsh/Naplam/Bangladesh-UAV-PlantDisease/Training Dataset/Strong-Light Burn/TN-31.jpg,Strong-Light Burn,TN-31.jpg,4
cd398101def7f925ca97f1af0983f2fb,/home/sparsh/Naplam/Bangladesh-UAV-PlantDisease/Training Dataset/Root Damage/TN-492.jpg,Root Damage,TN-492.jpg,3
4cbcaa66b42628074b99c983e06b8487,/home/sparsh/Naplam/Bangladesh-UAV-PlantDisease/Test Dataset/Hail damages/TN-1634.jpg,Hail damage,TN-1634.jpg,1
382f7b2004fed6b0e5168e6692e8a25c,/home/sparsh/Naplam/Bangladesh-UAV-PlantDisease/Training Dataset/Mixed/TN-1461.jpg,Mixed,TN-1461.jpg,2
42678a2a48e3add8eba81c2582ec6e1e,/home/sparsh/Naplam/Bangladesh-UAV-PlantDisease/Training Dataset/Root Damage/TN-388.jpg,Root Damage,TN-388.jpg,3
9f688d98605278e18ea93c7543e0d76f,/home/sparsh/Naplam/Bangladesh-UAV-PlantDisease/Training Dataset/Root Damage/TN-185.jpg,Root Damage,TN-185.jpg,3
8750c2cc0ea534672c24e171047ddedb,/home/sparsh/Naplam/Bangladesh-UAV-PlantDisease/Training Dataset/Strong-Light Burn/TN-517.jpg,Strong-Light Burn,TN-517.jpg,4
c4ac9926894e62d04f28ad77b6c651a4,/home/sparsh/Naplam/Bangladesh-UAV-PlantDisease/Training Dataset/Mixed/TN-168.jpg,Mixed,TN-168.jpg,2
267bed471601e69f2d6a39e1aa5ac987,/home/sparsh/Naplam/Bangladesh-UAV-PlantDisease/Training Dataset/Mixed/TN-2141.jpg,Mixed,TN-2141.jpg,2
03e5965e9cede22937e690bffff36e1e,/home/sparsh/Naplam/Bangladesh-UAV-PlantDisease/Training Dataset/Mixed/TN-1323.jpg,Mixed,TN-1323.jpg,2
1ffb0ff111862cef5ed6e4008a8e2290,/home/sparsh/Naplam/Bangladesh-UAV-PlantDisease/Test Dataset/Hail damages/TN-1450.jpg,Hail damage,TN-1450.jpg,1
eb967ea0ea1584602b19cd25810ae584,/home/sparsh/Naplam/Bangladesh-UAV-PlantDisease/Training Dataset/Strong-Light Burn/TN-674.jpg,Strong-Light Burn,TN-674.jpg,4
93eebddc6fb8679752f31f3d50488d93,/home/sparsh/Naplam/Bangladesh-UAV-PlantDisease/Training Dataset/Cotton Bollworm Infestation/TN-583.jpg,Cotton Bollworm Infestation,TN-583.jpg,0
41459370fd6e4e11599a921facbf5d04,/home/sparsh/Naplam/Bangladesh-UAV-PlantDisease/Training Dataset/Root Damage/TN-195.jpg,Root Damage,TN-195.jpg,3
00d633e9625351db42e74f052a9e367c,/home/sparsh/Naplam/Bangladesh-UAV-PlantDisease/Training Dataset/Mixed/TN-2265.jpg,Mixed,TN-2265.jpg,2
75128237a15fbdd87ab4640f498ebeed,/home/sparsh/Naplam/Bangladesh-UAV-PlantDisease/Test Dataset/Hail damages/TN-1465.jpg,Hail damage,TN-1465.jpg,1
ec9a6c645e96131fcb671c22584d36c4,/home/sparsh/Naplam/Bangladesh-UAV-PlantDisease/Training Dataset/Mixed/TN-1185.jpg,Mixed,TN-1185.jpg,2
542c66eebfe8f476ffe949a31489ea2f,/home/sparsh/Naplam/Bangladesh-UAV-PlantDisease/Test Dataset/Hail damages/TN-1075.jpg,Hail damage,TN-1075.jpg,1
c74e03f5827852d4f4d1af91c9eb3221,/home/sparsh/Naplam/Bangladesh-UAV-PlantDisease/Training Dataset/Cotton Bollworm Infestation/TN-546.jpg,Cotton Bollworm Infestation,TN-546.jpg,0
6af117d30a2e317fbef85da1744ab438,/home/sparsh/Naplam/Bangladesh-UAV-PlantDisease/Training Dataset/Mixed/TN-2266.jpg,Mixed,TN-2266.jpg,2
1fa14f2a7aab7db2fea4322ba288f136,/home/sparsh/Naplam/Bangladesh-UAV-PlantDisease/Training Dataset/Mixed/TN-1193.jpg,Mixed,TN-1193.jpg,2
0d29477049dbe4bd5c1c3e0363b1a757,/home/sparsh/Naplam/Bangladesh-UAV-PlantDisease/Training Dataset/Strong-Light Burn/TN-550.jpg,Strong-Light Burn,TN-550.jpg,4
0d39fb19baad8695e6210aadbf65e147,/home/sparsh/Naplam/Bangladesh-UAV-PlantDisease/Test Dataset/Hail damages/TN-417.jpg,Hail damage,TN-417.jpg,1
846920c7b98fe309057e5648a147a6ac,/home/sparsh/Naplam/Bangladesh-UAV-PlantDisease/Test Dataset/Hail damages/TN-2305.jpg,Hail damage,TN-2305.jpg,1
be7558fc3dd2d64cad1df8e528776eb8,/home/sparsh/Naplam/Bangladesh-UAV-PlantDisease/Test Dataset/Hail damages/TN-1136.jpg,Hail damage,TN-1136.jpg,1
7279df8227b096b1404c4912fc98b38f,/home/sparsh/Naplam/Bangladesh-UAV-PlantDisease/Training Dataset/Mixed/TN-131.jpg,Mixed,TN-131.jpg,2
b9ca6366a54657b26ad43f9cd750f9d3,/home/sparsh/Naplam/Bangladesh-UAV-PlantDisease/Training Dataset/Root Damage/TN-32.jpg,Root Damage,TN-32.jpg,3
0987b4cfa1e56aca471f41a21b0751b9,/home/sparsh/Naplam/Bangladesh-UAV-PlantDisease/Training Dataset/Strong-Light Burn/TN-290.jpg,Strong-Light Burn,TN-290.jpg,4
a48a25edfe3469f3841fef2088b3e7a0,/home/sparsh/Naplam/Bangladesh-UAV-PlantDisease/Training Dataset/Mixed/TN-689.jpg,Mixed,TN-689.jpg,2
d618c1bab2965c38a8e3d538b8d98311,/home/sparsh/Naplam/Bangladesh-UAV-PlantDisease/Training Dataset/Mixed/TN-1551.jpg,Mixed,TN-1551.jpg,2
57f004f4fa9b3e37e28faee4ad7c1d3d,/home/sparsh/Naplam/Bangladesh-UAV-PlantDisease/Test Dataset/Root Damage/TN-401.jpg,Root Damage,TN-401.jpg,3
43325f6b035d8e15341d9e17f5249d8e,/home/sparsh/Naplam/Bangladesh-UAV-PlantDisease/Training Dataset/Mixed/TN-658.jpg,Mixed,TN-658.jpg,2
35b50c26a1be94dd6428b112169bb8e1,/home/sparsh/Naplam/Bangladesh-UAV-PlantDisease/Training Dataset/Strong-Light Burn/TN-262.jpg,Strong-Light Burn,TN-262.jpg,4
7ec33f3ec0a8acdc954d695816126382,/home/sparsh/Naplam/Bangladesh-UAV-PlantDisease/Training Dataset/Mixed/TN-867.jpg,Mixed,TN-867.jpg,2
479164905aa366b0d8bebc65c638a108,/home/sparsh/Naplam/Bangladesh-UAV-PlantDisease/Training Dataset/Mixed/TN-849.jpg,Mixed,TN-849.jpg,2
e64ce1ed82c70ef3efdb30aac591ddf7,/home/sparsh/Naplam/Bangladesh-UAV-PlantDisease/Training Dataset/Root Damage/TN-91.jpg,Root Damage,TN-91.jpg,3
36af324a2dc8277c0359cb2c85658eff,/home/sparsh/Naplam/Bangladesh-UAV-PlantDisease/Training Dataset/Mixed/TN-954.jpg,Mixed,TN-954.jpg,2
6a823e24fa0f84b3b97a31520242497f,/home/sparsh/Naplam/Bangladesh-UAV-PlantDisease/Training Dataset/Mixed/TN-988.jpg,Mixed,TN-988.jpg,2
649ad60e2ba5dbb8cf19c88c9de8c3e3,/home/sparsh/Naplam/Bangladesh-UAV-PlantDisease/Training Dataset/Hail damage/TN-344.jpg,Hail damage,TN-344.jpg,1
f3b2ab772dbae70361c04d2d2ee7d3e7,/home/sparsh/Naplam/Bangladesh-UAV-PlantDisease/Training Dataset/Root Damage/TN-377.jpg,Root Damage,TN-377.jpg,3
25be0e4436d1fc713269bae4cf8a4259,/home/sparsh/Naplam/Bangladesh-UAV-PlantDisease/Test Dataset/Hail damages/TN-1858.jpg,Hail damage,TN-1858.jpg,1
493338d36c222e3a9895224a30fb6517,/home/sparsh/Naplam/Bangladesh-UAV-PlantDisease/Test Dataset/Hail damages/TN-386.jpg,Hail damage,TN-386.jpg,1
4e705f75346cbce8ed84e9d5980d1856,/home/sparsh/Naplam/Bangladesh-UAV-PlantDisease/Test Dataset/Hail damages/TN-1439.jpg,Hail damage,TN-1439.jpg,1
325ab43998b44b7db3d3d5a060b23fcc,/home/sparsh/Naplam/Bangladesh-UAV-PlantDisease/Test Dataset/Hail damages/TN-2236.jpg,Hail damage,TN-2236.jpg,1
cd62ac15530ac71a3dbc88d962b417ed,/home/sparsh/Naplam/Bangladesh-UAV-PlantDisease/Test Dataset/Hail damages/TN-967.jpg,Hail damage,TN-967.jpg,1
0bc6b837bc120c40de4958f51737d4cd,/home/sparsh/Naplam/Bangladesh-UAV-PlantDisease/Test Dataset/Hail damages/TN-1199.jpg,Hail damage,TN-1199.jpg,1
dc1e42f817e8ba5b5e84b7f04496685c,/home/sparsh/Naplam/Bangladesh-UAV-PlantDisease/Training Dataset/Mixed/TN-2274.jpg,Mixed,TN-2274.jpg,2
6595ef0bf938c868e28bd54236266821,/home/sparsh/Naplam/Bangladesh-UAV-PlantDisease/Training Dataset/Cotton Bollworm Infestation/TN-878.jpg,Cotton Bollworm Infestation,TN-878.jpg,0
c12b3619f09914cc857a6f074d308a59,/home/sparsh/Naplam/Bangladesh-UAV-PlantDisease/Training Dataset/Root Damage/TN-242.jpg,Root Damage,TN-242.jpg,3
afd6f11d405588f15d93a220bf845cf5,/home/sparsh/Naplam/Bangladesh-UAV-PlantDisease/Test Dataset/Hail damages/TN-2110.jpg,Hail damage,TN-2110.jpg,1
f18747f650183e2feee0dc4b5af60781,/home/sparsh/Naplam/Bangladesh-UAV-PlantDisease/Training Dataset/Mixed/TN-499.jpg,Mixed,TN-499.jpg,2
cd2efb9899d601ad319ad672c010653d,/home/sparsh/Naplam/Bangladesh-UAV-PlantDisease/Training Dataset/Mixed/TN-39.jpg,Mixed,TN-39.jpg,2
a240fd387a33b78117c36b9cc0eb1ea1,/home/sparsh/Naplam/Bangladesh-UAV-PlantDisease/Test Dataset/Hail damages/TN-1166.jpg,Hail damage,TN-1166.jpg,1
f83b35b426fe87a852658aa49557295a,/home/sparsh/Naplam/Bangladesh-UAV-PlantDisease/Training Dataset/Mixed/TN-313.jpg,Mixed,TN-313.jpg,2
a31bf152a38e185fd6b390c094ba9050,/home/sparsh/Naplam/Bangladesh-UAV-PlantDisease/Test Dataset/Hail damages/TN-1047.jpg,Hail damage,TN-1047.jpg,1
f4a9ba19cb9c08291befe926f2fa97b4,/home/sparsh/Naplam/Bangladesh-UAV-PlantDisease/Training Dataset/Mixed/TN-572.jpg,Mixed,TN-572.jpg,2
20ba17326c91bd074009db5bc7e6a56e,/home/sparsh/Naplam/Bangladesh-UAV-PlantDisease/Training Dataset/Root Damage/TN-707.jpg,Root Damage,TN-707.jpg,3
1f4b00c1b08cb21a43e9109310994212,/home/sparsh/Naplam/Bangladesh-UAV-PlantDisease/Training Dataset/Mixed/TN-608.jpg,Mixed,TN-608.jpg,2
6bdfe7440b48dd17c868c7683e6a1213,/home/sparsh/Naplam/Bangladesh-UAV-PlantDisease/Test Dataset/Hail damages/TN-1295.jpg,Hail damage,TN-1295.jpg,1
820f599e69d997ac1fdcecde9346020f,/home/sparsh/Naplam/Bangladesh-UAV-PlantDisease/Training Dataset/Cotton Bollworm Infestation/TN-320.jpg,Cotton Bollworm Infestation,TN-320.jpg,0
6882f44994e96f904e2708b3d12b941c,/home/sparsh/Naplam/Bangladesh-UAV-PlantDisease/Test Dataset/Hail damages/TN-244.jpg,Hail damage,TN-244.jpg,1
c52fc8dff7b1d1134381705d8a38606c,/home/sparsh/Naplam/Bangladesh-UAV-PlantDisease/Training Dataset/Mixed/TN-1781.jpg,Mixed,TN-1781.jpg,2
1020ea5ca88ae14a0e7b975f85fd486b,/home/sparsh/Naplam/Bangladesh-UAV-PlantDisease/Training Dataset/Mixed/TN-749.jpg,Mixed,TN-749.jpg,2
3f62e19aa0a246dadcdd7e2a8f6f068c,/home/sparsh/Naplam/Bangladesh-UAV-PlantDisease/Training Dataset/Mixed/TN-1554.jpg,Mixed,TN-1554.jpg,2
e793d632129854e711c26d8ddac6645a,/home/sparsh/Naplam/Bangladesh-UAV-PlantDisease/Test Dataset/Hail damages/TN-498.jpg,Hail damage,TN-498.jpg,1
5b9db34655fc9400fe8ead5f37e5d6b5,/home/sparsh/Naplam/Bangladesh-UAV-PlantDisease/Training Dataset/Root Damage/TN-424.jpg,Root Damage,TN-424.jpg,3
dc4387f5543658b08c064c1b07feee8a,/home/sparsh/Naplam/Bangladesh-UAV-PlantDisease/Training Dataset/Hail damage/TN-239.jpg,Hail damage,TN-239.jpg,1
2bf6bad490941bbcddb30e360d2406d5,/home/sparsh/Naplam/Bangladesh-UAV-PlantDisease/Training Dataset/Mixed/TN-419.jpg,Mixed,TN-419.jpg,2
5689d8ebbd851523e1829670313cc97f,/home/sparsh/Naplam/Bangladesh-UAV-PlantDisease/Training Dataset/Mixed/TN-1994.jpg,Mixed,TN-1994.jpg,2
c2d345f24741912a25fafd77adfc90c6,/home/sparsh/Naplam/Bangladesh-UAV-PlantDisease/Test Dataset/Hail damages/TN-980.jpg,Hail damage,TN-980.jpg,1
7263a033f3fb7544f2c27daaf9ab6b81,/home/sparsh/Naplam/Bangladesh-UAV-PlantDisease/Training Dataset/Mixed/TN-2348.jpg,Mixed,TN-2348.jpg,2
61a344839d9f51eda265c067a9acf55b,/home/sparsh/Naplam/Bangladesh-UAV-PlantDisease/Test Dataset/Hail damages/TN-1900.jpg,Hail damage,TN-1900.jpg,1
e157cdf43b74a5257c7db61806175035,/home/sparsh/Naplam/Bangladesh-UAV-PlantDisease/Training Dataset/Mixed/TN-1146.jpg,Mixed,TN-1146.jpg,2
3037fc9986dc006b4fd59209a679df82,/home/sparsh/Naplam/Bangladesh-UAV-PlantDisease/Training Dataset/Hail damage/TN-574.jpg,Hail damage,TN-574.jpg,1
392c11180c2d42bf0d9ef139866d35ac,/home/sparsh/Naplam/Bangladesh-UAV-PlantDisease/Training Dataset/Root Damage/TN-359.jpg,Root Damage,TN-359.jpg,3
aecf16fb589fa91922419a698998857e,/home/sparsh/Naplam/Bangladesh-UAV-PlantDisease/Training Dataset/Cotton Bollworm Infestation/TN-743.jpg,Cotton Bollworm Infestation,TN-743.jpg,0
3f0944627609d78ec075d76faacac0c6,/home/sparsh/Naplam/Bangladesh-UAV-PlantDisease/Training Dataset/Mixed/TN-440.jpg,Mixed,TN-440.jpg,2
9c5eb1cfe6b0efc737bae754d273228d,/home/sparsh/Naplam/Bangladesh-UAV-PlantDisease/Training Dataset/Mixed/TN-1528.jpg,Mixed,TN-1528.jpg,2
53badabd01807f8950c51b36172bbf83,/home/sparsh/Naplam/Bangladesh-UAV-PlantDisease/Test Dataset/Hail damages/TN-2770.jpg,Hail damage,TN-2770.jpg,1
c7918761cb78d859bef9d3485ee67bac,/home/sparsh/Naplam/Bangladesh-UAV-PlantDisease/Test Dataset/Hail damages/TN-736.jpg,Hail damage,TN-736.jpg,1
db923458ac23b2f9fc0a82c7b796586b,/home/sparsh/Naplam/Bangladesh-UAV-PlantDisease/Test Dataset/Hail damages/TN-2289.jpg,Hail damage,TN-2289.jpg,1
5cc3099f8d09c8d8bb419490c35b8a90,/home/sparsh/Naplam/Bangladesh-UAV-PlantDisease/Test Dataset/Hail damages/TN-1070.jpg,Hail damage,TN-1070.jpg,1
162835750905da2b4f8ce80b206c107d,/home/sparsh/Naplam/Bangladesh-UAV-PlantDisease/Training Dataset/Cotton Bollworm Infestation/TN-438.jpg,Cotton Bollworm Infestation,TN-438.jpg,0
18614a15451e49f2e9103abad1ebeef1,/home/sparsh/Naplam/Bangladesh-UAV-PlantDisease/Training Dataset/Cotton Bollworm Infestation/TN-491.jpg,Cotton Bollworm Infestation,TN-491.jpg,0
bcdfb8be501e3db9418a1253b1f76d6d,/home/sparsh/Naplam/Bangladesh-UAV-PlantDisease/Training Dataset/Hail damage/TN-586.jpg,Hail damage,TN-586.jpg,1
bbe878fabcae20af0fb14cf2a861ceaf,/home/sparsh/Naplam/Bangladesh-UAV-PlantDisease/Training Dataset/Cotton Bollworm Infestation/TN-426.jpg,Cotton Bollworm Infestation,TN-426.jpg,0
da6f99437d6e211d15570ae100014be9,/home/sparsh/Naplam/Bangladesh-UAV-PlantDisease/Training Dataset/Cotton Bollworm Infestation/TN-892.jpg,Cotton Bollworm Infestation,TN-892.jpg,0
5955dd203ef189b38753c16bf9b92244,/home/sparsh/Naplam/Bangladesh-UAV-PlantDisease/Training Dataset/Cotton Bollworm Infestation/TN-922.jpg,Cotton Bollworm Infestation,TN-922.jpg,0
facef742f286e01071d631b0e3ff0ae2,/home/sparsh/Naplam/Bangladesh-UAV-PlantDisease/Training Dataset/Root Damage/TN-392.jpg,Root Damage,TN-392.jpg,3
28d292724c08031d07e81af9fbc5dab3,/home/sparsh/Naplam/Bangladesh-UAV-PlantDisease/Training Dataset/Mixed/TN-80.jpg,Mixed,TN-80.jpg,2
8ab8290454f452241f948a932c048506,/home/sparsh/Naplam/Bangladesh-UAV-PlantDisease/Test Dataset/Hail damages/TN-467.jpg,Hail damage,TN-467.jpg,1
2e18774c1ccffb620419ed36e4463aa1,/home/sparsh/Naplam/Bangladesh-UAV-PlantDisease/Training Dataset/Strong-Light Burn/TN-154.jpg,Strong-Light Burn,TN-154.jpg,4
07789f071ac8cb1aaf7546bd3350ba9b,/home/sparsh/Naplam/Bangladesh-UAV-PlantDisease/Training Dataset/Root Damage/TN-343.jpg,Root Damage,TN-343.jpg,3
9671ec26965c1530269b157c5ce33ebe,/home/sparsh/Naplam/Bangladesh-UAV-PlantDisease/Training Dataset/Root Damage/TN-768.jpg,Root Damage,TN-768.jpg,3
ea4d7562c51a5041d60c59a3481a8708,/home/sparsh/Naplam/Bangladesh-UAV-PlantDisease/Training Dataset/Strong-Light Burn/TN-3.jpg,Strong-Light Burn,TN-3.jpg,4
26f219403c6950b293863b7505dc3569,/home/sparsh/Naplam/Bangladesh-UAV-PlantDisease/Training Dataset/Mixed/TN-716.jpg,Mixed,TN-716.jpg,2
af8192329fdb8a43caa1eaa125c79a29,/home/sparsh/Naplam/Bangladesh-UAV-PlantDisease/Training Dataset/Mixed/TN-394.jpg,Mixed,TN-394.jpg,2
65a41a39c5f566872d0ff9bbdf20ef2b,/home/sparsh/Naplam/Bangladesh-UAV-PlantDisease/Training Dataset/Cotton Bollworm Infestation/TN-346.jpg,Cotton Bollworm Infestation,TN-346.jpg,0
7819cfc7564e9e38c114cd67046366fd,/home/sparsh/Naplam/Bangladesh-UAV-PlantDisease/Training Dataset/Root Damage/TN-633.jpg,Root Damage,TN-633.jpg,3
7dae7f9ce192ebcc03180a036d54346a,/home/sparsh/Naplam/Bangladesh-UAV-PlantDisease/Training Dataset/Hail damage/TN-604.jpg,Hail damage,TN-604.jpg,1
32c46bcc75b4bb960fbac8c529180c0b,/home/sparsh/Naplam/Bangladesh-UAV-PlantDisease/Training Dataset/Mixed/TN-2344.jpg,Mixed,TN-2344.jpg,2
50ef94ce4dfa6391dbb09ef59068774b,/home/sparsh/Naplam/Bangladesh-UAV-PlantDisease/Test Dataset/Hail damages/TN-2368.jpg,Hail damage,TN-2368.jpg,1
da933176f6992b9d8df4f8c3471e19ec,/home/sparsh/Naplam/Bangladesh-UAV-PlantDisease/Test Dataset/Hail damages/TN-1704.jpg,Hail damage,TN-1704.jpg,1
950685d2ca613e7d289b40110975fddb,/home/sparsh/Naplam/Bangladesh-UAV-PlantDisease/Test Dataset/Hail damages/TN-741.jpg,Hail damage,TN-741.jpg,1
3e06de5d02a3440891ece39ec69e7cc6,/home/sparsh/Naplam/Bangladesh-UAV-PlantDisease/Training Dataset/Mixed/TN-968.jpg,Mixed,TN-968.jpg,2
3261ad72f68c0701a0f407133ad5bf8e,/home/sparsh/Naplam/Bangladesh-UAV-PlantDisease/Training Dataset/Hail damage/TN-580.jpg,Hail damage,TN-580.jpg,1
54bca80b262dc5df47703c7286a389a3,/home/sparsh/Naplam/Bangladesh-UAV-PlantDisease/Training Dataset/Strong-Light Burn/TN-513.jpg,Strong-Light Burn,TN-513.jpg,4
eabc6ba26ee1e6905b137a4bcca0a509,/home/sparsh/Naplam/Bangladesh-UAV-PlantDisease/Training Dataset/Cotton Bollworm Infestation/TN-745.jpg,Cotton Bollworm Infestation,TN-745.jpg,0
538694fd0fee185049f16865c1d60e4f,/home/sparsh/Naplam/Bangladesh-UAV-PlantDisease/Training Dataset/Mixed/TN-247.jpg,Mixed,TN-247.jpg,2
1cbb27c7edfc587e5c408120e804f9a2,/home/sparsh/Naplam/Bangladesh-UAV-PlantDisease/Training Dataset/Mixed/TN-2070.jpg,Mixed,TN-2070.jpg,2
0f2b877603e5ef552e7f3f51183c4054,/home/sparsh/Naplam/Bangladesh-UAV-PlantDisease/Training Dataset/Mixed/TN-281.jpg,Mixed,TN-281.jpg,2
ba9c5864d6d3bee813e32725f2014422,/home/sparsh/Naplam/Bangladesh-UAV-PlantDisease/Training Dataset/Mixed/TN-1847.jpg,Mixed,TN-1847.jpg,2
b38a5459d4afba91683cd3ff027d76f4,/home/sparsh/Naplam/Bangladesh-UAV-PlantDisease/Training Dataset/Mixed/TN-1325.jpg,Mixed,TN-1325.jpg,2
373321aefce5956741f9f31abef2a365,/home/sparsh/Naplam/Bangladesh-UAV-PlantDisease/Training Dataset/Cotton Bollworm Infestation/TN-400.jpg,Cotton Bollworm Infestation,TN-400.jpg,0
034a1a265b0654d11ae246e5330167e2,/home/sparsh/Naplam/Bangladesh-UAV-PlantDisease/Training Dataset/Strong-Light Burn/TN-48.jpg,Strong-Light Burn,TN-48.jpg,4
212d7c75834c46f03523eb563fcd8114,/home/sparsh/Naplam/Bangladesh-UAV-PlantDisease/Training Dataset/Cotton Bollworm Infestation/TN-453.jpg,Cotton Bollworm Infestation,TN-453.jpg,0
b41d52b277238e8824d3f8b42f76c25b,/home/sparsh/Naplam/Bangladesh-UAV-PlantDisease/Training Dataset/Cotton Bollworm Infestation/TN-641.jpg,Cotton Bollworm Infestation,TN-641.jpg,0
1fd26989d7aa2b66fdf69f95d9e27c7b,/home/sparsh/Naplam/Bangladesh-UAV-PlantDisease/Training Dataset/Hail damage/TN-509.jpg,Hail damage,TN-509.jpg,1
fd70479f90e11ba3ca9c47cdb3b43879,/home/sparsh/Naplam/Bangladesh-UAV-PlantDisease/Training Dataset/Mixed/TN-2236.jpg,Mixed,TN-2236.jpg,2
407b004ee128ed7f8307bdc59f53dd26,/home/sparsh/Naplam/Bangladesh-UAV-PlantDisease/Training Dataset/Mixed/TN-106.jpg,Mixed,TN-106.jpg,2
5f32432cb1b38e6c80e0fbd0190c3a57,/home/sparsh/Naplam/Bangladesh-UAV-PlantDisease/Training Dataset/Hail damage/TN-616.jpg,Hail damage,TN-616.jpg,1
17fcfe90b619fc86a89733a697f05b65,/home/sparsh/Naplam/Bangladesh-UAV-PlantDisease/Training Dataset/Hail damage/TN-601.jpg,Hail damage,TN-601.jpg,1
91d59fcfd8e545d26b6e7dc5b460d2e4,/home/sparsh/Naplam/Bangladesh-UAV-PlantDisease/Test Dataset/Hail damages/TN-1737.jpg,Hail damage,TN-1737.jpg,1
f9d0b7b47f5ee4616bf96cd58e2423fa,/home/sparsh/Naplam/Bangladesh-UAV-PlantDisease/Training Dataset/Mixed/TN-378.jpg,Mixed,TN-378.jpg,2
52b863e6f960485dea178e86313a97fd,/home/sparsh/Naplam/Bangladesh-UAV-PlantDisease/Test Dataset/Hail damages/TN-2956.jpg,Hail damage,TN-2956.jpg,1
81c38b19e300a49e36ae601e5b6f83d2,/home/sparsh/Naplam/Bangladesh-UAV-PlantDisease/Test Dataset/Hail damages/TN-366.jpg,Hail damage,TN-366.jpg,1
ccbcdbe3e667d9978c20c32576095c6a,/home/sparsh/Naplam/Bangladesh-UAV-PlantDisease/Training Dataset/Hail damage/TN-256.jpg,Hail damage,TN-256.jpg,1
62a67ecf9b5dfc25c28474eae7bf456e,/home/sparsh/Naplam/Bangladesh-UAV-PlantDisease/Training Dataset/Mixed/TN-791.jpg,Mixed,TN-791.jpg,2
d0dc120d442320f3ce297aca33990744,/home/sparsh/Naplam/Bangladesh-UAV-PlantDisease/Test Dataset/Hail damages/TN-2870.jpg,Hail damage,TN-2870.jpg,1
f2348cbc09daabb8431c68edc4564fcf,/home/sparsh/Naplam/Bangladesh-UAV-PlantDisease/Training Dataset/Mixed/TN-1114.jpg,Mixed,TN-1114.jpg,2
bf590788c391fb88c1e2ab63dbf7a848,/home/sparsh/Naplam/Bangladesh-UAV-PlantDisease/Training Dataset/Mixed/TN-1629.jpg,Mixed,TN-1629.jpg,2
89fc623eb4c63e488a4f6bcb77efe50a,/home/sparsh/Naplam/Bangladesh-UAV-PlantDisease/Training Dataset/Mixed/TN-769.jpg,Mixed,TN-769.jpg,2
8831fc93fac32fcc4f623d90976e2d24,/home/sparsh/Naplam/Bangladesh-UAV-PlantDisease/Training Dataset/Mixed/TN-2399.jpg,Mixed,TN-2399.jpg,2
fbd1c76b7112f966428950b0b0d0674a,/home/sparsh/Naplam/Bangladesh-UAV-PlantDisease/Training Dataset/Mixed/TN-1377.jpg,Mixed,TN-1377.jpg,2
cb950ace509fd1b5b43b624814226dbf,/home/sparsh/Naplam/Bangladesh-UAV-PlantDisease/Test Dataset/Hail damages/TN-1859.jpg,Hail damage,TN-1859.jpg,1
4e1f6c7e7f97cadc9c3bf9a83154ff20,/home/sparsh/Naplam/Bangladesh-UAV-PlantDisease/Test Dataset/Hail damages/TN-1948.jpg,Hail damage,TN-1948.jpg,1
cd51bfd7ab0172a20672492d8ce8cebf,/home/sparsh/Naplam/Bangladesh-UAV-PlantDisease/Training Dataset/Mixed/TN-1540.jpg,Mixed,TN-1540.jpg,2
7e5bac478761936e8805929e10c900da,/home/sparsh/Naplam/Bangladesh-UAV-PlantDisease/Test Dataset/Hail damages/TN-2819.jpg,Hail damage,TN-2819.jpg,1
55a8ce3c880710994cf76a49faf13944,/home/sparsh/Naplam/Bangladesh-UAV-PlantDisease/Training Dataset/Hail damage/TN-639.jpg,Hail damage,TN-639.jpg,1
e926b09674330f084e1e6f17626dd960,/home/sparsh/Naplam/Bangladesh-UAV-PlantDisease/Training Dataset/Cotton Bollworm Infestation/TN-825.jpg,Cotton Bollworm Infestation,TN-825.jpg,0
04b08b22352fdb9329ff86d68119dcf4,/home/sparsh/Naplam/Bangladesh-UAV-PlantDisease/Test Dataset/Hail damages/TN-2776.jpg,Hail damage,TN-2776.jpg,1
948e7b611d3551af020a963449ca7b3f,/home/sparsh/Naplam/Bangladesh-UAV-PlantDisease/Training Dataset/Hail damage/TN-666.jpg,Hail damage,TN-666.jpg,1
59df9eb3355d5067b0ff2133209fc3d8,/home/sparsh/Naplam/Bangladesh-UAV-PlantDisease/Training Dataset/Mixed/TN-1599.jpg,Mixed,TN-1599.jpg,2
58c4dd81e79f8b2e60f4beb28b2e2262,/home/sparsh/Naplam/Bangladesh-UAV-PlantDisease/Training Dataset/Mixed/TN-1842.jpg,Mixed,TN-1842.jpg,2
59c49035cc7b8bc12b186cb7ff9bdd47,/home/sparsh/Naplam/Bangladesh-UAV-PlantDisease/Test Dataset/Hail damages/TN-1427.jpg,Hail damage,TN-1427.jpg,1
01e8d60cc0ca4722bd1d91ece2d0119d,/home/sparsh/Naplam/Bangladesh-UAV-PlantDisease/Training Dataset/Root Damage/TN-157.jpg,Root Damage,TN-157.jpg,3
d5496a3bafbe8ca17e819da2bdd6ec40,/home/sparsh/Naplam/Bangladesh-UAV-PlantDisease/Training Dataset/Cotton Bollworm Infestation/TN-664.jpg,Cotton Bollworm Infestation,TN-664.jpg,0
2fe68471c9f0cb32beb0858c34c8df65,/home/sparsh/Naplam/Bangladesh-UAV-PlantDisease/Test Dataset/Strong-Light Burn/TN-70.jpg,Strong-Light Burn,TN-70.jpg,4
a42e3ae0f62a9f8bcab7ac861f1c066d,/home/sparsh/Naplam/Bangladesh-UAV-PlantDisease/Training Dataset/Root Damage/TN-806.jpg,Root Damage,TN-806.jpg,3
c7d43c76e2589a0d79b161b42c9100a7,/home/sparsh/Naplam/Bangladesh-UAV-PlantDisease/Training Dataset/Mixed/TN-2134.jpg,Mixed,TN-2134.jpg,2
b063fc39d3ed991b4a2550ad4625c9c8,/home/sparsh/Naplam/Bangladesh-UAV-PlantDisease/Test Dataset/Hail damages/TN-1617.jpg,Hail damage,TN-1617.jpg,1
5cbe7fed157f2f9842c455b01caa538e,/home/sparsh/Naplam/Bangladesh-UAV-PlantDisease/Training Dataset/Root Damage/TN-87.jpg,Root Damage,TN-87.jpg,3
8d7f7a4dbd79cf28691391b573db1024,/home/sparsh/Naplam/Bangladesh-UAV-PlantDisease/Test Dataset/Hail damages/TN-1589.jpg,Hail damage,TN-1589.jpg,1
c6f6740066d66aa283c5fc85c37fd64f,/home/sparsh/Naplam/Bangladesh-UAV-PlantDisease/Training Dataset/Mixed/TN-2359.jpg,Mixed,TN-2359.jpg,2
63b54e53c8b2f6eeda9caa7a78dd824e,/home/sparsh/Naplam/Bangladesh-UAV-PlantDisease/Test Dataset/Hail damages/TN-550.jpg,Hail damage,TN-550.jpg,1
df15b896855b32bf1fe61b9ffad0974b,/home/sparsh/Naplam/Bangladesh-UAV-PlantDisease/Training Dataset/Root Damage/TN-209.jpg,Root Damage,TN-209.jpg,3
6764495596ad0d745b1db8e7d52794d2,/home/sparsh/Naplam/Bangladesh-UAV-PlantDisease/Training Dataset/Hail damage/TN-644.jpg,Hail damage,TN-644.jpg,1
f5bf724c5e2450b873334197a78e9432,/home/sparsh/Naplam/Bangladesh-UAV-PlantDisease/Training Dataset/Mixed/TN-598.jpg,Mixed,TN-598.jpg,2
9430ecfef4e58bf13119e89cdfa1147f,/home/sparsh/Naplam/Bangladesh-UAV-PlantDisease/Test Dataset/Hail damages/TN-640.jpg,Hail damage,TN-640.jpg,1
b1bc7ae1c79040236875c2f36d58b1aa,/home/sparsh/Naplam/Bangladesh-UAV-PlantDisease/Training Dataset/Mixed/TN-740.jpg,Mixed,TN-740.jpg,2
b7699303523792097ce705648afd3968,/home/sparsh/Naplam/Bangladesh-UAV-PlantDisease/Training Dataset/Cotton Bollworm Infestation/TN-202.jpg,Cotton Bollworm Infestation,TN-202.jpg,0
b1527868bf0f15e815d1c96ac4f885b2,/home/sparsh/Naplam/Bangladesh-UAV-PlantDisease/Test Dataset/Hail damages/TN-850.jpg,Hail damage,TN-850.jpg,1
a649be09c0090ccf86317d873c4decdf,/home/sparsh/Naplam/Bangladesh-UAV-PlantDisease/Test Dataset/Hail damages/TN-1507.jpg,Hail damage,TN-1507.jpg,1
0aac65d5b9136ff8f900992027cb1593,/home/sparsh/Naplam/Bangladesh-UAV-PlantDisease/Training Dataset/Cotton Bollworm Infestation/TN-270.jpg,Cotton Bollworm Infestation,TN-270.jpg,0
813ab1126a0978e944043ffdcb1e0741,/home/sparsh/Naplam/Bangladesh-UAV-PlantDisease/Training Dataset/Mixed/TN-1680.jpg,Mixed,TN-1680.jpg,2
6875759ef8f3e90dfed6a08b30f7c5f6,/home/sparsh/Naplam/Bangladesh-UAV-PlantDisease/Training Dataset/Root Damage/TN-634.jpg,Root Damage,TN-634.jpg,3
5454e17d99cf5de2b4169d7ac1914749,/home/sparsh/Naplam/Bangladesh-UAV-PlantDisease/Training Dataset/Hail damage/TN-609.jpg,Hail damage,TN-609.jpg,1
384ce7922d220388871ef188bbd093f4,/home/sparsh/Naplam/Bangladesh-UAV-PlantDisease/Training Dataset/Mixed/TN-1896.jpg,Mixed,TN-1896.jpg,2
bb0652c92b5692ef1bb5e508cb038d2e,/home/sparsh/Naplam/Bangladesh-UAV-PlantDisease/Training Dataset/Mixed/TN-1062.jpg,Mixed,TN-1062.jpg,2
7f8ae2ec3d3cac94a69ec462284d8ce7,/home/sparsh/Naplam/Bangladesh-UAV-PlantDisease/Training Dataset/Mixed/TN-1031.jpg,Mixed,TN-1031.jpg,2
5e759920a1651b7647bc60ca3bcaa5da,/home/sparsh/Naplam/Bangladesh-UAV-PlantDisease/Training Dataset/Mixed/TN-803.jpg,Mixed,TN-803.jpg,2
1e63858cbebd08b7937298a5e34f0a8b,/home/sparsh/Naplam/Bangladesh-UAV-PlantDisease/Training Dataset/Mixed/TN-97.jpg,Mixed,TN-97.jpg,2
1ddcbb7db1d41f38703453885368f90e,/home/sparsh/Naplam/Bangladesh-UAV-PlantDisease/Training Dataset/Mixed/TN-2170.jpg,Mixed,TN-2170.jpg,2
a121bb94e3d57ac707317a930af43752,/home/sparsh/Naplam/Bangladesh-UAV-PlantDisease/Training Dataset/Cotton Bollworm Infestation/TN-897.jpg,Cotton Bollworm Infestation,TN-897.jpg,0
6edc8c9e1e4bf11a19cb10cae1248a41,/home/sparsh/Naplam/Bangladesh-UAV-PlantDisease/Training Dataset/Hail damage/TN-793.jpg,Hail damage,TN-793.jpg,1
285fc824ae23db2582e639e1507295bf,/home/sparsh/Naplam/Bangladesh-UAV-PlantDisease/Training Dataset/Mixed/TN-400.jpg,Mixed,TN-400.jpg,2
cc51484cd03904c0c90782d3535da019,/home/sparsh/Naplam/Bangladesh-UAV-PlantDisease/Test Dataset/Hail damages/TN-1509.jpg,Hail damage,TN-1509.jpg,1
69f2ba18a52bedaddae82d03084df90d,/home/sparsh/Naplam/Bangladesh-UAV-PlantDisease/Training Dataset/Root Damage/TN-208.jpg,Root Damage,TN-208.jpg,3
1873749f6374ffaec3c44a328403ad34,/home/sparsh/Naplam/Bangladesh-UAV-PlantDisease/Training Dataset/Mixed/TN-1990.jpg,Mixed,TN-1990.jpg,2
1aeb9d29e25b40f685390a2626bb5a56,/home/sparsh/Naplam/Bangladesh-UAV-PlantDisease/Test Dataset/Hail damages/TN-989.jpg,Hail damage,TN-989.jpg,1
9c04a01e1e4728ba8ad46a430231086d,/home/sparsh/Naplam/Bangladesh-UAV-PlantDisease/Training Dataset/Mixed/TN-1275.jpg,Mixed,TN-1275.jpg,2
b488a2108d97aa9e10c29e4ca192f2c4,/home/sparsh/Naplam/Bangladesh-UAV-PlantDisease/Test Dataset/Hail damages/TN-1478.jpg,Hail damage,TN-1478.jpg,1
c7ed1730fdbde4a617298d7239bd0b82,/home/sparsh/Naplam/Bangladesh-UAV-PlantDisease/Training Dataset/Hail damage/TN-790.jpg,Hail damage,TN-790.jpg,1
10e30b9bc6e3b845973c4319694d09fb,/home/sparsh/Naplam/Bangladesh-UAV-PlantDisease/Test Dataset/Hail damages/TN-576.jpg,Hail damage,TN-576.jpg,1
ce469fa945d72b1ef6131796ec8ac8c7,/home/sparsh/Naplam/Bangladesh-UAV-PlantDisease/Training Dataset/Strong-Light Burn/TN-549.jpg,Strong-Light Burn,TN-549.jpg,4
30147f349ecf9f7933cec87611e60314,/home/sparsh/Naplam/Bangladesh-UAV-PlantDisease/Test Dataset/Hail damages/TN-1251.jpg,Hail damage,TN-1251.jpg,1
c8e8f60c8250f64ce1dc920f977bf9dc,/home/sparsh/Naplam/Bangladesh-UAV-PlantDisease/Test Dataset/Hail damages/TN-2564.jpg,Hail damage,TN-2564.jpg,1
074c1b229e7e334501021991ccbf8213,/home/sparsh/Naplam/Bangladesh-UAV-PlantDisease/Training Dataset/Hail damage/TN-437.jpg,Hail damage,TN-437.jpg,1
827d9e0866cb2c461b1f7c7874ba6b18,/home/sparsh/Naplam/Bangladesh-UAV-PlantDisease/Training Dataset/Strong-Light Burn/TN-325.jpg,Strong-Light Burn,TN-325.jpg,4
74fc2440d2a1aae4bb7f05f078070f7d,/home/sparsh/Naplam/Bangladesh-UAV-PlantDisease/Training Dataset/Root Damage/TN-321.jpg,Root Damage,TN-321.jpg,3
267ad9032168a652e5ec75e6a050fbcb,/home/sparsh/Naplam/Bangladesh-UAV-PlantDisease/Training Dataset/Mixed/TN-2287.jpg,Mixed,TN-2287.jpg,2
732bfde9ed863195e9f7126f9a28cd52,/home/sparsh/Naplam/Bangladesh-UAV-PlantDisease/Test Dataset/Hail damages/TN-538.jpg,Hail damage,TN-538.jpg,1
bf3668beb2292b32f60fbf02e50617a9,/home/sparsh/Naplam/Bangladesh-UAV-PlantDisease/Training Dataset/Mixed/TN-2370.jpg,Mixed,TN-2370.jpg,2
c3b5e17b1ca606be532b8c9b2a21235b,/home/sparsh/Naplam/Bangladesh-UAV-PlantDisease/Training Dataset/Cotton Bollworm Infestation/TN-444.jpg,Cotton Bollworm Infestation,TN-444.jpg,0
c1244734ff5db0037c453bfca46292b6,/home/sparsh/Naplam/Bangladesh-UAV-PlantDisease/Training Dataset/Root Damage/TN-776.jpg,Root Damage,TN-776.jpg,3
5db85f43675587d0eedfc4d21310c8a5,/home/sparsh/Naplam/Bangladesh-UAV-PlantDisease/Test Dataset/Hail damages/TN-112.jpg,Hail damage,TN-112.jpg,1
47d090100c2777b9da093e51aaec66e6,/home/sparsh/Naplam/Bangladesh-UAV-PlantDisease/Training Dataset/Cotton Bollworm Infestation/TN-183.jpg,Cotton Bollworm Infestation,TN-183.jpg,0
fcbe0e2d1826720cc9bcbcc522c551b1,/home/sparsh/Naplam/Bangladesh-UAV-PlantDisease/Training Dataset/Mixed/TN-188.jpg,Mixed,TN-188.jpg,2
b261aa172b21cf850490efdabcf8331b,/home/sparsh/Naplam/Bangladesh-UAV-PlantDisease/Training Dataset/Root Damage/TN-527.jpg,Root Damage,TN-527.jpg,3
8f1cc6ae7230c8857824a9044024af6a,/home/sparsh/Naplam/Bangladesh-UAV-PlantDisease/Training Dataset/Mixed/TN-1229.jpg,Mixed,TN-1229.jpg,2
26c106bf4626569043b42651a4c23422,/home/sparsh/Naplam/Bangladesh-UAV-PlantDisease/Training Dataset/Root Damage/TN-672.jpg,Root Damage,TN-672.jpg,3
ae698f8954d3abacd95d103eb8e01ec5,/home/sparsh/Naplam/Bangladesh-UAV-PlantDisease/Training Dataset/Mixed/TN-1278.jpg,Mixed,TN-1278.jpg,2
87a5fe627518fd090137b45d01ba751e,/home/sparsh/Naplam/Bangladesh-UAV-PlantDisease/Training Dataset/Mixed/TN-2105.jpg,Mixed,TN-2105.jpg,2
debcf7ea7858feb7442d8c547fd6c3d7,/home/sparsh/Naplam/Bangladesh-UAV-PlantDisease/Training Dataset/Mixed/TN-982.jpg,Mixed,TN-982.jpg,2
fb24a38f90721e76170dea282c46e5ad,/home/sparsh/Naplam/Bangladesh-UAV-PlantDisease/Test Dataset/Mixed/TN-200.jpg,Mixed,TN-200.jpg,2
cabae1ff84d75e0f8b206c0227dc75a3,/home/sparsh/Naplam/Bangladesh-UAV-PlantDisease/Test Dataset/Hail damages/TN-264.jpg,Hail damage,TN-264.jpg,1
638d0b5ffdb2897e41bcd448ce8d6329,/home/sparsh/Naplam/Bangladesh-UAV-PlantDisease/Training Dataset/Hail damage/TN-638.jpg,Hail damage,TN-638.jpg,1
37e5d1dcb1af1ad63dd51594187a6b8f,/home/sparsh/Naplam/Bangladesh-UAV-PlantDisease/Training Dataset/Mixed/TN-1715.jpg,Mixed,TN-1715.jpg,2
e91be2900f140a4b3fb2e278b7437bf2,/home/sparsh/Naplam/Bangladesh-UAV-PlantDisease/Test Dataset/Hail damages/TN-2016.jpg,Hail damage,TN-2016.jpg,1
6046b349a21b69e43bc25ef0e91c3acc,/home/sparsh/Naplam/Bangladesh-UAV-PlantDisease/Training Dataset/Cotton Bollworm Infestation/TN-281.jpg,Cotton Bollworm Infestation,TN-281.jpg,0
28e909e00ec105309364075ea749fb97,/home/sparsh/Naplam/Bangladesh-UAV-PlantDisease/Test Dataset/Hail damages/TN-473.jpg,Hail damage,TN-473.jpg,1
007badbb70f4bc1af42c0b33b37c784e,/home/sparsh/Naplam/Bangladesh-UAV-PlantDisease/Training Dataset/Cotton Bollworm Infestation/TN-304.jpg,Cotton Bollworm Infestation,TN-304.jpg,0
acee20b1fcfacd20208cf2df35895808,/home/sparsh/Naplam/Bangladesh-UAV-PlantDisease/Test Dataset/Hail damages/TN-2958.jpg,Hail damage,TN-2958.jpg,1
bd5aa5d7a7e7115e9e4e76bd99fcabe2,/home/sparsh/Naplam/Bangladesh-UAV-PlantDisease/Training Dataset/Mixed/TN-1773.jpg,Mixed,TN-1773.jpg,2
859a2ae2ff2669cd57537c2cfefa773f,/home/sparsh/Naplam/Bangladesh-UAV-PlantDisease/Training Dataset/Mixed/TN-1346.jpg,Mixed,TN-1346.jpg,2
eb2b15df192fcb863c74c9fb18557323,/home/sparsh/Naplam/Bangladesh-UAV-PlantDisease/Training Dataset/Mixed/TN-804.jpg,Mixed,TN-804.jpg,2
a86ef4f7ea3f8d7c85e60f1979260e36,/home/sparsh/Naplam/Bangladesh-UAV-PlantDisease/Test Dataset/Hail damages/TN-1286.jpg,Hail damage,TN-1286.jpg,1
8d0f8058db12cfc9d127286c29710b1a,/home/sparsh/Naplam/Bangladesh-UAV-PlantDisease/Training Dataset/Cotton Bollworm Infestation/TN-99.jpg,Cotton Bollworm Infestation,TN-99.jpg,0
08c6f0bfce7a06f47113f37aa1b83481,/home/sparsh/Naplam/Bangladesh-UAV-PlantDisease/Test Dataset/Hail damages/TN-400.jpg,Hail damage,TN-400.jpg,1
9902a1eba5784e23f03709392b13f96b,/home/sparsh/Naplam/Bangladesh-UAV-PlantDisease/Test Dataset/Root Damage/TN-10.jpg,Root Damage,TN-10.jpg,3
ac34027cc0476b44a5c18f94ee3aaddb,/home/sparsh/Naplam/Bangladesh-UAV-PlantDisease/Training Dataset/Root Damage/TN-820.jpg,Root Damage,TN-820.jpg,3
ae39da1c4ce10ae10a84c35e6117eccf,/home/sparsh/Naplam/Bangladesh-UAV-PlantDisease/Training Dataset/Root Damage/TN-13.jpg,Root Damage,TN-13.jpg,3
8f2e462c2f2a97fd0ff562a8913261a6,/home/sparsh/Naplam/Bangladesh-UAV-PlantDisease/Test Dataset/Hail damages/TN-1988.jpg,Hail damage,TN-1988.jpg,1
a83af767f030fb1de93a352ce59561d7,/home/sparsh/Naplam/Bangladesh-UAV-PlantDisease/Training Dataset/Mixed/TN-209.jpg,Mixed,TN-209.jpg,2
5df5d5c06de350140676119dd617e18b,/home/sparsh/Naplam/Bangladesh-UAV-PlantDisease/Training Dataset/Root Damage/TN-358.jpg,Root Damage,TN-358.jpg,3
c5335859682d268196a7c1bca2546968,/home/sparsh/Naplam/Bangladesh-UAV-PlantDisease/Test Dataset/Hail damages/TN-2935.jpg,Hail damage,TN-2935.jpg,1
881dba63f510912e24ac3b90137de881,/home/sparsh/Naplam/Bangladesh-UAV-PlantDisease/Training Dataset/Cotton Bollworm Infestation/TN-462.jpg,Cotton Bollworm Infestation,TN-462.jpg,0
e60e6107ef19def232f12137a7a522d1,/home/sparsh/Naplam/Bangladesh-UAV-PlantDisease/Test Dataset/Hail damages/TN-2907.jpg,Hail damage,TN-2907.jpg,1
befb6b7f6eaa777e0501f2e500397194,/home/sparsh/Naplam/Bangladesh-UAV-PlantDisease/Training Dataset/Hail damage/TN-579.jpg,Hail damage,TN-579.jpg,1
c7d8ff3d75886e54c4385e9e340fce17,/home/sparsh/Naplam/Bangladesh-UAV-PlantDisease/Training Dataset/Root Damage/TN-601.jpg,Root Damage,TN-601.jpg,3
a9e4390bf99c32a8b8239ac5e6e30781,/home/sparsh/Naplam/Bangladesh-UAV-PlantDisease/Test Dataset/Hail damages/TN-2225.jpg,Hail damage,TN-2225.jpg,1
6f7dcefb725ea37d37beaf998c2ff148,/home/sparsh/Naplam/Bangladesh-UAV-PlantDisease/Training Dataset/Mixed/TN-1051.jpg,Mixed,TN-1051.jpg,2
13ed9bcdf1c839d9a517808cfdea5861,/home/sparsh/Naplam/Bangladesh-UAV-PlantDisease/Training Dataset/Root Damage/TN-211.jpg,Root Damage,TN-211.jpg,3
0cd23706f4d090f53a9f082ecef103d1,/home/sparsh/Naplam/Bangladesh-UAV-PlantDisease/Training Dataset/Mixed/TN-2180.jpg,Mixed,TN-2180.jpg,2
22c731b63d968f26684ff894c7b48151,/home/sparsh/Naplam/Bangladesh-UAV-PlantDisease/Test Dataset/Hail damages/TN-1865.jpg,Hail damage,TN-1865.jpg,1
8d6f1ca590bbead25fcf5845384b1076,/home/sparsh/Naplam/Bangladesh-UAV-PlantDisease/Test Dataset/Hail damages/TN-2179.jpg,Hail damage,TN-2179.jpg,1
85a416d8e7e7f00713232f45606890e8,/home/sparsh/Naplam/Bangladesh-UAV-PlantDisease/Training Dataset/Strong-Light Burn/TN-117.jpg,Strong-Light Burn,TN-117.jpg,4
42d2057a34a3d41e7b23d14822795fae,/home/sparsh/Naplam/Bangladesh-UAV-PlantDisease/Test Dataset/Hail damages/TN-689.jpg,Hail damage,TN-689.jpg,1
380b277ecb8ee70f956cd2ced34c9633,/home/sparsh/Naplam/Bangladesh-UAV-PlantDisease/Test Dataset/Root Damage/TN-253.jpg,Root Damage,TN-253.jpg,3
f0dbe0b4dfa2edb5a8544651f629b5d4,/home/sparsh/Naplam/Bangladesh-UAV-PlantDisease/Test Dataset/Hail damages/TN-2726.jpg,Hail damage,TN-2726.jpg,1
3f03726337c70efc8c329effaf3002ed,/home/sparsh/Naplam/Bangladesh-UAV-PlantDisease/Training Dataset/Mixed/TN-1907.jpg,Mixed,TN-1907.jpg,2
bf2dbeb30cceb67e18b9b040be376b27,/home/sparsh/Naplam/Bangladesh-UAV-PlantDisease/Training Dataset/Cotton Bollworm Infestation/TN-660.jpg,Cotton Bollworm Infestation,TN-660.jpg,0
00b65b939103f7ba4061dec56feb63f4,/home/sparsh/Naplam/Bangladesh-UAV-PlantDisease/Test Dataset/Root Damage/TN-164.jpg,Root Damage,TN-164.jpg,3
f3e6c54c9e414a37fbfa56b29a0db9d1,/home/sparsh/Naplam/Bangladesh-UAV-PlantDisease/Training Dataset/Mixed/TN-1606.jpg,Mixed,TN-1606.jpg,2
91c4d32bb4b06fdf3709a55da030df1b,/home/sparsh/Naplam/Bangladesh-UAV-PlantDisease/Test Dataset/Hail damages/TN-2277.jpg,Hail damage,TN-2277.jpg,1
02f5e01586d617e5226fe9d395698f3f,/home/sparsh/Naplam/Bangladesh-UAV-PlantDisease/Test Dataset/Hail damages/TN-2499.jpg,Hail damage,TN-2499.jpg,1
d3b32bfbd4793660d5eb32f8a9e2e0f2,/home/sparsh/Naplam/Bangladesh-UAV-PlantDisease/Test Dataset/Mixed/TN-133.jpg,Mixed,TN-133.jpg,2
bfa1929377a9c6f5c57805495a0ef5e6,/home/sparsh/Naplam/Bangladesh-UAV-PlantDisease/Training Dataset/Cotton Bollworm Infestation/TN-766.jpg,Cotton Bollworm Infestation,TN-766.jpg,0
c0efa4087c907319ff5ce9b0bf3b235f,/home/sparsh/Naplam/Bangladesh-UAV-PlantDisease/Training Dataset/Cotton Bollworm Infestation/TN-221.jpg,Cotton Bollworm Infestation,TN-221.jpg,0
bedff6cefd5e7badb4cd06e2d61c3f2f,/home/sparsh/Naplam/Bangladesh-UAV-PlantDisease/Test Dataset/Hail damages/TN-100.jpg,Hail damage,TN-100.jpg,1
2d72f0b26a400cefdf60221e1509e2aa,/home/sparsh/Naplam/Bangladesh-UAV-PlantDisease/Test Dataset/Hail damages/TN-2635.jpg,Hail damage,TN-2635.jpg,1
e3e6811d455f33f229fcd7c898a8abc8,/home/sparsh/Naplam/Bangladesh-UAV-PlantDisease/Training Dataset/Strong-Light Burn/TN-38.jpg,Strong-Light Burn,TN-38.jpg,4
43ba4f6b7c48c1f52283c586350b9613,/home/sparsh/Naplam/Bangladesh-UAV-PlantDisease/Test Dataset/Hail damages/TN-2947.jpg,Hail damage,TN-2947.jpg,1
c8b2c6b60de5ca6c0d4953319e13e925,/home/sparsh/Naplam/Bangladesh-UAV-PlantDisease/Training Dataset/Strong-Light Burn/TN-344.jpg,Strong-Light Burn,TN-344.jpg,4
0bcfd3cd1a1bac34727465513482eb6c,/home/sparsh/Naplam/Bangladesh-UAV-PlantDisease/Test Dataset/Mixed/TN-80.jpg,Mixed,TN-80.jpg,2
c2de09eb422d94f8cc1f4884823848c1,/home/sparsh/Naplam/Bangladesh-UAV-PlantDisease/Training Dataset/Root Damage/TN-79.jpg,Root Damage,TN-79.jpg,3
e7f0bb8fc87bb818b81968d286bf1e0a,/home/sparsh/Naplam/Bangladesh-UAV-PlantDisease/Test Dataset/Hail damages/TN-2908.jpg,Hail damage,TN-2908.jpg,1
1ebf43b93a06f1a45f5c4a6ad8dcd655,/home/sparsh/Naplam/Bangladesh-UAV-PlantDisease/Training Dataset/Root Damage/TN-15.jpg,Root Damage,TN-15.jpg,3
18f3406adc245d2d610eb3f376985045,/home/sparsh/Naplam/Bangladesh-UAV-PlantDisease/Training Dataset/Hail damage/TN-320.jpg,Hail damage,TN-320.jpg,1
03c974f96b00724652fadff2eb5df883,/home/sparsh/Naplam/Bangladesh-UAV-PlantDisease/Test Dataset/Hail damages/TN-2063.jpg,Hail damage,TN-2063.jpg,1
0c715377b72c18109e204b77a9fd4387,/home/sparsh/Naplam/Bangladesh-UAV-PlantDisease/Training Dataset/Root Damage/TN-738.jpg,Root Damage,TN-738.jpg,3
7ae10893a1d7b310b8e2aa6ee82f5896,/home/sparsh/Naplam/Bangladesh-UAV-PlantDisease/Training Dataset/Mixed/TN-1037.jpg,Mixed,TN-1037.jpg,2
4815f26320e6c3b2f19da9e1bd9c2ea1,/home/sparsh/Naplam/Bangladesh-UAV-PlantDisease/Test Dataset/Cotton Bollworm Infestation/TN-384.jpg,Cotton Bollworm Infestation,TN-384.jpg,0
1c2b815ae09dff642abb0bd72dd9dfee,/home/sparsh/Naplam/Bangladesh-UAV-PlantDisease/Test Dataset/Hail damages/TN-2118.jpg,Hail damage,TN-2118.jpg,1
98c88652877978a2ccb98a8a4b51d867,/home/sparsh/Naplam/Bangladesh-UAV-PlantDisease/Test Dataset/Hail damages/TN-2848.jpg,Hail damage,TN-2848.jpg,1
66d8c0f9717b697d0b61a36a5bb97382,/home/sparsh/Naplam/Bangladesh-UAV-PlantDisease/Training Dataset/Strong-Light Burn/TN-18.jpg,Strong-Light Burn,TN-18.jpg,4
b44e24abb4d62281ce7fbbaa45692e69,/home/sparsh/Naplam/Bangladesh-UAV-PlantDisease/Test Dataset/Hail damages/TN-1609.jpg,Hail damage,TN-1609.jpg,1
cdd751a1be23dc016a7b38236bf03f19,/home/sparsh/Naplam/Bangladesh-UAV-PlantDisease/Training Dataset/Mixed/TN-1958.jpg,Mixed,TN-1958.jpg,2
31fac4c0fc3425b0499dc0bc76ac6a60,/home/sparsh/Naplam/Bangladesh-UAV-PlantDisease/Training Dataset/Hail damage/TN-316.jpg,Hail damage,TN-316.jpg,1
2f6a6459cd6575aaaf188e5a904eb36a,/home/sparsh/Naplam/Bangladesh-UAV-PlantDisease/Training Dataset/Mixed/TN-534.jpg,Mixed,TN-534.jpg,2
e254f83a3251a0c9ecb8887addb6f422,/home/sparsh/Naplam/Bangladesh-UAV-PlantDisease/Test Dataset/Hail damages/TN-1077.jpg,Hail damage,TN-1077.jpg,1
d743dec826250e0455b131e21b4c53a1,/home/sparsh/Naplam/Bangladesh-UAV-PlantDisease/Training Dataset/Cotton Bollworm Infestation/TN-1.jpg,Cotton Bollworm Infestation,TN-1.jpg,0
53923da081318d349746e6139b56a856,/home/sparsh/Naplam/Bangladesh-UAV-PlantDisease/Training Dataset/Mixed/TN-1706.jpg,Mixed,TN-1706.jpg,2
055e922a500edc460f7013fc523d8079,/home/sparsh/Naplam/Bangladesh-UAV-PlantDisease/Test Dataset/Hail damages/TN-974.jpg,Hail damage,TN-974.jpg,1
4291edfdd2d95a77556f4e85c6556d2f,/home/sparsh/Naplam/Bangladesh-UAV-PlantDisease/Test Dataset/Hail damages/TN-2323.jpg,Hail damage,TN-2323.jpg,1
2748cc8c585a79dbba3cd21d28ab7e7c,/home/sparsh/Naplam/Bangladesh-UAV-PlantDisease/Training Dataset/Root Damage/TN-246.jpg,Root Damage,TN-246.jpg,3
0abb71ad6cfb7679a91790d42dbe03fb,/home/sparsh/Naplam/Bangladesh-UAV-PlantDisease/Test Dataset/Hail damages/TN-414.jpg,Hail damage,TN-414.jpg,1
37d043457be52cbda74b24628cd1c123,/home/sparsh/Naplam/Bangladesh-UAV-PlantDisease/Test Dataset/Hail damages/TN-2637.jpg,Hail damage,TN-2637.jpg,1
aca396ee192083f2e9e39f907b85b921,/home/sparsh/Naplam/Bangladesh-UAV-PlantDisease/Training Dataset/Hail damage/TN-603.jpg,Hail damage,TN-603.jpg,1
105091b45b807f6598224f6e41aeb0d8,/home/sparsh/Naplam/Bangladesh-UAV-PlantDisease/Training Dataset/Mixed/TN-1986.jpg,Mixed,TN-1986.jpg,2
b8d051cd01c8ba27a044c9b9ccde70fc,/home/sparsh/Naplam/Bangladesh-UAV-PlantDisease/Test Dataset/Hail damages/TN-1183.jpg,Hail damage,TN-1183.jpg,1
b29aea8385fae87ddf5ffa52d15cb8ca,/home/sparsh/Naplam/Bangladesh-UAV-PlantDisease/Test Dataset/Hail damages/TN-2736.jpg,Hail damage,TN-2736.jpg,1
7aae5c9c48f7944e21e51287a49d7b52,/home/sparsh/Naplam/Bangladesh-UAV-PlantDisease/Training Dataset/Mixed/TN-768.jpg,Mixed,TN-768.jpg,2
85d39bf56e03f107eeb08d82954654be,/home/sparsh/Naplam/Bangladesh-UAV-PlantDisease/Test Dataset/Hail damages/TN-895.jpg,Hail damage,TN-895.jpg,1
e805934f9e66530ce5c0f7cf90e11c76,/home/sparsh/Naplam/Bangladesh-UAV-PlantDisease/Training Dataset/Strong-Light Burn/TN-180.jpg,Strong-Light Burn,TN-180.jpg,4
59ad75bbe91db551d7b696a2d2a2e579,/home/sparsh/Naplam/Bangladesh-UAV-PlantDisease/Test Dataset/Hail damages/TN-2398.jpg,Hail damage,TN-2398.jpg,1
cfd2391e379478a56ed74d898b1bf891,/home/sparsh/Naplam/Bangladesh-UAV-PlantDisease/Test Dataset/Mixed/TN-210.jpg,Mixed,TN-210.jpg,2
a78be32a6fb4e6f60f36aba2ece5b0ba,/home/sparsh/Naplam/Bangladesh-UAV-PlantDisease/Training Dataset/Mixed/TN-729.jpg,Mixed,TN-729.jpg,2
0383222c00acafb3b3c8276254d7076f,/home/sparsh/Naplam/Bangladesh-UAV-PlantDisease/Test Dataset/Hail damages/TN-813.jpg,Hail damage,TN-813.jpg,1
263fa106070eb2a959ae5f3587d59733,/home/sparsh/Naplam/Bangladesh-UAV-PlantDisease/Test Dataset/Hail damages/TN-530.jpg,Hail damage,TN-530.jpg,1
0ad36c9a6c5b5c558117f3218951fc6e,/home/sparsh/Naplam/Bangladesh-UAV-PlantDisease/Training Dataset/Root Damage/TN-306.jpg,Root Damage,TN-306.jpg,3
cc22ec1bff0abe08c40fcf3713c8dce0,/home/sparsh/Naplam/Bangladesh-UAV-PlantDisease/Training Dataset/Cotton Bollworm Infestation/TN-885.jpg,Cotton Bollworm Infestation,TN-885.jpg,0
01ad068db6ad1088273b1f6fe6cc912b,/home/sparsh/Naplam/Bangladesh-UAV-PlantDisease/Training Dataset/Hail damage/TN-295.jpg,Hail damage,TN-295.jpg,1
7f19f5085585e8581ab78558ff6a2113,/home/sparsh/Naplam/Bangladesh-UAV-PlantDisease/Test Dataset/Strong-Light Burn/TN-170.jpg,Strong-Light Burn,TN-170.jpg,4
98fe7300718d4ac011aeadb33f736f09,/home/sparsh/Naplam/Bangladesh-UAV-PlantDisease/Training Dataset/Root Damage/TN-100.jpg,Root Damage,TN-100.jpg,3
14eb27866c1fe3d042942dd8da998d1e,/home/sparsh/Naplam/Bangladesh-UAV-PlantDisease/Training Dataset/Hail damage/TN-547.jpg,Hail damage,TN-547.jpg,1
b850a0cb7c136cea4dadb6879b70eaeb,/home/sparsh/Naplam/Bangladesh-UAV-PlantDisease/Test Dataset/Hail damages/TN-1472.jpg,Hail damage,TN-1472.jpg,1
1828e9c4c9ceb7510a316d76d53aefa4,/home/sparsh/Naplam/Bangladesh-UAV-PlantDisease/Training Dataset/Mixed/TN-480.jpg,Mixed,TN-480.jpg,2
159cf120105cc69525219b83211164dc,/home/sparsh/Naplam/Bangladesh-UAV-PlantDisease/Training Dataset/Mixed/TN-743.jpg,Mixed,TN-743.jpg,2
e907c8e37eefb7e7b0bf54796f203f31,/home/sparsh/Naplam/Bangladesh-UAV-PlantDisease/Test Dataset/Hail damages/TN-1001.jpg,Hail damage,TN-1001.jpg,1
f8b89b848843790d26f524248e212700,/home/sparsh/Naplam/Bangladesh-UAV-PlantDisease/Training Dataset/Root Damage/TN-380.jpg,Root Damage,TN-380.jpg,3
fffd500ef42a707be2c30a87e3149483,/home/sparsh/Naplam/Bangladesh-UAV-PlantDisease/Test Dataset/Hail damages/TN-2013.jpg,Hail damage,TN-2013.jpg,1
367fabc34e86a48310906a946052f0a4,/home/sparsh/Naplam/Bangladesh-UAV-PlantDisease/Training Dataset/Root Damage/TN-260.jpg,Root Damage,TN-260.jpg,3
6ca64d9782dd72d3ff03570c3502b530,/home/sparsh/Naplam/Bangladesh-UAV-PlantDisease/Test Dataset/Hail damages/TN-2316.jpg,Hail damage,TN-2316.jpg,1
4f6bb33a190844b3d8252aee3e3f15f2,/home/sparsh/Naplam/Bangladesh-UAV-PlantDisease/Test Dataset/Hail damages/TN-130.jpg,Hail damage,TN-130.jpg,1
32564392d299fde6540cc601fe827c2c,/home/sparsh/Naplam/Bangladesh-UAV-PlantDisease/Test Dataset/Hail damages/TN-468.jpg,Hail damage,TN-468.jpg,1
6df725563e0b16d12cd08f5b072bb833,/home/sparsh/Naplam/Bangladesh-UAV-PlantDisease/Training Dataset/Mixed/TN-944.jpg,Mixed,TN-944.jpg,2
d23816a6a0ce68c2e4a4a537323a9ec7,/home/sparsh/Naplam/Bangladesh-UAV-PlantDisease/Training Dataset/Cotton Bollworm Infestation/TN-22.jpg,Cotton Bollworm Infestation,TN-22.jpg,0
8a2ccc3f9b2153fe2f5dbc4d88f29d8a,/home/sparsh/Naplam/Bangladesh-UAV-PlantDisease/Training Dataset/Cotton Bollworm Infestation/TN-655.jpg,Cotton Bollworm Infestation,TN-655.jpg,0
be4b4b1d54f355b7b80feea141d0cdb7,/home/sparsh/Naplam/Bangladesh-UAV-PlantDisease/Training Dataset/Mixed/TN-121.jpg,Mixed,TN-121.jpg,2
749dba5c452756becafad866eb313549,/home/sparsh/Naplam/Bangladesh-UAV-PlantDisease/Training Dataset/Mixed/TN-201.jpg,Mixed,TN-201.jpg,2
17ca047a48eedb89597267f63403915e,/home/sparsh/Naplam/Bangladesh-UAV-PlantDisease/Test Dataset/Hail damages/TN-679.jpg,Hail damage,TN-679.jpg,1
0290a506e3bf700de201c49e2b082c1c,/home/sparsh/Naplam/Bangladesh-UAV-PlantDisease/Training Dataset/Root Damage/TN-620.jpg,Root Damage,TN-620.jpg,3
3e4a4b8d37ee07d9383f5b6afbf9db31,/home/sparsh/Naplam/Bangladesh-UAV-PlantDisease/Training Dataset/Mixed/TN-450.jpg,Mixed,TN-450.jpg,2
da6042abc0aad6d142945c9dd2ba71ba,/home/sparsh/Naplam/Bangladesh-UAV-PlantDisease/Training Dataset/Cotton Bollworm Infestation/TN-27.jpg,Cotton Bollworm Infestation,TN-27.jpg,0
db49ca14237d068b617f1781005e9ae9,/home/sparsh/Naplam/Bangladesh-UAV-PlantDisease/Training Dataset/Cotton Bollworm Infestation/TN-495.jpg,Cotton Bollworm Infestation,TN-495.jpg,0
e424295f3c93ff3198f336be14f992e7,/home/sparsh/Naplam/Bangladesh-UAV-PlantDisease/Test Dataset/Hail damages/TN-2286.jpg,Hail damage,TN-2286.jpg,1
cdbff5285841458bc8533b2bd8f29c73,/home/sparsh/Naplam/Bangladesh-UAV-PlantDisease/Test Dataset/Hail damages/TN-1340.jpg,Hail damage,TN-1340.jpg,1
a33d61518f62f5e61e4a728c002169fd,/home/sparsh/Naplam/Bangladesh-UAV-PlantDisease/Training Dataset/Hail damage/TN-184.jpg,Hail damage,TN-184.jpg,1
845f8c5c96c1331c1ad68b1d038bca05,/home/sparsh/Naplam/Bangladesh-UAV-PlantDisease/Test Dataset/Root Damage/TN-392.jpg,Root Damage,TN-392.jpg,3
421f662409f1697010bdaa2c024204ab,/home/sparsh/Naplam/Bangladesh-UAV-PlantDisease/Test Dataset/Root Damage/TN-320.jpg,Root Damage,TN-320.jpg,3
59affda133871cdf196a43b64882e7dd,/home/sparsh/Naplam/Bangladesh-UAV-PlantDisease/Training Dataset/Mixed/TN-1236.jpg,Mixed,TN-1236.jpg,2
98f55ea52f255bdb3caf58634b3d9177,/home/sparsh/Naplam/Bangladesh-UAV-PlantDisease/Test Dataset/Hail damages/TN-805.jpg,Hail damage,TN-805.jpg,1
8192df0d845258ef87ffc08df6cf4cd5,/home/sparsh/Naplam/Bangladesh-UAV-PlantDisease/Training Dataset/Cotton Bollworm Infestation/TN-49.jpg,Cotton Bollworm Infestation,TN-49.jpg,0
ef26c9469ebc8bcd1ac0c087e1f0ad85,/home/sparsh/Naplam/Bangladesh-UAV-PlantDisease/Test Dataset/Hail damages/TN-2185.jpg,Hail damage,TN-2185.jpg,1
bb31da23094610a2b5ffb31a0af96012,/home/sparsh/Naplam/Bangladesh-UAV-PlantDisease/Training Dataset/Strong-Light Burn/TN-478.jpg,Strong-Light Burn,TN-478.jpg,4
450ccd337da2eb44d9e24c04cbd0bdc6,/home/sparsh/Naplam/Bangladesh-UAV-PlantDisease/Training Dataset/Mixed/TN-557.jpg,Mixed,TN-557.jpg,2
3e82187daf6c6742bea963b75e6cfe36,/home/sparsh/Naplam/Bangladesh-UAV-PlantDisease/Test Dataset/Hail damages/TN-1536.jpg,Hail damage,TN-1536.jpg,1
9b201d8c4b6baf0a35ca6e7dd38d2269,/home/sparsh/Naplam/Bangladesh-UAV-PlantDisease/Training Dataset/Cotton Bollworm Infestation/TN-7.jpg,Cotton Bollworm Infestation,TN-7.jpg,0
7591a82bf430710fdc8af34a340479ea,/home/sparsh/Naplam/Bangladesh-UAV-PlantDisease/Training Dataset/Mixed/TN-724.jpg,Mixed,TN-724.jpg,2
4093c9dd19d39c853be4dc8ab4947abc,/home/sparsh/Naplam/Bangladesh-UAV-PlantDisease/Training Dataset/Hail damage/TN-560.jpg,Hail damage,TN-560.jpg,1
93bca0c2d8571b603f849a2026a42e86,/home/sparsh/Naplam/Bangladesh-UAV-PlantDisease/Training Dataset/Strong-Light Burn/TN-77.jpg,Strong-Light Burn,TN-77.jpg,4
00f376ce54ce3b54add886a2eb04bd38,/home/sparsh/Naplam/Bangladesh-UAV-PlantDisease/Training Dataset/Cotton Bollworm Infestation/TN-77.jpg,Cotton Bollworm Infestation,TN-77.jpg,0
39ccb279e76dbe316ecaf9372aaa27bc,/home/sparsh/Naplam/Bangladesh-UAV-PlantDisease/Training Dataset/Root Damage/TN-344.jpg,Root Damage,TN-344.jpg,3
4df8444e77916ae09bd29a012d63f9b6,/home/sparsh/Naplam/Bangladesh-UAV-PlantDisease/Training Dataset/Root Damage/TN-56.jpg,Root Damage,TN-56.jpg,3
239a4d9cb75d17de9a473b063e3fe626,/home/sparsh/Naplam/Bangladesh-UAV-PlantDisease/Test Dataset/Cotton Bollworm Infestation/TN-30.jpg,Cotton Bollworm Infestation,TN-30.jpg,0
651fbd4ba6a2d1a816a2bd3815ca8285,/home/sparsh/Naplam/Bangladesh-UAV-PlantDisease/Training Dataset/Hail damage/TN-138.jpg,Hail damage,TN-138.jpg,1
bdd9ed01b45e68ebdc79f3f040baf624,/home/sparsh/Naplam/Bangladesh-UAV-PlantDisease/Test Dataset/Hail damages/TN-607.jpg,Hail damage,TN-607.jpg,1
8dc7bbc83168a2ad1c6f16eb2f96727c,/home/sparsh/Naplam/Bangladesh-UAV-PlantDisease/Test Dataset/Hail damages/TN-2170.jpg,Hail damage,TN-2170.jpg,1
ae1c6c6e7c494ac381b7224b39d210a3,/home/sparsh/Naplam/Bangladesh-UAV-PlantDisease/Training Dataset/Mixed/TN-862.jpg,Mixed,TN-862.jpg,2
85513960efaa25d82d428c3682fca85d,/home/sparsh/Naplam/Bangladesh-UAV-PlantDisease/Training Dataset/Mixed/TN-1112.jpg,Mixed,TN-1112.jpg,2
70c573a234a1433553bf96058b7620fc,/home/sparsh/Naplam/Bangladesh-UAV-PlantDisease/Training Dataset/Mixed/TN-560.jpg,Mixed,TN-560.jpg,2
c070c867838b5fa76cb363866b80d295,/home/sparsh/Naplam/Bangladesh-UAV-PlantDisease/Test Dataset/Hail damages/TN-2326.jpg,Hail damage,TN-2326.jpg,1
390b19a28c40c6166a4323ea5aaed36d,/home/sparsh/Naplam/Bangladesh-UAV-PlantDisease/Training Dataset/Cotton Bollworm Infestation/TN-788.jpg,Cotton Bollworm Infestation,TN-788.jpg,0
20fab107e588f07af900f6f1ed1f743f,/home/sparsh/Naplam/Bangladesh-UAV-PlantDisease/Training Dataset/Mixed/TN-1549.jpg,Mixed,TN-1549.jpg,2
c6bdf10e7f65ee29e3a8c513be889355,/home/sparsh/Naplam/Bangladesh-UAV-PlantDisease/Training Dataset/Hail damage/TN-5.jpg,Hail damage,TN-5.jpg,1
c073958509b9809faf71638b0cb7ac58,/home/sparsh/Naplam/Bangladesh-UAV-PlantDisease/Test Dataset/Root Damage/TN-370.jpg,Root Damage,TN-370.jpg,3
249ff5cb54293e8dd8056f10d3b1534f,/home/sparsh/Naplam/Bangladesh-UAV-PlantDisease/Test Dataset/Hail damages/TN-2879.jpg,Hail damage,TN-2879.jpg,1
e06f905ee298b07f5ee267b47b96aea6,/home/sparsh/Naplam/Bangladesh-UAV-PlantDisease/Test Dataset/Strong-Light Burn/TN-220.jpg,Strong-Light Burn,TN-220.jpg,4
c02f21159a348cff428b4049acb60e1c,/home/sparsh/Naplam/Bangladesh-UAV-PlantDisease/Training Dataset/Root Damage/TN-132.jpg,Root Damage,TN-132.jpg,3
07ae315a2b26cee11b2856d4cc99991e,/home/sparsh/Naplam/Bangladesh-UAV-PlantDisease/Training Dataset/Root Damage/TN-523.jpg,Root Damage,TN-523.jpg,3
7a7310d4e9323bd28cf95ad14f5d6977,/home/sparsh/Naplam/Bangladesh-UAV-PlantDisease/Training Dataset/Mixed/TN-468.jpg,Mixed,TN-468.jpg,2
2b5ab2fb65ff7dd9e0bbeedbb37759ba,/home/sparsh/Naplam/Bangladesh-UAV-PlantDisease/Test Dataset/Hail damages/TN-1086.jpg,Hail damage,TN-1086.jpg,1
91133d99d87623bb371183a70babcd05,/home/sparsh/Naplam/Bangladesh-UAV-PlantDisease/Training Dataset/Mixed/TN-1800.jpg,Mixed,TN-1800.jpg,2
232d715341a6339d620e038cd1e99fba,/home/sparsh/Naplam/Bangladesh-UAV-PlantDisease/Training Dataset/Strong-Light Burn/TN-163.jpg,Strong-Light Burn,TN-163.jpg,4
db3a69efc3ad9b2e9c7287e0d7fe2a2c,/home/sparsh/Naplam/Bangladesh-UAV-PlantDisease/Training Dataset/Strong-Light Burn/TN-164.jpg,Strong-Light Burn,TN-164.jpg,4
e5ead0463958bd1df9dcdc5bd92d167b,/home/sparsh/Naplam/Bangladesh-UAV-PlantDisease/Training Dataset/Root Damage/TN-220.jpg,Root Damage,TN-220.jpg,3
873cdce3ab95c0ac68730915131abde1,/home/sparsh/Naplam/Bangladesh-UAV-PlantDisease/Test Dataset/Hail damages/TN-447.jpg,Hail damage,TN-447.jpg,1
d2e9faaefc5c1cb713130362f3168c44,/home/sparsh/Naplam/Bangladesh-UAV-PlantDisease/Training Dataset/Mixed/TN-1254.jpg,Mixed,TN-1254.jpg,2
da5f67a0b4302c796423c818a6c74c38,/home/sparsh/Naplam/Bangladesh-UAV-PlantDisease/Training Dataset/Cotton Bollworm Infestation/TN-193.jpg,Cotton Bollworm Infestation,TN-193.jpg,0
4a39c60435959ec50f183a592c596c2a,/home/sparsh/Naplam/Bangladesh-UAV-PlantDisease/Training Dataset/Mixed/TN-261.jpg,Mixed,TN-261.jpg,2
f2cd930f8f7b4f3d946c481e6c9814b2,/home/sparsh/Naplam/Bangladesh-UAV-PlantDisease/Training Dataset/Strong-Light Burn/TN-90.jpg,Strong-Light Burn,TN-90.jpg,4
6c7aca848efa507ead2a371d8699ba89,/home/sparsh/Naplam/Bangladesh-UAV-PlantDisease/Training Dataset/Cotton Bollworm Infestation/TN-405.jpg,Cotton Bollworm Infestation,TN-405.jpg,0
dae9485d4f4e3b8f96bac40edb9dc90f,/home/sparsh/Naplam/Bangladesh-UAV-PlantDisease/Training Dataset/Hail damage/TN-545.jpg,Hail damage,TN-545.jpg,1
acf4b7288a9ad3cc805e5e4bf9a483b3,/home/sparsh/Naplam/Bangladesh-UAV-PlantDisease/Training Dataset/Cotton Bollworm Infestation/TN-237.jpg,Cotton Bollworm Infestation,TN-237.jpg,0
0272d7a50568535674fca5761513ca19,/home/sparsh/Naplam/Bangladesh-UAV-PlantDisease/Test Dataset/Hail damages/TN-360.jpg,Hail damage,TN-360.jpg,1
f70f01e460367869e253aa82d8abd430,/home/sparsh/Naplam/Bangladesh-UAV-PlantDisease/Training Dataset/Mixed/TN-1108.jpg,Mixed,TN-1108.jpg,2
a0aeaf488759805961bf3117ddec042f,/home/sparsh/Naplam/Bangladesh-UAV-PlantDisease/Training Dataset/Strong-Light Burn/TN-644.jpg,Strong-Light Burn,TN-644.jpg,4
c9a816790edbf90aff41a1883876999e,/home/sparsh/Naplam/Bangladesh-UAV-PlantDisease/Test Dataset/Hail damages/TN-2709.jpg,Hail damage,TN-2709.jpg,1
0fb632ce6176b4602ef88dc4553a5e8f,/home/sparsh/Naplam/Bangladesh-UAV-PlantDisease/Training Dataset/Mixed/TN-1937.jpg,Mixed,TN-1937.jpg,2
7154dc3b30510bd4aad5394de608d77f,/home/sparsh/Naplam/Bangladesh-UAV-PlantDisease/Test Dataset/Hail damages/TN-142.jpg,Hail damage,TN-142.jpg,1
9a29b10c4fd83d0ce4a1ed9218c4e7c2,/home/sparsh/Naplam/Bangladesh-UAV-PlantDisease/Training Dataset/Mixed/TN-1134.jpg,Mixed,TN-1134.jpg,2
9c5b37cc3f7d32d856a6c9eb0a3d4a8c,/home/sparsh/Naplam/Bangladesh-UAV-PlantDisease/Training Dataset/Strong-Light Burn/TN-91.jpg,Strong-Light Burn,TN-91.jpg,4
6b59c38d4e4fac0659afa3476be86027,/home/sparsh/Naplam/Bangladesh-UAV-PlantDisease/Test Dataset/Hail damages/TN-2067.jpg,Hail damage,TN-2067.jpg,1
2e6730f941f23f46fc2041df119d4e71,/home/sparsh/Naplam/Bangladesh-UAV-PlantDisease/Training Dataset/Mixed/TN-1439.jpg,Mixed,TN-1439.jpg,2
8a23a7a3bd86855a11e0312a23fd2702,/home/sparsh/Naplam/Bangladesh-UAV-PlantDisease/Training Dataset/Mixed/TN-1667.jpg,Mixed,TN-1667.jpg,2
2d9aed1e4ffcff51b9ee69c4e54831f4,/home/sparsh/Naplam/Bangladesh-UAV-PlantDisease/Test Dataset/Hail damages/TN-711.jpg,Hail damage,TN-711.jpg,1
ec807790bc8b45c4ddfa2b61ca08b9a9,/home/sparsh/Naplam/Bangladesh-UAV-PlantDisease/Training Dataset/Hail damage/TN-82.jpg,Hail damage,TN-82.jpg,1
90dce87278e2a43309fc7f2aaeaf4657,/home/sparsh/Naplam/Bangladesh-UAV-PlantDisease/Training Dataset/Mixed/TN-4.jpg,Mixed,TN-4.jpg,2
79c7564c72f2d7af0606c44a40e1c6c1,/home/sparsh/Naplam/Bangladesh-UAV-PlantDisease/Training Dataset/Cotton Bollworm Infestation/TN-786.jpg,Cotton Bollworm Infestation,TN-786.jpg,0
b0f9180a2f06b68d4ab991707296dd43,/home/sparsh/Naplam/Bangladesh-UAV-PlantDisease/Training Dataset/Mixed/TN-1906.jpg,Mixed,TN-1906.jpg,2
fa605a03d9debdb9cfa4d484840e829f,/home/sparsh/Naplam/Bangladesh-UAV-PlantDisease/Training Dataset/Hail damage/TN-722.jpg,Hail damage,TN-722.jpg,1
779eb966e59a1e172b1487b753e971e8,/home/sparsh/Naplam/Bangladesh-UAV-PlantDisease/Training Dataset/Mixed/TN-392.jpg,Mixed,TN-392.jpg,2
5a476c193c86b1321decb9263188a162,/home/sparsh/Naplam/Bangladesh-UAV-PlantDisease/Test Dataset/Hail damages/TN-2477.jpg,Hail damage,TN-2477.jpg,1
3ad624e6efbffb08cc35311bade0d5ce,/home/sparsh/Naplam/Bangladesh-UAV-PlantDisease/Test Dataset/Hail damages/TN-1385.jpg,Hail damage,TN-1385.jpg,1
e2a6618c5fbd43063545d18801aeaad6,/home/sparsh/Naplam/Bangladesh-UAV-PlantDisease/Test Dataset/Hail damages/TN-2009.jpg,Hail damage,TN-2009.jpg,1
9ac7e3df74302d80bc64680c7f15e8c5,/home/sparsh/Naplam/Bangladesh-UAV-PlantDisease/Training Dataset/Mixed/TN-2297.jpg,Mixed,TN-2297.jpg,2
c61f0bdc25ff91d94018617e92cd38cd,/home/sparsh/Naplam/Bangladesh-UAV-PlantDisease/Training Dataset/Root Damage/TN-215.jpg,Root Damage,TN-215.jpg,3
f40d6255fc87be84c9c0d1bba5234dd4,/home/sparsh/Naplam/Bangladesh-UAV-PlantDisease/Training Dataset/Root Damage/TN-43.jpg,Root Damage,TN-43.jpg,3
95a618f176f2a2659ae9e3a36679af6d,/home/sparsh/Naplam/Bangladesh-UAV-PlantDisease/Training Dataset/Mixed/TN-2195.jpg,Mixed,TN-2195.jpg,2
c15d004fba6fac161ca7af523d95f8f8,/home/sparsh/Naplam/Bangladesh-UAV-PlantDisease/Training Dataset/Mixed/TN-2117.jpg,Mixed,TN-2117.jpg,2
8e6fe4f13d75a7b8878b7ba318458733,/home/sparsh/Naplam/Bangladesh-UAV-PlantDisease/Training Dataset/Cotton Bollworm Infestation/TN-761.jpg,Cotton Bollworm Infestation,TN-761.jpg,0
a1fd1cc7bd39f6a9c96edd21f5c45510,/home/sparsh/Naplam/Bangladesh-UAV-PlantDisease/Test Dataset/Hail damages/TN-1780.jpg,Hail damage,TN-1780.jpg,1
946b999ef73dc927fed7d3ad754d07da,/home/sparsh/Naplam/Bangladesh-UAV-PlantDisease/Training Dataset/Strong-Light Burn/TN-543.jpg,Strong-Light Burn,TN-543.jpg,4
4b8cbd8afe3a905e3c86a93db2418c33,/home/sparsh/Naplam/Bangladesh-UAV-PlantDisease/Test Dataset/Hail damages/TN-789.jpg,Hail damage,TN-789.jpg,1
2dbb58ed9cce7fb5ec452aa4aad9cf61,/home/sparsh/Naplam/Bangladesh-UAV-PlantDisease/Training Dataset/Cotton Bollworm Infestation/TN-177.jpg,Cotton Bollworm Infestation,TN-177.jpg,0
e587aa0e8e71183e2e99162c4006d651,/home/sparsh/Naplam/Bangladesh-UAV-PlantDisease/Training Dataset/Hail damage/TN-680.jpg,Hail damage,TN-680.jpg,1
8934b7b87a2c43cd6faa52da65f8ac23,/home/sparsh/Naplam/Bangladesh-UAV-PlantDisease/Training Dataset/Mixed/TN-294.jpg,Mixed,TN-294.jpg,2
6825a8a3000d34845d0ad7872acfa757,/home/sparsh/Naplam/Bangladesh-UAV-PlantDisease/Training Dataset/Mixed/TN-1860.jpg,Mixed,TN-1860.jpg,2
9812b5ae0c4f3dff2b92beec599e09df,/home/sparsh/Naplam/Bangladesh-UAV-PlantDisease/Test Dataset/Hail damages/TN-1537.jpg,Hail damage,TN-1537.jpg,1
259b830da4ea10f3936874f01658ab2e,/home/sparsh/Naplam/Bangladesh-UAV-PlantDisease/Training Dataset/Cotton Bollworm Infestation/TN-200.jpg,Cotton Bollworm Infestation,TN-200.jpg,0
e675f202161f93e37b94bd226e8b9cd2,/home/sparsh/Naplam/Bangladesh-UAV-PlantDisease/Test Dataset/Hail damages/TN-693.jpg,Hail damage,TN-693.jpg,1
8f9358889c60ab2297efeb255ab3de67,/home/sparsh/Naplam/Bangladesh-UAV-PlantDisease/Training Dataset/Strong-Light Burn/TN-680.jpg,Strong-Light Burn,TN-680.jpg,4
e843406414a70e44895b822d0d6681bd,/home/sparsh/Naplam/Bangladesh-UAV-PlantDisease/Test Dataset/Hail damages/TN-2761.jpg,Hail damage,TN-2761.jpg,1
47e08173708c7f95b226bcfc4ca01eec,/home/sparsh/Naplam/Bangladesh-UAV-PlantDisease/Training Dataset/Cotton Bollworm Infestation/TN-779.jpg,Cotton Bollworm Infestation,TN-779.jpg,0
4a29ff3399d79a2ddf58bb8489709a04,/home/sparsh/Naplam/Bangladesh-UAV-PlantDisease/Training Dataset/Strong-Light Burn/TN-271.jpg,Strong-Light Burn,TN-271.jpg,4
b958ebd37bb966131956a5f8d9310f16,/home/sparsh/Naplam/Bangladesh-UAV-PlantDisease/Test Dataset/Hail damages/TN-2018.jpg,Hail damage,TN-2018.jpg,1
db613fccda71d030f54bf4e3c6258f00,/home/sparsh/Naplam/Bangladesh-UAV-PlantDisease/Training Dataset/Hail damage/TN-293.jpg,Hail damage,TN-293.jpg,1
cc453bb0ed4c25f981ed00f88f0eac1d,/home/sparsh/Naplam/Bangladesh-UAV-PlantDisease/Training Dataset/Mixed/TN-667.jpg,Mixed,TN-667.jpg,2
40f5015e000e24cfae1e7233d6500ad7,/home/sparsh/Naplam/Bangladesh-UAV-PlantDisease/Training Dataset/Mixed/TN-1996.jpg,Mixed,TN-1996.jpg,2
31d9dda7637d2eef6acd3786da39be6b,/home/sparsh/Naplam/Bangladesh-UAV-PlantDisease/Training Dataset/Strong-Light Burn/TN-118.jpg,Strong-Light Burn,TN-118.jpg,4
338582f03800469cf7f37a96479f627e,/home/sparsh/Naplam/Bangladesh-UAV-PlantDisease/Training Dataset/Mixed/TN-747.jpg,Mixed,TN-747.jpg,2
24ea8983f1f816886350dcd176545023,/home/sparsh/Naplam/Bangladesh-UAV-PlantDisease/Training Dataset/Cotton Bollworm Infestation/TN-238.jpg,Cotton Bollworm Infestation,TN-238.jpg,0
87a4cde044debb12a0a467e40035d912,/home/sparsh/Naplam/Bangladesh-UAV-PlantDisease/Training Dataset/Mixed/TN-1556.jpg,Mixed,TN-1556.jpg,2
5d466f4a231e536522e1d9c849c1c916,/home/sparsh/Naplam/Bangladesh-UAV-PlantDisease/Training Dataset/Cotton Bollworm Infestation/TN-477.jpg,Cotton Bollworm Infestation,TN-477.jpg,0
29d384ce921af8479209681a08d61252,/home/sparsh/Naplam/Bangladesh-UAV-PlantDisease/Training Dataset/Cotton Bollworm Infestation/TN-276.jpg,Cotton Bollworm Infestation,TN-276.jpg,0
c9a9add5c9a6488ae8b3ac9530af4c4e,/home/sparsh/Naplam/Bangladesh-UAV-PlantDisease/Training Dataset/Strong-Light Burn/TN-445.jpg,Strong-Light Burn,TN-445.jpg,4
208735371177f88410efaff5dadb61aa,/home/sparsh/Naplam/Bangladesh-UAV-PlantDisease/Test Dataset/Hail damages/TN-2590.jpg,Hail damage,TN-2590.jpg,1
8ff1662f6897549cd64d1edad4d7f70c,/home/sparsh/Naplam/Bangladesh-UAV-PlantDisease/Training Dataset/Mixed/TN-369.jpg,Mixed,TN-369.jpg,2
6d6a2ca646172b570854c5e2b5279873,/home/sparsh/Naplam/Bangladesh-UAV-PlantDisease/Training Dataset/Cotton Bollworm Infestation/TN-162.jpg,Cotton Bollworm Infestation,TN-162.jpg,0
6987c66a8d06462c43c8749d16cf1c64,/home/sparsh/Naplam/Bangladesh-UAV-PlantDisease/Test Dataset/Hail damages/TN-764.jpg,Hail damage,TN-764.jpg,1
5bf2fd786d7ea6b1f442f729a67c5df0,/home/sparsh/Naplam/Bangladesh-UAV-PlantDisease/Training Dataset/Cotton Bollworm Infestation/TN-303.jpg,Cotton Bollworm Infestation,TN-303.jpg,0
ac95cc9011e4e269598844db832bf172,/home/sparsh/Naplam/Bangladesh-UAV-PlantDisease/Test Dataset/Hail damages/TN-996.jpg,Hail damage,TN-996.jpg,1
7c076006ad7a9910dfbb464552c8f1ee,/home/sparsh/Naplam/Bangladesh-UAV-PlantDisease/Training Dataset/Mixed/TN-887.jpg,Mixed,TN-887.jpg,2
d005d5517d397ead396f9a5c80295432,/home/sparsh/Naplam/Bangladesh-UAV-PlantDisease/Test Dataset/Hail damages/TN-2261.jpg,Hail damage,TN-2261.jpg,1
5eb594ba5e1fb0e03bf538a1dd7e5c46,/home/sparsh/Naplam/Bangladesh-UAV-PlantDisease/Training Dataset/Cotton Bollworm Infestation/TN-327.jpg,Cotton Bollworm Infestation,TN-327.jpg,0
77f702a36bbe535b67730a350cf20cb5,/home/sparsh/Naplam/Bangladesh-UAV-PlantDisease/Training Dataset/Mixed/TN-1512.jpg,Mixed,TN-1512.jpg,2
372c2b68bfbb43db88c5683c617d8fc2,/home/sparsh/Naplam/Bangladesh-UAV-PlantDisease/Training Dataset/Hail damage/TN-55.jpg,Hail damage,TN-55.jpg,1
da0c53d5a1b71a83a589c3efde5ab2d8,/home/sparsh/Naplam/Bangladesh-UAV-PlantDisease/Training Dataset/Mixed/TN-554.jpg,Mixed,TN-554.jpg,2
779adb6fabc29ad4009bdf46b5b3917e,/home/sparsh/Naplam/Bangladesh-UAV-PlantDisease/Training Dataset/Mixed/TN-884.jpg,Mixed,TN-884.jpg,2
c161c11a8012d31d0b3f659f19f00347,/home/sparsh/Naplam/Bangladesh-UAV-PlantDisease/Training Dataset/Mixed/TN-446.jpg,Mixed,TN-446.jpg,2
ca5bb7a2510dc60ad7bd2045740bd2c9,/home/sparsh/Naplam/Bangladesh-UAV-PlantDisease/Test Dataset/Hail damages/TN-1346.jpg,Hail damage,TN-1346.jpg,1
85daeb54dbbbe16ebbf22e84cd2c96c5,/home/sparsh/Naplam/Bangladesh-UAV-PlantDisease/Training Dataset/Mixed/TN-799.jpg,Mixed,TN-799.jpg,2
1a3a072f5b5172de9d48d96d1d1aaf54,/home/sparsh/Naplam/Bangladesh-UAV-PlantDisease/Training Dataset/Mixed/TN-2034.jpg,Mixed,TN-2034.jpg,2
d9988d56eda235267cf15401627d74ef,/home/sparsh/Naplam/Bangladesh-UAV-PlantDisease/Training Dataset/Strong-Light Burn/TN-547.jpg,Strong-Light Burn,TN-547.jpg,4
cb6fead274922816cb694a0b6d53f127,/home/sparsh/Naplam/Bangladesh-UAV-PlantDisease/Training Dataset/Mixed/TN-1338.jpg,Mixed,TN-1338.jpg,2
ee4840ae991455f222f6be0e8c4712ee,/home/sparsh/Naplam/Bangladesh-UAV-PlantDisease/Test Dataset/Hail damages/TN-1054.jpg,Hail damage,TN-1054.jpg,1
5bf546d9336d40f7ab50b1c137cdb22a,/home/sparsh/Naplam/Bangladesh-UAV-PlantDisease/Training Dataset/Mixed/TN-2206.jpg,Mixed,TN-2206.jpg,2
234872eda57b187a148fc0e2979067de,/home/sparsh/Naplam/Bangladesh-UAV-PlantDisease/Training Dataset/Mixed/TN-1978.jpg,Mixed,TN-1978.jpg,2
4137eabc919c33e2aa7ae75b68e37890,/home/sparsh/Naplam/Bangladesh-UAV-PlantDisease/Training Dataset/Mixed/TN-1756.jpg,Mixed,TN-1756.jpg,2
34aa2347ebc4ddfe10dede77111166c1,/home/sparsh/Naplam/Bangladesh-UAV-PlantDisease/Test Dataset/Hail damages/TN-330.jpg,Hail damage,TN-330.jpg,1
8f26a2e11d4229b9a0af093fb7f8dc4c,/home/sparsh/Naplam/Bangladesh-UAV-PlantDisease/Training Dataset/Cotton Bollworm Infestation/TN-308.jpg,Cotton Bollworm Infestation,TN-308.jpg,0
97ff7deab92cb5aa31f31ef863c2dc2b,/home/sparsh/Naplam/Bangladesh-UAV-PlantDisease/Test Dataset/Hail damages/TN-1710.jpg,Hail damage,TN-1710.jpg,1
d23adae9e8629ba614941306ac577426,/home/sparsh/Naplam/Bangladesh-UAV-PlantDisease/Training Dataset/Mixed/TN-2150.jpg,Mixed,TN-2150.jpg,2
d4c6ae4da5d1befaaeb01d0fe9a923d2,/home/sparsh/Naplam/Bangladesh-UAV-PlantDisease/Test Dataset/Hail damages/TN-1607.jpg,Hail damage,TN-1607.jpg,1
194d5a5c72bddf79cdd824f306294c2d,/home/sparsh/Naplam/Bangladesh-UAV-PlantDisease/Training Dataset/Mixed/TN-1360.jpg,Mixed,TN-1360.jpg,2
97c7db213b3208710a757374228dba74,/home/sparsh/Naplam/Bangladesh-UAV-PlantDisease/Training Dataset/Cotton Bollworm Infestation/TN-78.jpg,Cotton Bollworm Infestation,TN-78.jpg,0
2e9f3c833282c6fd652ef9eeccb00588,/home/sparsh/Naplam/Bangladesh-UAV-PlantDisease/Training Dataset/Root Damage/TN-314.jpg,Root Damage,TN-314.jpg,3
4fecc79f180c75925bd867d41af0ea07,/home/sparsh/Naplam/Bangladesh-UAV-PlantDisease/Training Dataset/Cotton Bollworm Infestation/TN-280.jpg,Cotton Bollworm Infestation,TN-280.jpg,0
ec8cc7bd3beee890d78d9a0b413457b2,/home/sparsh/Naplam/Bangladesh-UAV-PlantDisease/Training Dataset/Mixed/TN-1728.jpg,Mixed,TN-1728.jpg,2
9e68b218c1fccae9aaab1d929923f9a7,/home/sparsh/Naplam/Bangladesh-UAV-PlantDisease/Training Dataset/Strong-Light Burn/TN-653.jpg,Strong-Light Burn,TN-653.jpg,4
7bcc3778597b30b82d6c47a765d065ee,/home/sparsh/Naplam/Bangladesh-UAV-PlantDisease/Test Dataset/Strong-Light Burn/TN-272.jpg,Strong-Light Burn,TN-272.jpg,4
b5170ac003da3ff7bcbceb0596b8c689,/home/sparsh/Naplam/Bangladesh-UAV-PlantDisease/Training Dataset/Root Damage/TN-384.jpg,Root Damage,TN-384.jpg,3
ff134d9862de20dbd4174e6595e525c4,/home/sparsh/Naplam/Bangladesh-UAV-PlantDisease/Training Dataset/Cotton Bollworm Infestation/TN-520.jpg,Cotton Bollworm Infestation,TN-520.jpg,0
d0efca9ffb507d2c539f9cfedff4d731,/home/sparsh/Naplam/Bangladesh-UAV-PlantDisease/Training Dataset/Mixed/TN-875.jpg,Mixed,TN-875.jpg,2
3f151715473ccf06400ccd6fc844a271,/home/sparsh/Naplam/Bangladesh-UAV-PlantDisease/Test Dataset/Cotton Bollworm Infestation/TN-154.jpg,Cotton Bollworm Infestation,TN-154.jpg,0
de29dd20366220b6f8638cde4b0b97d2,/home/sparsh/Naplam/Bangladesh-UAV-PlantDisease/Training Dataset/Mixed/TN-1149.jpg,Mixed,TN-1149.jpg,2
40ebeea2095dbce4472c1a86e2825d0a,/home/sparsh/Naplam/Bangladesh-UAV-PlantDisease/Test Dataset/Hail damages/TN-2196.jpg,Hail damage,TN-2196.jpg,1
8ecd5ae1b9faa459f32741a625c2c596,/home/sparsh/Naplam/Bangladesh-UAV-PlantDisease/Training Dataset/Cotton Bollworm Infestation/TN-251.jpg,Cotton Bollworm Infestation,TN-251.jpg,0
f19217444b972909fc7662b34d423189,/home/sparsh/Naplam/Bangladesh-UAV-PlantDisease/Training Dataset/Cotton Bollworm Infestation/TN-797.jpg,Cotton Bollworm Infestation,TN-797.jpg,0
b0baff4dc533fe317c8932f21e4a6fa8,/home/sparsh/Naplam/Bangladesh-UAV-PlantDisease/Training Dataset/Mixed/TN-1584.jpg,Mixed,TN-1584.jpg,2
4bc8db30d7de96a62e3e0993974332f0,/home/sparsh/Naplam/Bangladesh-UAV-PlantDisease/Test Dataset/Hail damages/TN-487.jpg,Hail damage,TN-487.jpg,1
0af9c25c7ee05303fc274072d7741a88,/home/sparsh/Naplam/Bangladesh-UAV-PlantDisease/Test Dataset/Root Damage/TN-230.jpg,Root Damage,TN-230.jpg,3
9a1e2e1ee58cd35197adf8f5dd46edf4,/home/sparsh/Naplam/Bangladesh-UAV-PlantDisease/Training Dataset/Hail damage/TN-828.jpg,Hail damage,TN-828.jpg,1
a81e95e383f25ed177fd089084942036,/home/sparsh/Naplam/Bangladesh-UAV-PlantDisease/Test Dataset/Hail damages/TN-2288.jpg,Hail damage,TN-2288.jpg,1
8d34f6052d0c23ad4c0ac4a294f2adb4,/home/sparsh/Naplam/Bangladesh-UAV-PlantDisease/Test Dataset/Hail damages/TN-2705.jpg,Hail damage,TN-2705.jpg,1
30ffd756ddbea37b2d963d81424ddbb1,/home/sparsh/Naplam/Bangladesh-UAV-PlantDisease/Training Dataset/Mixed/TN-1492.jpg,Mixed,TN-1492.jpg,2
6a94939784906130ddbf345ada79244c,/home/sparsh/Naplam/Bangladesh-UAV-PlantDisease/Training Dataset/Mixed/TN-738.jpg,Mixed,TN-738.jpg,2
3c7fa96ae8a0e9b5be8922035808ce85,/home/sparsh/Naplam/Bangladesh-UAV-PlantDisease/Test Dataset/Cotton Bollworm Infestation/TN-282.jpg,Cotton Bollworm Infestation,TN-282.jpg,0
c149cea808557d1307f81dbd6107bb55,/home/sparsh/Naplam/Bangladesh-UAV-PlantDisease/Test Dataset/Hail damages/TN-708.jpg,Hail damage,TN-708.jpg,1
34e88709d998af5b4980138ca8b65aa7,/home/sparsh/Naplam/Bangladesh-UAV-PlantDisease/Test Dataset/Hail damages/TN-2167.jpg,Hail damage,TN-2167.jpg,1
1d29f906bde9ca705aac654a2681e10f,/home/sparsh/Naplam/Bangladesh-UAV-PlantDisease/Training Dataset/Root Damage/TN-18.jpg,Root Damage,TN-18.jpg,3
ea3cd71db46e819b989df76eec53f605,/home/sparsh/Naplam/Bangladesh-UAV-PlantDisease/Training Dataset/Mixed/TN-349.jpg,Mixed,TN-349.jpg,2
7abdba9e31c2e804cc33e4e35a322ba2,/home/sparsh/Naplam/Bangladesh-UAV-PlantDisease/Training Dataset/Mixed/TN-623.jpg,Mixed,TN-623.jpg,2
0883dad6c53d5e01de16b0633466fef5,/home/sparsh/Naplam/Bangladesh-UAV-PlantDisease/Training Dataset/Strong-Light Burn/TN-489.jpg,Strong-Light Burn,TN-489.jpg,4
34b541d91707e56f134b23b159175e7f,/home/sparsh/Naplam/Bangladesh-UAV-PlantDisease/Test Dataset/Hail damages/TN-1894.jpg,Hail damage,TN-1894.jpg,1
c7df04a26738c0f1c5e4a1a5096004ad,/home/sparsh/Naplam/Bangladesh-UAV-PlantDisease/Training Dataset/Cotton Bollworm Infestation/TN-211.jpg,Cotton Bollworm Infestation,TN-211.jpg,0
1e1fa64fcace4818f89b2814cfc8b326,/home/sparsh/Naplam/Bangladesh-UAV-PlantDisease/Training Dataset/Strong-Light Burn/TN-357.jpg,Strong-Light Burn,TN-357.jpg,4
2e1ef798669d457ec2e3f9068e94cc0a,/home/sparsh/Naplam/Bangladesh-UAV-PlantDisease/Training Dataset/Cotton Bollworm Infestation/TN-832.jpg,Cotton Bollworm Infestation,TN-832.jpg,0
ad96c57725384f5d5fdb37854e961aa3,/home/sparsh/Naplam/Bangladesh-UAV-PlantDisease/Training Dataset/Root Damage/TN-361.jpg,Root Damage,TN-361.jpg,3
f1a27563de2632b3b8eb69935eca1103,/home/sparsh/Naplam/Bangladesh-UAV-PlantDisease/Training Dataset/Strong-Light Burn/TN-306.jpg,Strong-Light Burn,TN-306.jpg,4
1e9cb8762fccbe353ace34b6b770215f,/home/sparsh/Naplam/Bangladesh-UAV-PlantDisease/Training Dataset/Hail damage/TN-761.jpg,Hail damage,TN-761.jpg,1
1ba65a7f2523e57881ad1cb48e35823e,/home/sparsh/Naplam/Bangladesh-UAV-PlantDisease/Training Dataset/Cotton Bollworm Infestation/TN-269.jpg,Cotton Bollworm Infestation,TN-269.jpg,0
b49fe8defeebcf860c7a9b5a99a72175,/home/sparsh/Naplam/Bangladesh-UAV-PlantDisease/Training Dataset/Mixed/TN-1036.jpg,Mixed,TN-1036.jpg,2
2f197bd5b022617c3fce280289bed8b9,/home/sparsh/Naplam/Bangladesh-UAV-PlantDisease/Training Dataset/Cotton Bollworm Infestation/TN-1013.jpg,Cotton Bollworm Infestation,TN-1013.jpg,0
82c5f10c328dcf7ea735fa0b2c6f6824,/home/sparsh/Naplam/Bangladesh-UAV-PlantDisease/Training Dataset/Mixed/TN-479.jpg,Mixed,TN-479.jpg,2
fdd2c26bb382020daddf17723d97e45d,/home/sparsh/Naplam/Bangladesh-UAV-PlantDisease/Training Dataset/Cotton Bollworm Infestation/TN-562.jpg,Cotton Bollworm Infestation,TN-562.jpg,0
8090c49cbc9edd6f547582d1ec3ee3bb,/home/sparsh/Naplam/Bangladesh-UAV-PlantDisease/Test Dataset/Hail damages/TN-2668.jpg,Hail damage,TN-2668.jpg,1
f46aac3ecc43ec7c9d2f98e4f09d6760,/home/sparsh/Naplam/Bangladesh-UAV-PlantDisease/Training Dataset/Mixed/TN-528.jpg,Mixed,TN-528.jpg,2
cba6c96b4bfb878616a21a2a87db1565,/home/sparsh/Naplam/Bangladesh-UAV-PlantDisease/Training Dataset/Cotton Bollworm Infestation/TN-20.jpg,Cotton Bollworm Infestation,TN-20.jpg,0
28da407f44844ae82c86dc9667d492f2,/home/sparsh/Naplam/Bangladesh-UAV-PlantDisease/Training Dataset/Mixed/TN-256.jpg,Mixed,TN-256.jpg,2
3caf7fb580bc69a0bbda77868df153ed,/home/sparsh/Naplam/Bangladesh-UAV-PlantDisease/Test Dataset/Mixed/TN-160.jpg,Mixed,TN-160.jpg,2
85b2cf1a9b56d85f1d17ca423664e0e4,/home/sparsh/Naplam/Bangladesh-UAV-PlantDisease/Test Dataset/Hail damages/TN-1105.jpg,Hail damage,TN-1105.jpg,1
c0a7d0533ede512b040baedafc81ffbb,/home/sparsh/Naplam/Bangladesh-UAV-PlantDisease/Training Dataset/Mixed/TN-2173.jpg,Mixed,TN-2173.jpg,2
6d1fc22f6641e0ecdd904c71172ee6c4,/home/sparsh/Naplam/Bangladesh-UAV-PlantDisease/Training Dataset/Mixed/TN-2036.jpg,Mixed,TN-2036.jpg,2
e4e42643512d94b506019304980e6980,/home/sparsh/Naplam/Bangladesh-UAV-PlantDisease/Training Dataset/Mixed/TN-2149.jpg,Mixed,TN-2149.jpg,2
558ab499c9dc66eb1cb6c8357274df83,/home/sparsh/Naplam/Bangladesh-UAV-PlantDisease/Test Dataset/Hail damages/TN-1152.jpg,Hail damage,TN-1152.jpg,1
4254a9f8687def4a30094ad56ab1ebcf,/home/sparsh/Naplam/Bangladesh-UAV-PlantDisease/Training Dataset/Mixed/TN-591.jpg,Mixed,TN-591.jpg,2
3ede79e7cd886d3662d45e0acfc93f8d,/home/sparsh/Naplam/Bangladesh-UAV-PlantDisease/Training Dataset/Hail damage/TN-201.jpg,Hail damage,TN-201.jpg,1
15e99f290f63382020531f3eb0e3c592,/home/sparsh/Naplam/Bangladesh-UAV-PlantDisease/Test Dataset/Hail damages/TN-2816.jpg,Hail damage,TN-2816.jpg,1
e7bb14349db545a3d1e1ba25167ce652,/home/sparsh/Naplam/Bangladesh-UAV-PlantDisease/Training Dataset/Strong-Light Burn/TN-682.jpg,Strong-Light Burn,TN-682.jpg,4
c7b7aa4b9d13969da5d6e393c94a6f73,/home/sparsh/Naplam/Bangladesh-UAV-PlantDisease/Test Dataset/Hail damages/TN-2077.jpg,Hail damage,TN-2077.jpg,1
78ec942448ec23cf2f2a67f8d5cd1546,/home/sparsh/Naplam/Bangladesh-UAV-PlantDisease/Training Dataset/Cotton Bollworm Infestation/TN-744.jpg,Cotton Bollworm Infestation,TN-744.jpg,0
e6a0cda6b9ea258ef13f72b3bcc86e0b,/home/sparsh/Naplam/Bangladesh-UAV-PlantDisease/Training Dataset/Mixed/TN-521.jpg,Mixed,TN-521.jpg,2
a54ef0bd3a2619f6eb0bbc5307a51d11,/home/sparsh/Naplam/Bangladesh-UAV-PlantDisease/Training Dataset/Strong-Light Burn/TN-364.jpg,Strong-Light Burn,TN-364.jpg,4
e031685e5549d3e1d83fcb6ecb2ac408,/home/sparsh/Naplam/Bangladesh-UAV-PlantDisease/Training Dataset/Hail damage/TN-742.jpg,Hail damage,TN-742.jpg,1
b1bd1343d621daca7e5f40a1f507312c,/home/sparsh/Naplam/Bangladesh-UAV-PlantDisease/Training Dataset/Hail damage/TN-633.jpg,Hail damage,TN-633.jpg,1
565f6082f683025f86459b98ee861fff,/home/sparsh/Naplam/Bangladesh-UAV-PlantDisease/Training Dataset/Root Damage/TN-12.jpg,Root Damage,TN-12.jpg,3
46605a42a6ebdc43e331ee868a4fd5aa,/home/sparsh/Naplam/Bangladesh-UAV-PlantDisease/Training Dataset/Mixed/TN-1688.jpg,Mixed,TN-1688.jpg,2
6df069df60b00b324b5b97e17661be1b,/home/sparsh/Naplam/Bangladesh-UAV-PlantDisease/Training Dataset/Mixed/TN-1171.jpg,Mixed,TN-1171.jpg,2
c1cbec3776a4ebb42150ad6dfaff830a,/home/sparsh/Naplam/Bangladesh-UAV-PlantDisease/Training Dataset/Strong-Light Burn/TN-431.jpg,Strong-Light Burn,TN-431.jpg,4
5fa9514a93de595e6c8e4b921db04577,/home/sparsh/Naplam/Bangladesh-UAV-PlantDisease/Test Dataset/Hail damages/TN-1272.jpg,Hail damage,TN-1272.jpg,1
87e6ca046831746fe9d28a8b26bbb6ff,/home/sparsh/Naplam/Bangladesh-UAV-PlantDisease/Training Dataset/Root Damage/TN-666.jpg,Root Damage,TN-666.jpg,3
f15ba08899b7dd68f4616dd9d4f38248,/home/sparsh/Naplam/Bangladesh-UAV-PlantDisease/Training Dataset/Cotton Bollworm Infestation/TN-756.jpg,Cotton Bollworm Infestation,TN-756.jpg,0
3ca533e151e2e423a8590790cd8a035c,/home/sparsh/Naplam/Bangladesh-UAV-PlantDisease/Training Dataset/Mixed/TN-669.jpg,Mixed,TN-669.jpg,2
1d25477951bae9f6b2be95693c0108ab,/home/sparsh/Naplam/Bangladesh-UAV-PlantDisease/Test Dataset/Hail damages/TN-567.jpg,Hail damage,TN-567.jpg,1
9bfedb400fd4f791ec091e9ab20245dc,/home/sparsh/Naplam/Bangladesh-UAV-PlantDisease/Test Dataset/Strong-Light Burn/TN-1.jpg,Strong-Light Burn,TN-1.jpg,4
9ab758418412b92b59f5a61a6ec84f17,/home/sparsh/Naplam/Bangladesh-UAV-PlantDisease/Training Dataset/Mixed/TN-855.jpg,Mixed,TN-855.jpg,2
c75e315a590a5adb410460f73c1ca8bc,/home/sparsh/Naplam/Bangladesh-UAV-PlantDisease/Training Dataset/Root Damage/TN-342.jpg,Root Damage,TN-342.jpg,3
6b7ef2d81591200991efe16ca17a9f76,/home/sparsh/Naplam/Bangladesh-UAV-PlantDisease/Training Dataset/Mixed/TN-384.jpg,Mixed,TN-384.jpg,2
7e9e1e65956ebc8fa7424da16ee1db63,/home/sparsh/Naplam/Bangladesh-UAV-PlantDisease/Test Dataset/Hail damages/TN-1215.jpg,Hail damage,TN-1215.jpg,1
a8414c963adb6dc3e1247b21e6803551,/home/sparsh/Naplam/Bangladesh-UAV-PlantDisease/Training Dataset/Hail damage/TN-494.jpg,Hail damage,TN-494.jpg,1
ac2dd9b338962611ab66df0c19ce4da1,/home/sparsh/Naplam/Bangladesh-UAV-PlantDisease/Training Dataset/Root Damage/TN-221.jpg,Root Damage,TN-221.jpg,3
ea1022ef666627173397a21b95d62357,/home/sparsh/Naplam/Bangladesh-UAV-PlantDisease/Training Dataset/Cotton Bollworm Infestation/TN-73.jpg,Cotton Bollworm Infestation,TN-73.jpg,0
fb85f6665561de159ebd8e63fd7d14a6,/home/sparsh/Naplam/Bangladesh-UAV-PlantDisease/Training Dataset/Hail damage/TN-804.jpg,Hail damage,TN-804.jpg,1
f42512698f4e96ae3a00edd3abc7a267,/home/sparsh/Naplam/Bangladesh-UAV-PlantDisease/Test Dataset/Hail damages/TN-817.jpg,Hail damage,TN-817.jpg,1
a8f0064c9d1759d7889f3a888ac3c58d,/home/sparsh/Naplam/Bangladesh-UAV-PlantDisease/Training Dataset/Mixed/TN-1295.jpg,Mixed,TN-1295.jpg,2
efd937a7668aa2d836356d620943647f,/home/sparsh/Naplam/Bangladesh-UAV-PlantDisease/Training Dataset/Cotton Bollworm Infestation/TN-198.jpg,Cotton Bollworm Infestation,TN-198.jpg,0
fc4760f5ab4536ee3572de55777055d5,/home/sparsh/Naplam/Bangladesh-UAV-PlantDisease/Test Dataset/Hail damages/TN-610.jpg,Hail damage,TN-610.jpg,1
dfef0acf51f5a033bc61d9dc8bfde135,/home/sparsh/Naplam/Bangladesh-UAV-PlantDisease/Training Dataset/Mixed/TN-1005.jpg,Mixed,TN-1005.jpg,2
3bead9faec48934af30d776e46589e8b,/home/sparsh/Naplam/Bangladesh-UAV-PlantDisease/Training Dataset/Strong-Light Burn/TN-447.jpg,Strong-Light Burn,TN-447.jpg,4
059ef175d6135333e539de9fa4068ee3,/home/sparsh/Naplam/Bangladesh-UAV-PlantDisease/Training Dataset/Mixed/TN-2196.jpg,Mixed,TN-2196.jpg,2
8b23b963eecd154312044e2c1b49b793,/home/sparsh/Naplam/Bangladesh-UAV-PlantDisease/Training Dataset/Root Damage/TN-743.jpg,Root Damage,TN-743.jpg,3
55276395a7f3ee977a9a858d34d365d2,/home/sparsh/Naplam/Bangladesh-UAV-PlantDisease/Test Dataset/Hail damages/TN-490.jpg,Hail damage,TN-490.jpg,1
c2642ab1856ac6eff224f23d11978837,/home/sparsh/Naplam/Bangladesh-UAV-PlantDisease/Training Dataset/Cotton Bollworm Infestation/TN-708.jpg,Cotton Bollworm Infestation,TN-708.jpg,0
27c5ab68b192db5e5525e27c76b0c522,/home/sparsh/Naplam/Bangladesh-UAV-PlantDisease/Training Dataset/Strong-Light Burn/TN-265.jpg,Strong-Light Burn,TN-265.jpg,4
110dcf50cab7153c44ec6d46956bb12f,/home/sparsh/Naplam/Bangladesh-UAV-PlantDisease/Training Dataset/Mixed/TN-1889.jpg,Mixed,TN-1889.jpg,2
97dfcf7b26f4b32b9ec0368336caf2d0,/home/sparsh/Naplam/Bangladesh-UAV-PlantDisease/Training Dataset/Mixed/TN-1299.jpg,Mixed,TN-1299.jpg,2
ec8b9642c95749c70f97006b1ff43791,/home/sparsh/Naplam/Bangladesh-UAV-PlantDisease/Training Dataset/Strong-Light Burn/TN-405.jpg,Strong-Light Burn,TN-405.jpg,4
3b0fc679108bbce143841e57fe9faa3e,/home/sparsh/Naplam/Bangladesh-UAV-PlantDisease/Test Dataset/Hail damages/TN-2357.jpg,Hail damage,TN-2357.jpg,1
5224153038bdd788245497e6d150a0d9,/home/sparsh/Naplam/Bangladesh-UAV-PlantDisease/Test Dataset/Hail damages/TN-1420.jpg,Hail damage,TN-1420.jpg,1
cdd61f8d1460953e525b0454603d197d,/home/sparsh/Naplam/Bangladesh-UAV-PlantDisease/Training Dataset/Cotton Bollworm Infestation/TN-711.jpg,Cotton Bollworm Infestation,TN-711.jpg,0
330f5a53054f107943d322816ac6adaf,/home/sparsh/Naplam/Bangladesh-UAV-PlantDisease/Training Dataset/Mixed/TN-1757.jpg,Mixed,TN-1757.jpg,2
cc28107c5c679cf8ea0a53db02b02712,/home/sparsh/Naplam/Bangladesh-UAV-PlantDisease/Training Dataset/Cotton Bollworm Infestation/TN-549.jpg,Cotton Bollworm Infestation,TN-549.jpg,0
cb4500d47ad76ac7356e2e1b28818147,/home/sparsh/Naplam/Bangladesh-UAV-PlantDisease/Training Dataset/Root Damage/TN-57.jpg,Root Damage,TN-57.jpg,3
e74ed036c144b95b6ff3d938583e5dbc,/home/sparsh/Naplam/Bangladesh-UAV-PlantDisease/Training Dataset/Mixed/TN-2191.jpg,Mixed,TN-2191.jpg,2
a2e2dfc8cfb1549fd1deb3d60850e0e4,/home/sparsh/Naplam/Bangladesh-UAV-PlantDisease/Training Dataset/Hail damage/TN-710.jpg,Hail damage,TN-710.jpg,1
d08793ef88950c825b7960d8950a5392,/home/sparsh/Naplam/Bangladesh-UAV-PlantDisease/Training Dataset/Cotton Bollworm Infestation/TN-244.jpg,Cotton Bollworm Infestation,TN-244.jpg,0
d98cadfa677c9f6447c478e2894fac93,/home/sparsh/Naplam/Bangladesh-UAV-PlantDisease/Test Dataset/Cotton Bollworm Infestation/TN-351.jpg,Cotton Bollworm Infestation,TN-351.jpg,0
269bb72e9bcf55f024eaa3a28a2d1e8a,/home/sparsh/Naplam/Bangladesh-UAV-PlantDisease/Test Dataset/Hail damages/TN-1825.jpg,Hail damage,TN-1825.jpg,1
66a876619b5785ca77d517adb17574d4,/home/sparsh/Naplam/Bangladesh-UAV-PlantDisease/Training Dataset/Strong-Light Burn/TN-695.jpg,Strong-Light Burn,TN-695.jpg,4
6d79e12f00f9eb1babc29cd6928a93cf,/home/sparsh/Naplam/Bangladesh-UAV-PlantDisease/Training Dataset/Strong-Light Burn/TN-570.jpg,Strong-Light Burn,TN-570.jpg,4
799b683963d606f6e96e22a069da4f26,/home/sparsh/Naplam/Bangladesh-UAV-PlantDisease/Training Dataset/Hail damage/TN-800.jpg,Hail damage,TN-800.jpg,1
ba46bcc69f69e52e656ba47370116738,/home/sparsh/Naplam/Bangladesh-UAV-PlantDisease/Training Dataset/Hail damage/TN-643.jpg,Hail damage,TN-643.jpg,1
33f68a9861e98b45861b59783bd78ff1,/home/sparsh/Naplam/Bangladesh-UAV-PlantDisease/Test Dataset/Strong-Light Burn/TN-280.jpg,Strong-Light Burn,TN-280.jpg,4
d2f9c62b928a4c4f07dbc0bdd70d48b2,/home/sparsh/Naplam/Bangladesh-UAV-PlantDisease/Training Dataset/Mixed/TN-2253.jpg,Mixed,TN-2253.jpg,2
6c8f802a3e0b91f3e67fa38c2d8a7e1f,/home/sparsh/Naplam/Bangladesh-UAV-PlantDisease/Training Dataset/Strong-Light Burn/TN-32.jpg,Strong-Light Burn,TN-32.jpg,4
81281068d29afaf002be06c030531894,/home/sparsh/Naplam/Bangladesh-UAV-PlantDisease/Training Dataset/Hail damage/TN-90.jpg,Hail damage,TN-90.jpg,1
3c852c8b5ba5564ab421e7761b12420f,/home/sparsh/Naplam/Bangladesh-UAV-PlantDisease/Test Dataset/Cotton Bollworm Infestation/TN-464.jpg,Cotton Bollworm Infestation,TN-464.jpg,0
5fcf5a8753c1ce83c0384569555ae8e4,/home/sparsh/Naplam/Bangladesh-UAV-PlantDisease/Test Dataset/Hail damages/TN-776.jpg,Hail damage,TN-776.jpg,1
221b46617048a60ceb538412a0277d91,/home/sparsh/Naplam/Bangladesh-UAV-PlantDisease/Test Dataset/Hail damages/TN-1658.jpg,Hail damage,TN-1658.jpg,1
35ec14936e20f51e2b14ffc7546860d5,/home/sparsh/Naplam/Bangladesh-UAV-PlantDisease/Test Dataset/Hail damages/TN-783.jpg,Hail damage,TN-783.jpg,1
55562b05c55c3a99179ca818922cba79,/home/sparsh/Naplam/Bangladesh-UAV-PlantDisease/Training Dataset/Mixed/TN-732.jpg,Mixed,TN-732.jpg,2
c9ae28f8e67326e75304811a26e62f06,/home/sparsh/Naplam/Bangladesh-UAV-PlantDisease/Training Dataset/Strong-Light Burn/TN-205.jpg,Strong-Light Burn,TN-205.jpg,4
4639c58d990a9ec022d3a727e48f8b56,/home/sparsh/Naplam/Bangladesh-UAV-PlantDisease/Training Dataset/Hail damage/TN-257.jpg,Hail damage,TN-257.jpg,1
eed04b2b609b683ee43895a6fe3bf635,/home/sparsh/Naplam/Bangladesh-UAV-PlantDisease/Training Dataset/Mixed/TN-552.jpg,Mixed,TN-552.jpg,2
2d6e460b076ee9884205e7db9a05f28d,/home/sparsh/Naplam/Bangladesh-UAV-PlantDisease/Training Dataset/Mixed/TN-1174.jpg,Mixed,TN-1174.jpg,2
9662a32eedce66c264dfeb38950b26f6,/home/sparsh/Naplam/Bangladesh-UAV-PlantDisease/Test Dataset/Cotton Bollworm Infestation/TN-292.jpg,Cotton Bollworm Infestation,TN-292.jpg,0
17d1cd1f90ad709e673ebb12a4853ca7,/home/sparsh/Naplam/Bangladesh-UAV-PlantDisease/Training Dataset/Root Damage/TN-473.jpg,Root Damage,TN-473.jpg,3
78aa60df1277447a29811a04c35bcf7e,/home/sparsh/Naplam/Bangladesh-UAV-PlantDisease/Training Dataset/Mixed/TN-1443.jpg,Mixed,TN-1443.jpg,2
8d68789c157cf65e1c588d2ffb93be3a,/home/sparsh/Naplam/Bangladesh-UAV-PlantDisease/Training Dataset/Mixed/TN-850.jpg,Mixed,TN-850.jpg,2
4d3a659dc075490478a6793a6a40aacd,/home/sparsh/Naplam/Bangladesh-UAV-PlantDisease/Training Dataset/Cotton Bollworm Infestation/TN-277.jpg,Cotton Bollworm Infestation,TN-277.jpg,0
164556ef5a92fb615f7f6cb7c16a346d,/home/sparsh/Naplam/Bangladesh-UAV-PlantDisease/Training Dataset/Mixed/TN-396.jpg,Mixed,TN-396.jpg,2
441df7846b8e34812ac2a2a70c8ab8d3,/home/sparsh/Naplam/Bangladesh-UAV-PlantDisease/Test Dataset/Hail damages/TN-2706.jpg,Hail damage,TN-2706.jpg,1
7276481736a4fc8569f6d1f92e5a4430,/home/sparsh/Naplam/Bangladesh-UAV-PlantDisease/Training Dataset/Cotton Bollworm Infestation/TN-1053.jpg,Cotton Bollworm Infestation,TN-1053.jpg,0
a806c7cadc8348602763063d2cbe8c78,/home/sparsh/Naplam/Bangladesh-UAV-PlantDisease/Training Dataset/Hail damage/TN-272.jpg,Hail damage,TN-272.jpg,1
89523d86aa70d6a81aa6706cfa1beaaa,/home/sparsh/Naplam/Bangladesh-UAV-PlantDisease/Training Dataset/Strong-Light Burn/TN-499.jpg,Strong-Light Burn,TN-499.jpg,4
1431845b752a3c2f5a9cfcbbb31cda26,/home/sparsh/Naplam/Bangladesh-UAV-PlantDisease/Training Dataset/Cotton Bollworm Infestation/TN-659.jpg,Cotton Bollworm Infestation,TN-659.jpg,0
c3e95b1ce85d718ba59a700fcbd7cf59,/home/sparsh/Naplam/Bangladesh-UAV-PlantDisease/Test Dataset/Hail damages/TN-1812.jpg,Hail damage,TN-1812.jpg,1
4c412f6e8216c64ddd6589beb4ffe042,/home/sparsh/Naplam/Bangladesh-UAV-PlantDisease/Test Dataset/Hail damages/TN-930.jpg,Hail damage,TN-930.jpg,1
048056c0b32ad35c0e6fa7a5098c2131,/home/sparsh/Naplam/Bangladesh-UAV-PlantDisease/Training Dataset/Root Damage/TN-556.jpg,Root Damage,TN-556.jpg,3
8ebddc0c5baeaad05948bcb67f3712d4,/home/sparsh/Naplam/Bangladesh-UAV-PlantDisease/Training Dataset/Mixed/TN-932.jpg,Mixed,TN-932.jpg,2
98277ec01f439cdbb0f94cbf62317203,/home/sparsh/Naplam/Bangladesh-UAV-PlantDisease/Test Dataset/Hail damages/TN-844.jpg,Hail damage,TN-844.jpg,1
85a976b69f1cda12880b476ad9a6f002,/home/sparsh/Naplam/Bangladesh-UAV-PlantDisease/Test Dataset/Hail damages/TN-1320.jpg,Hail damage,TN-1320.jpg,1
18a556d837b2bfb4a6eceeb3a5f67118,/home/sparsh/Naplam/Bangladesh-UAV-PlantDisease/Training Dataset/Cotton Bollworm Infestation/TN-646.jpg,Cotton Bollworm Infestation,TN-646.jpg,0
37f9e3b3c03fc872167751503f72a607,/home/sparsh/Naplam/Bangladesh-UAV-PlantDisease/Training Dataset/Cotton Bollworm Infestation/TN-709.jpg,Cotton Bollworm Infestation,TN-709.jpg,0
f2d7109b47d9b3bf2476bb02da9e8654,/home/sparsh/Naplam/Bangladesh-UAV-PlantDisease/Training Dataset/Mixed/TN-1297.jpg,Mixed,TN-1297.jpg,2
2a761a256e7dd087d39722ade6136cbb,/home/sparsh/Naplam/Bangladesh-UAV-PlantDisease/Training Dataset/Mixed/TN-297.jpg,Mixed,TN-297.jpg,2
844559c363c090f167126ed4f49a53de,/home/sparsh/Naplam/Bangladesh-UAV-PlantDisease/Training Dataset/Root Damage/TN-327.jpg,Root Damage,TN-327.jpg,3
b061799b86391fc3a40d3e6848b94c33,/home/sparsh/Naplam/Bangladesh-UAV-PlantDisease/Training Dataset/Strong-Light Burn/TN-27.jpg,Strong-Light Burn,TN-27.jpg,4
a3f6f9d775fe5fdf43f48d39c3aeda61,/home/sparsh/Naplam/Bangladesh-UAV-PlantDisease/Training Dataset/Hail damage/TN-572.jpg,Hail damage,TN-572.jpg,1
38073c4c827c8d91d28717ca4d7068f4,/home/sparsh/Naplam/Bangladesh-UAV-PlantDisease/Test Dataset/Hail damages/TN-1950.jpg,Hail damage,TN-1950.jpg,1
0f43630448e8667d0518c8ce8f053102,/home/sparsh/Naplam/Bangladesh-UAV-PlantDisease/Test Dataset/Hail damages/TN-2878.jpg,Hail damage,TN-2878.jpg,1
904e91ee79bfa1c2cc8557520603e206,/home/sparsh/Naplam/Bangladesh-UAV-PlantDisease/Training Dataset/Mixed/TN-2327.jpg,Mixed,TN-2327.jpg,2
e351cf05a2e6782ed8df6a19c1ec96bb,/home/sparsh/Naplam/Bangladesh-UAV-PlantDisease/Training Dataset/Strong-Light Burn/TN-263.jpg,Strong-Light Burn,TN-263.jpg,4
20af94e5528e38f7b7dd9e354cf950ba,/home/sparsh/Naplam/Bangladesh-UAV-PlantDisease/Training Dataset/Root Damage/TN-691.jpg,Root Damage,TN-691.jpg,3
0d6aae6b1bc9fe98140d1fba68d9ac2b,/home/sparsh/Naplam/Bangladesh-UAV-PlantDisease/Training Dataset/Hail damage/TN-824.jpg,Hail damage,TN-824.jpg,1
a5e5e7027eaeb28ee5387be306773148,/home/sparsh/Naplam/Bangladesh-UAV-PlantDisease/Training Dataset/Hail damage/TN-88.jpg,Hail damage,TN-88.jpg,1
a428a0520ba4bb2d957ffb13afa930a6,/home/sparsh/Naplam/Bangladesh-UAV-PlantDisease/Training Dataset/Mixed/TN-1675.jpg,Mixed,TN-1675.jpg,2
aa13b2d56ada62340f0fe9d5c45c12fc,/home/sparsh/Naplam/Bangladesh-UAV-PlantDisease/Training Dataset/Hail damage/TN-557.jpg,Hail damage,TN-557.jpg,1
e3aab7dd5284752103cd76d7a002dd2b,/home/sparsh/Naplam/Bangladesh-UAV-PlantDisease/Test Dataset/Hail damages/TN-466.jpg,Hail damage,TN-466.jpg,1
41ac42b3fb564efc46066bad1b971549,/home/sparsh/Naplam/Bangladesh-UAV-PlantDisease/Training Dataset/Root Damage/TN-611.jpg,Root Damage,TN-611.jpg,3
289cc168e9b030ea7073bc1e1273dd22,/home/sparsh/Naplam/Bangladesh-UAV-PlantDisease/Test Dataset/Hail damages/TN-2808.jpg,Hail damage,TN-2808.jpg,1
9242fefc05aea46e7590e3015875ab31,/home/sparsh/Naplam/Bangladesh-UAV-PlantDisease/Test Dataset/Strong-Light Burn/TN-203.jpg,Strong-Light Burn,TN-203.jpg,4
a95aa421914f4fa25160e2cd0fc2f886,/home/sparsh/Naplam/Bangladesh-UAV-PlantDisease/Test Dataset/Hail damages/TN-1078.jpg,Hail damage,TN-1078.jpg,1
da1c1865a643c3977ce497ed15d80357,/home/sparsh/Naplam/Bangladesh-UAV-PlantDisease/Training Dataset/Mixed/TN-1296.jpg,Mixed,TN-1296.jpg,2
32295dae60d2f73857c4934da45570c9,/home/sparsh/Naplam/Bangladesh-UAV-PlantDisease/Training Dataset/Mixed/TN-1050.jpg,Mixed,TN-1050.jpg,2
ea584864631b633a5c5b22d6df0bd86b,/home/sparsh/Naplam/Bangladesh-UAV-PlantDisease/Test Dataset/Hail damages/TN-516.jpg,Hail damage,TN-516.jpg,1
ae320b75316200dfe1ab64f5ae4dcc98,/home/sparsh/Naplam/Bangladesh-UAV-PlantDisease/Training Dataset/Strong-Light Burn/TN-402.jpg,Strong-Light Burn,TN-402.jpg,4
d72cd97b7dc15edfd094cb42a7fb9e66,/home/sparsh/Naplam/Bangladesh-UAV-PlantDisease/Training Dataset/Mixed/TN-1131.jpg,Mixed,TN-1131.jpg,2
091e67dda2dd026a01a8d88f1b624f92,/home/sparsh/Naplam/Bangladesh-UAV-PlantDisease/Test Dataset/Hail damages/TN-2554.jpg,Hail damage,TN-2554.jpg,1
3d6efac6746e7bb4841134c5cab600ac,/home/sparsh/Naplam/Bangladesh-UAV-PlantDisease/Test Dataset/Hail damages/TN-707.jpg,Hail damage,TN-707.jpg,1
7b705bf0e8dc7f0e312501e3a7107c1a,/home/sparsh/Naplam/Bangladesh-UAV-PlantDisease/Training Dataset/Mixed/TN-481.jpg,Mixed,TN-481.jpg,2
b276f05da15a8808bcfdbccee77983b5,/home/sparsh/Naplam/Bangladesh-UAV-PlantDisease/Training Dataset/Root Damage/TN-557.jpg,Root Damage,TN-557.jpg,3
dd8175c2ae4622c6f4eeb9c32f75e3ef,/home/sparsh/Naplam/Bangladesh-UAV-PlantDisease/Training Dataset/Strong-Light Burn/TN-220.jpg,Strong-Light Burn,TN-220.jpg,4
9b24bbbad3afe83f5a9baa6400042e87,/home/sparsh/Naplam/Bangladesh-UAV-PlantDisease/Training Dataset/Mixed/TN-14.jpg,Mixed,TN-14.jpg,2
7fb9f1fd02023977a7c911a3e761fece,/home/sparsh/Naplam/Bangladesh-UAV-PlantDisease/Training Dataset/Cotton Bollworm Infestation/TN-478.jpg,Cotton Bollworm Infestation,TN-478.jpg,0
2335a273d8573bc56861ff7a2fa6f4cd,/home/sparsh/Naplam/Bangladesh-UAV-PlantDisease/Test Dataset/Hail damages/TN-1714.jpg,Hail damage,TN-1714.jpg,1
7f58edcc645b72587ad9d037e5bb6916,/home/sparsh/Naplam/Bangladesh-UAV-PlantDisease/Test Dataset/Hail damages/TN-2409.jpg,Hail damage,TN-2409.jpg,1
c200702c42afcfa946aca16008e7bc17,/home/sparsh/Naplam/Bangladesh-UAV-PlantDisease/Training Dataset/Cotton Bollworm Infestation/TN-717.jpg,Cotton Bollworm Infestation,TN-717.jpg,0
8524e0f3787d412e2b06b40180f23e06,/home/sparsh/Naplam/Bangladesh-UAV-PlantDisease/Training Dataset/Strong-Light Burn/TN-103.jpg,Strong-Light Burn,TN-103.jpg,4
9eb96a73df1fc13c8f1a5ab0e6e5d24a,/home/sparsh/Naplam/Bangladesh-UAV-PlantDisease/Training Dataset/Root Damage/TN-550.jpg,Root Damage,TN-550.jpg,3
f8596ad0c9a47ea2cce1018e5311f797,/home/sparsh/Naplam/Bangladesh-UAV-PlantDisease/Training Dataset/Mixed/TN-2428.jpg,Mixed,TN-2428.jpg,2
be60755443c374c5d9237a4bee6e80d4,/home/sparsh/Naplam/Bangladesh-UAV-PlantDisease/Training Dataset/Mixed/TN-931.jpg,Mixed,TN-931.jpg,2
e8bd60116c93e583c2149e95dbae73ec,/home/sparsh/Naplam/Bangladesh-UAV-PlantDisease/Test Dataset/Mixed/TN-521.jpg,Mixed,TN-521.jpg,2
a405d318e7bf491da66d3124074331f4,/home/sparsh/Naplam/Bangladesh-UAV-PlantDisease/Training Dataset/Strong-Light Burn/TN-328.jpg,Strong-Light Burn,TN-328.jpg,4
7261aea1a98fbcb07cb2833cd03416a3,/home/sparsh/Naplam/Bangladesh-UAV-PlantDisease/Training Dataset/Mixed/TN-899.jpg,Mixed,TN-899.jpg,2
96c944a32f145ed5de09a31c7b99b869,/home/sparsh/Naplam/Bangladesh-UAV-PlantDisease/Test Dataset/Hail damages/TN-2549.jpg,Hail damage,TN-2549.jpg,1
5db0866440a9d3ee8a283eade628aacd,/home/sparsh/Naplam/Bangladesh-UAV-PlantDisease/Training Dataset/Root Damage/TN-251.jpg,Root Damage,TN-251.jpg,3
443c31dc3b61ba6bb5639684a6ac4e66,/home/sparsh/Naplam/Bangladesh-UAV-PlantDisease/Training Dataset/Mixed/TN-978.jpg,Mixed,TN-978.jpg,2
645e019bc8b29351342ef384a9bbef94,/home/sparsh/Naplam/Bangladesh-UAV-PlantDisease/Training Dataset/Mixed/TN-1708.jpg,Mixed,TN-1708.jpg,2
160cc1330bc01b3f2c7a0dc4e00b5bd3,/home/sparsh/Naplam/Bangladesh-UAV-PlantDisease/Test Dataset/Hail damages/TN-2708.jpg,Hail damage,TN-2708.jpg,1
6bbfbda9ee1774552739de68e5c338d0,/home/sparsh/Naplam/Bangladesh-UAV-PlantDisease/Training Dataset/Hail damage/TN-192.jpg,Hail damage,TN-192.jpg,1
1f88c740afbb77c66a7f183a78fd618f,/home/sparsh/Naplam/Bangladesh-UAV-PlantDisease/Training Dataset/Mixed/TN-2311.jpg,Mixed,TN-2311.jpg,2
3886f0a2907945fed7bfcffc790a99d6,/home/sparsh/Naplam/Bangladesh-UAV-PlantDisease/Training Dataset/Root Damage/TN-130.jpg,Root Damage,TN-130.jpg,3
b8fca44e90af16e2bd82ba1942794415,/home/sparsh/Naplam/Bangladesh-UAV-PlantDisease/Training Dataset/Strong-Light Burn/TN-579.jpg,Strong-Light Burn,TN-579.jpg,4
7a8e52fb67c5e8c8a4eba4796ceea0df,/home/sparsh/Naplam/Bangladesh-UAV-PlantDisease/Test Dataset/Hail damages/TN-2501.jpg,Hail damage,TN-2501.jpg,1
10f4aec72ffff576105648e158a94b6d,/home/sparsh/Naplam/Bangladesh-UAV-PlantDisease/Training Dataset/Root Damage/TN-421.jpg,Root Damage,TN-421.jpg,3
0455f5871a793432fbe71671c6e08320,/home/sparsh/Naplam/Bangladesh-UAV-PlantDisease/Training Dataset/Mixed/TN-662.jpg,Mixed,TN-662.jpg,2
9ea35dc84ef6bc578bce8dafae863619,/home/sparsh/Naplam/Bangladesh-UAV-PlantDisease/Test Dataset/Hail damages/TN-2509.jpg,Hail damage,TN-2509.jpg,1
44d0b02125372dba8bb77bb951f1480a,/home/sparsh/Naplam/Bangladesh-UAV-PlantDisease/Test Dataset/Strong-Light Burn/TN-34.jpg,Strong-Light Burn,TN-34.jpg,4
e5b8318c50a5708693baa9e955ba8339,/home/sparsh/Naplam/Bangladesh-UAV-PlantDisease/Training Dataset/Root Damage/TN-428.jpg,Root Damage,TN-428.jpg,3
5ac2b2e9ceac66971e43a794fc4c19e1,/home/sparsh/Naplam/Bangladesh-UAV-PlantDisease/Training Dataset/Mixed/TN-2276.jpg,Mixed,TN-2276.jpg,2
1065445ee4d9685c4c6aff86abf28c9f,/home/sparsh/Naplam/Bangladesh-UAV-PlantDisease/Training Dataset/Strong-Light Burn/TN-196.jpg,Strong-Light Burn,TN-196.jpg,4
f2d8bc476f251a521ca54d4ec333c518,/home/sparsh/Naplam/Bangladesh-UAV-PlantDisease/Training Dataset/Mixed/TN-155.jpg,Mixed,TN-155.jpg,2
1ab7b20faa5f09038d7eb642b8ed973f,/home/sparsh/Naplam/Bangladesh-UAV-PlantDisease/Training Dataset/Root Damage/TN-48.jpg,Root Damage,TN-48.jpg,3
8184c5ec6eed3d63a1b5d6d732d49607,/home/sparsh/Naplam/Bangladesh-UAV-PlantDisease/Training Dataset/Cotton Bollworm Infestation/TN-893.jpg,Cotton Bollworm Infestation,TN-893.jpg,0
0ccaa5f31bad51f1110714f6b4d13220,/home/sparsh/Naplam/Bangladesh-UAV-PlantDisease/Test Dataset/Strong-Light Burn/TN-230.jpg,Strong-Light Burn,TN-230.jpg,4
4c0b3c61a1e508d5052229b0b0706d22,/home/sparsh/Naplam/Bangladesh-UAV-PlantDisease/Training Dataset/Hail damage/TN-448.jpg,Hail damage,TN-448.jpg,1
bd37ca9b38f17eaebcba192126ba0ba5,/home/sparsh/Naplam/Bangladesh-UAV-PlantDisease/Test Dataset/Hail damages/TN-2838.jpg,Hail damage,TN-2838.jpg,1
ba25fc4ed7440a3c897056f7babf065d,/home/sparsh/Naplam/Bangladesh-UAV-PlantDisease/Training Dataset/Mixed/TN-868.jpg,Mixed,TN-868.jpg,2
b8b92bbbac420bfc119cce37ef367815,/home/sparsh/Naplam/Bangladesh-UAV-PlantDisease/Training Dataset/Mixed/TN-1609.jpg,Mixed,TN-1609.jpg,2
77012bb60ace4f58f53f232743334e3a,/home/sparsh/Naplam/Bangladesh-UAV-PlantDisease/Test Dataset/Hail damages/TN-1131.jpg,Hail damage,TN-1131.jpg,1
b833011583842b219a79ea96e3905363,/home/sparsh/Naplam/Bangladesh-UAV-PlantDisease/Training Dataset/Strong-Light Burn/TN-277.jpg,Strong-Light Burn,TN-277.jpg,4
4aab0e3b23f0dc9da3be0b8fcacc8374,/home/sparsh/Naplam/Bangladesh-UAV-PlantDisease/Test Dataset/Hail damages/TN-1135.jpg,Hail damage,TN-1135.jpg,1
56fcdc3ca24a3ad09e76b79bff5646f4,/home/sparsh/Naplam/Bangladesh-UAV-PlantDisease/Training Dataset/Mixed/TN-1312.jpg,Mixed,TN-1312.jpg,2
0b0c4c6b4c9cc970831182bf8e58e2b3,/home/sparsh/Naplam/Bangladesh-UAV-PlantDisease/Training Dataset/Hail damage/TN-311.jpg,Hail damage,TN-311.jpg,1
10299c97377733de31832f6ce885f040,/home/sparsh/Naplam/Bangladesh-UAV-PlantDisease/Training Dataset/Mixed/TN-1782.jpg,Mixed,TN-1782.jpg,2
5c0f6bfd8f29f039ace8a82bbb24507f,/home/sparsh/Naplam/Bangladesh-UAV-PlantDisease/Training Dataset/Mixed/TN-2091.jpg,Mixed,TN-2091.jpg,2
c04c32084376dd957b698e2546b92473,/home/sparsh/Naplam/Bangladesh-UAV-PlantDisease/Training Dataset/Strong-Light Burn/TN-26.jpg,Strong-Light Burn,TN-26.jpg,4
35fbaf59103a86a7dffe78f716b2445f,/home/sparsh/Naplam/Bangladesh-UAV-PlantDisease/Test Dataset/Hail damages/TN-1432.jpg,Hail damage,TN-1432.jpg,1
08078496a338b83ceefde7f5909bb49c,/home/sparsh/Naplam/Bangladesh-UAV-PlantDisease/Training Dataset/Cotton Bollworm Infestation/TN-393.jpg,Cotton Bollworm Infestation,TN-393.jpg,0
c8796bae1bb0b7bf16785614f5a7e4ea,/home/sparsh/Naplam/Bangladesh-UAV-PlantDisease/Test Dataset/Hail damages/TN-1353.jpg,Hail damage,TN-1353.jpg,1
ffff564d427495363ad8ff08cccf9e19,/home/sparsh/Naplam/Bangladesh-UAV-PlantDisease/Training Dataset/Hail damage/TN-818.jpg,Hail damage,TN-818.jpg,1
046df13373d8d570474f8245eced3a64,/home/sparsh/Naplam/Bangladesh-UAV-PlantDisease/Training Dataset/Hail damage/TN-101.jpg,Hail damage,TN-101.jpg,1
904ea32303bec8ec2e439ad0549a05bc,/home/sparsh/Naplam/Bangladesh-UAV-PlantDisease/Training Dataset/Hail damage/TN-803.jpg,Hail damage,TN-803.jpg,1
42ef77e8b0a2e47b40215b9a0e7487ce,/home/sparsh/Naplam/Bangladesh-UAV-PlantDisease/Training Dataset/Root Damage/TN-704.jpg,Root Damage,TN-704.jpg,3
67e9bb1f18e4038065b5e33f6469939c,/home/sparsh/Naplam/Bangladesh-UAV-PlantDisease/Training Dataset/Hail damage/TN-487.jpg,Hail damage,TN-487.jpg,1
0cf2f7a4d894807fca4cf1e2b817e35d,/home/sparsh/Naplam/Bangladesh-UAV-PlantDisease/Training Dataset/Mixed/TN-463.jpg,Mixed,TN-463.jpg,2
8ccc1d9dc18e4c6d8ed167e456f85c85,/home/sparsh/Naplam/Bangladesh-UAV-PlantDisease/Training Dataset/Cotton Bollworm Infestation/TN-293.jpg,Cotton Bollworm Infestation,TN-293.jpg,0
9eb6dfb244b481bc8cf05cce0130f403,/home/sparsh/Naplam/Bangladesh-UAV-PlantDisease/Training Dataset/Cotton Bollworm Infestation/TN-96.jpg,Cotton Bollworm Infestation,TN-96.jpg,0
83933928100270ed76bf64e054983042,/home/sparsh/Naplam/Bangladesh-UAV-PlantDisease/Training Dataset/Cotton Bollworm Infestation/TN-860.jpg,Cotton Bollworm Infestation,TN-860.jpg,0
e347a615285cd7d99cbf95ba13d278f6,/home/sparsh/Naplam/Bangladesh-UAV-PlantDisease/Training Dataset/Cotton Bollworm Infestation/TN-935.jpg,Cotton Bollworm Infestation,TN-935.jpg,0
ad09b37b371069df99dfb4407a7d46cf,/home/sparsh/Naplam/Bangladesh-UAV-PlantDisease/Training Dataset/Mixed/TN-2004.jpg,Mixed,TN-2004.jpg,2
6452171d0ab622d12d0f24deadd5c8ef,/home/sparsh/Naplam/Bangladesh-UAV-PlantDisease/Training Dataset/Hail damage/TN-333.jpg,Hail damage,TN-333.jpg,1
d21773545b43397bcbf42c0c5012d30c,/home/sparsh/Naplam/Bangladesh-UAV-PlantDisease/Test Dataset/Hail damages/TN-1198.jpg,Hail damage,TN-1198.jpg,1
3d04a2b009bb53f296d7635be86608a5,/home/sparsh/Naplam/Bangladesh-UAV-PlantDisease/Training Dataset/Root Damage/TN-235.jpg,Root Damage,TN-235.jpg,3
a1ad0a479ad5bb818968dbd0563fdab5,/home/sparsh/Naplam/Bangladesh-UAV-PlantDisease/Training Dataset/Cotton Bollworm Infestation/TN-680.jpg,Cotton Bollworm Infestation,TN-680.jpg,0
8ce5442aa0260a107f8c24b80a726d76,/home/sparsh/Naplam/Bangladesh-UAV-PlantDisease/Training Dataset/Cotton Bollworm Infestation/TN-402.jpg,Cotton Bollworm Infestation,TN-402.jpg,0
be97f4433b21dccaa9cdd445672f19b0,/home/sparsh/Naplam/Bangladesh-UAV-PlantDisease/Training Dataset/Mixed/TN-630.jpg,Mixed,TN-630.jpg,2
135585dfa5733fb106e71873e3835c11,/home/sparsh/Naplam/Bangladesh-UAV-PlantDisease/Test Dataset/Hail damages/TN-1531.jpg,Hail damage,TN-1531.jpg,1
f6c0a814426ef883294bc7de19e5186f,/home/sparsh/Naplam/Bangladesh-UAV-PlantDisease/Training Dataset/Mixed/TN-23.jpg,Mixed,TN-23.jpg,2
3adebe22cee4da7e33947cb949f73855,/home/sparsh/Naplam/Bangladesh-UAV-PlantDisease/Test Dataset/Hail damages/TN-1528.jpg,Hail damage,TN-1528.jpg,1
f2cc1923140bdfa8488c3938771d9167,/home/sparsh/Naplam/Bangladesh-UAV-PlantDisease/Test Dataset/Hail damages/TN-2740.jpg,Hail damage,TN-2740.jpg,1
92e10b40eac6a095be8620e133c12ba1,/home/sparsh/Naplam/Bangladesh-UAV-PlantDisease/Test Dataset/Hail damages/TN-2519.jpg,Hail damage,TN-2519.jpg,1
011e91dab04e09b3fd722d6edfb67bf1,/home/sparsh/Naplam/Bangladesh-UAV-PlantDisease/Test Dataset/Hail damages/TN-1217.jpg,Hail damage,TN-1217.jpg,1
a0b9bd925340bb4154356dd0e5bef99d,/home/sparsh/Naplam/Bangladesh-UAV-PlantDisease/Training Dataset/Hail damage/TN-152.jpg,Hail damage,TN-152.jpg,1
5a2c67e30083f1927c0cfe746577659b,/home/sparsh/Naplam/Bangladesh-UAV-PlantDisease/Test Dataset/Hail damages/TN-1615.jpg,Hail damage,TN-1615.jpg,1
0c7b293413721a2d3f7cd7fd0271c8f2,/home/sparsh/Naplam/Bangladesh-UAV-PlantDisease/Training Dataset/Mixed/TN-206.jpg,Mixed,TN-206.jpg,2
4e60995b4519389eeab3259af8573754,/home/sparsh/Naplam/Bangladesh-UAV-PlantDisease/Test Dataset/Hail damages/TN-2746.jpg,Hail damage,TN-2746.jpg,1
c6774fb34a1802b45ab014b71d2ea22d,/home/sparsh/Naplam/Bangladesh-UAV-PlantDisease/Training Dataset/Cotton Bollworm Infestation/TN-70.jpg,Cotton Bollworm Infestation,TN-70.jpg,0
145a377815824c1ac09c0ff30fdbdab0,/home/sparsh/Naplam/Bangladesh-UAV-PlantDisease/Training Dataset/Root Damage/TN-237.jpg,Root Damage,TN-237.jpg,3
1d3f7c4e5a3c1c3af99edb495b48fad5,/home/sparsh/Naplam/Bangladesh-UAV-PlantDisease/Training Dataset/Mixed/TN-1243.jpg,Mixed,TN-1243.jpg,2
a95c47e566f9f47ffae299ffa3919cbf,/home/sparsh/Naplam/Bangladesh-UAV-PlantDisease/Test Dataset/Hail damages/TN-2158.jpg,Hail damage,TN-2158.jpg,1
1fb41faa4c5c4173e100bed1c9dfce2b,/home/sparsh/Naplam/Bangladesh-UAV-PlantDisease/Training Dataset/Cotton Bollworm Infestation/TN-313.jpg,Cotton Bollworm Infestation,TN-313.jpg,0
e0d44f157a18d69ddc9c0c405177b21a,/home/sparsh/Naplam/Bangladesh-UAV-PlantDisease/Test Dataset/Hail damages/TN-1999.jpg,Hail damage,TN-1999.jpg,1
784e51d8813cf7ff0d548d5e59e6e1ad,/home/sparsh/Naplam/Bangladesh-UAV-PlantDisease/Test Dataset/Hail damages/TN-2265.jpg,Hail damage,TN-2265.jpg,1
2a2a5d82c851924225f927ac83aa622b,/home/sparsh/Naplam/Bangladesh-UAV-PlantDisease/Test Dataset/Hail damages/TN-2837.jpg,Hail damage,TN-2837.jpg,1
f7b8e89417a30b39fd10bd23da314217,/home/sparsh/Naplam/Bangladesh-UAV-PlantDisease/Test Dataset/Hail damages/TN-1234.jpg,Hail damage,TN-1234.jpg,1
4cd6973098c0e0844527a78749e0c7fc,/home/sparsh/Naplam/Bangladesh-UAV-PlantDisease/Training Dataset/Cotton Bollworm Infestation/TN-260.jpg,Cotton Bollworm Infestation,TN-260.jpg,0
17c93a67e05af6dca8dc41f47b25a8e0,/home/sparsh/Naplam/Bangladesh-UAV-PlantDisease/Test Dataset/Hail damages/TN-2903.jpg,Hail damage,TN-2903.jpg,1
9ba4fc28cd81d7e0e9f18ffc4b30bdb3,/home/sparsh/Naplam/Bangladesh-UAV-PlantDisease/Training Dataset/Mixed/TN-1396.jpg,Mixed,TN-1396.jpg,2
3ab9a21f103b6d87c84dfcb7332cb27a,/home/sparsh/Naplam/Bangladesh-UAV-PlantDisease/Test Dataset/Hail damages/TN-1027.jpg,Hail damage,TN-1027.jpg,1
a40d8a86e84f41e6e1ae6a63703f23e4,/home/sparsh/Naplam/Bangladesh-UAV-PlantDisease/Training Dataset/Mixed/TN-691.jpg,Mixed,TN-691.jpg,2
e0d5a2cbe28de7179321b00fb0742cfa,/home/sparsh/Naplam/Bangladesh-UAV-PlantDisease/Training Dataset/Mixed/TN-1222.jpg,Mixed,TN-1222.jpg,2
3016955f690121e8fde51a4b9f23d269,/home/sparsh/Naplam/Bangladesh-UAV-PlantDisease/Training Dataset/Cotton Bollworm Infestation/TN-662.jpg,Cotton Bollworm Infestation,TN-662.jpg,0
22dfe7c7c33c97442b0a88cb5f8cd4f9,/home/sparsh/Naplam/Bangladesh-UAV-PlantDisease/Training Dataset/Mixed/TN-431.jpg,Mixed,TN-431.jpg,2
39b0031b25710f6dc6da0c19076acee8,/home/sparsh/Naplam/Bangladesh-UAV-PlantDisease/Training Dataset/Strong-Light Burn/TN-617.jpg,Strong-Light Burn,TN-617.jpg,4
e76bbd0738b6b800a95db9d2d42b524c,/home/sparsh/Naplam/Bangladesh-UAV-PlantDisease/Test Dataset/Hail damages/TN-2895.jpg,Hail damage,TN-2895.jpg,1
03cfd1af4ad1259cd6a0196b7c29f88e,/home/sparsh/Naplam/Bangladesh-UAV-PlantDisease/Training Dataset/Hail damage/TN-838.jpg,Hail damage,TN-838.jpg,1
50cc83daa4ccb36510b7e03423fcf710,/home/sparsh/Naplam/Bangladesh-UAV-PlantDisease/Test Dataset/Hail damages/TN-815.jpg,Hail damage,TN-815.jpg,1
01816dfe7e111ba2cea7b2ae08f6a3fe,/home/sparsh/Naplam/Bangladesh-UAV-PlantDisease/Training Dataset/Cotton Bollworm Infestation/TN-557.jpg,Cotton Bollworm Infestation,TN-557.jpg,0
7ba502c6b32bdc8759c8eeee2db304cd,/home/sparsh/Naplam/Bangladesh-UAV-PlantDisease/Test Dataset/Hail damages/TN-515.jpg,Hail damage,TN-515.jpg,1
c40e100740731b0ebea67fa32fa2a070,/home/sparsh/Naplam/Bangladesh-UAV-PlantDisease/Training Dataset/Mixed/TN-1472.jpg,Mixed,TN-1472.jpg,2
ed7d7725d49944bd5546ddc3328b917b,/home/sparsh/Naplam/Bangladesh-UAV-PlantDisease/Training Dataset/Cotton Bollworm Infestation/TN-344.jpg,Cotton Bollworm Infestation,TN-344.jpg,0
9a44ebbf31e224eda8d4825054dd48b8,/home/sparsh/Naplam/Bangladesh-UAV-PlantDisease/Training Dataset/Mixed/TN-1911.jpg,Mixed,TN-1911.jpg,2
b65a286b1d37de6c9abc10ebc7c364a7,/home/sparsh/Naplam/Bangladesh-UAV-PlantDisease/Training Dataset/Mixed/TN-1741.jpg,Mixed,TN-1741.jpg,2
0ef1b76fa634f5d0d32ea112f4fea89a,/home/sparsh/Naplam/Bangladesh-UAV-PlantDisease/Training Dataset/Mixed/TN-1790.jpg,Mixed,TN-1790.jpg,2
ee81fe45ac2cdf09fd76628c3e1a96a2,/home/sparsh/Naplam/Bangladesh-UAV-PlantDisease/Training Dataset/Cotton Bollworm Infestation/TN-607.jpg,Cotton Bollworm Infestation,TN-607.jpg,0
007d28a0776b03ed1aa348e4bc332eb4,/home/sparsh/Naplam/Bangladesh-UAV-PlantDisease/Test Dataset/Hail damages/TN-449.jpg,Hail damage,TN-449.jpg,1
8c236250439b7dee0602f03801ef1a2c,/home/sparsh/Naplam/Bangladesh-UAV-PlantDisease/Training Dataset/Root Damage/TN-485.jpg,Root Damage,TN-485.jpg,3
8330bc056f7c1ea1b0a941cdcada3302,/home/sparsh/Naplam/Bangladesh-UAV-PlantDisease/Training Dataset/Root Damage/TN-451.jpg,Root Damage,TN-451.jpg,3
c09ea110a91ab3a3dd02d8bb8b03c373,/home/sparsh/Naplam/Bangladesh-UAV-PlantDisease/Test Dataset/Hail damages/TN-577.jpg,Hail damage,TN-577.jpg,1
9c0275ac04c9efc6672f29986f589772,/home/sparsh/Naplam/Bangladesh-UAV-PlantDisease/Training Dataset/Root Damage/TN-404.jpg,Root Damage,TN-404.jpg,3
2f62d1980cc0a5625734a590217a82b8,/home/sparsh/Naplam/Bangladesh-UAV-PlantDisease/Test Dataset/Hail damages/TN-990.jpg,Hail damage,TN-990.jpg,1
2d42a22c9a49c04be8c07b2348bfcfcc,/home/sparsh/Naplam/Bangladesh-UAV-PlantDisease/Test Dataset/Hail damages/TN-1395.jpg,Hail damage,TN-1395.jpg,1
36e8f355e73b4cb2e22c82ca2660f721,/home/sparsh/Naplam/Bangladesh-UAV-PlantDisease/Test Dataset/Hail damages/TN-1007.jpg,Hail damage,TN-1007.jpg,1
c0927b887f5743b40d59a9b28943c69a,/home/sparsh/Naplam/Bangladesh-UAV-PlantDisease/Training Dataset/Cotton Bollworm Infestation/TN-224.jpg,Cotton Bollworm Infestation,TN-224.jpg,0
9e70db3a60121303ff9093fa61b2de27,/home/sparsh/Naplam/Bangladesh-UAV-PlantDisease/Training Dataset/Hail damage/TN-369.jpg,Hail damage,TN-369.jpg,1
3be6f9e7973417296f1e0c912c2204d7,/home/sparsh/Naplam/Bangladesh-UAV-PlantDisease/Test Dataset/Hail damages/TN-889.jpg,Hail damage,TN-889.jpg,1
1384503ac9b7677d35e4a05e8d06b756,/home/sparsh/Naplam/Bangladesh-UAV-PlantDisease/Training Dataset/Cotton Bollworm Infestation/TN-158.jpg,Cotton Bollworm Infestation,TN-158.jpg,0
06a1091ebd8364a2cf31142c8e204a60,/home/sparsh/Naplam/Bangladesh-UAV-PlantDisease/Training Dataset/Mixed/TN-1003.jpg,Mixed,TN-1003.jpg,2
5fc25927f4c7798987105082af5638f3,/home/sparsh/Naplam/Bangladesh-UAV-PlantDisease/Training Dataset/Mixed/TN-1904.jpg,Mixed,TN-1904.jpg,2
eba101aefb254e643366452cfe5b1907,/home/sparsh/Naplam/Bangladesh-UAV-PlantDisease/Test Dataset/Hail damages/TN-389.jpg,Hail damage,TN-389.jpg,1
5ef4a1e4bf8bdec374a0419214ce231a,/home/sparsh/Naplam/Bangladesh-UAV-PlantDisease/Training Dataset/Hail damage/TN-831.jpg,Hail damage,TN-831.jpg,1
ea45f44269654836fe5268f5c0d64d80,/home/sparsh/Naplam/Bangladesh-UAV-PlantDisease/Training Dataset/Mixed/TN-1521.jpg,Mixed,TN-1521.jpg,2
e91fe905946e0a21c9843fba59e2405d,/home/sparsh/Naplam/Bangladesh-UAV-PlantDisease/Training Dataset/Root Damage/TN-741.jpg,Root Damage,TN-741.jpg,3
4e47341bfa3f1068b23c379ebb97647b,/home/sparsh/Naplam/Bangladesh-UAV-PlantDisease/Training Dataset/Mixed/TN-1496.jpg,Mixed,TN-1496.jpg,2
60ce64e650b1cc38e27540eb5b6fac60,/home/sparsh/Naplam/Bangladesh-UAV-PlantDisease/Training Dataset/Mixed/TN-398.jpg,Mixed,TN-398.jpg,2
45a9c6f45b82914f91fdf54a5627b64e,/home/sparsh/Naplam/Bangladesh-UAV-PlantDisease/Test Dataset/Hail damages/TN-1817.jpg,Hail damage,TN-1817.jpg,1
449204f8c344ad6f5d67f3028bf6d43a,/home/sparsh/Naplam/Bangladesh-UAV-PlantDisease/Test Dataset/Mixed/TN-400.jpg,Mixed,TN-400.jpg,2
bab05a8b477a70061a8185c2fb50780a,/home/sparsh/Naplam/Bangladesh-UAV-PlantDisease/Test Dataset/Strong-Light Burn/TN-20.jpg,Strong-Light Burn,TN-20.jpg,4
bf085c7a8d1cecf9f8ce6d527c0eed01,/home/sparsh/Naplam/Bangladesh-UAV-PlantDisease/Training Dataset/Cotton Bollworm Infestation/TN-339.jpg,Cotton Bollworm Infestation,TN-339.jpg,0
f9b0465da52d92423441e14d37011b2d,/home/sparsh/Naplam/Bangladesh-UAV-PlantDisease/Training Dataset/Mixed/TN-1029.jpg,Mixed,TN-1029.jpg,2
f3c877ca4e8342d0106332e861da8112,/home/sparsh/Naplam/Bangladesh-UAV-PlantDisease/Test Dataset/Hail damages/TN-2470.jpg,Hail damage,TN-2470.jpg,1
c1094d4b8098f20dff20ae4b775ee566,/home/sparsh/Naplam/Bangladesh-UAV-PlantDisease/Training Dataset/Strong-Light Burn/TN-245.jpg,Strong-Light Burn,TN-245.jpg,4
55a695c566fe8a3138566eef39e3ef4a,/home/sparsh/Naplam/Bangladesh-UAV-PlantDisease/Training Dataset/Strong-Light Burn/TN-156.jpg,Strong-Light Burn,TN-156.jpg,4
14aff750a491d3ecbe24f90e5f9b180f,/home/sparsh/Naplam/Bangladesh-UAV-PlantDisease/Training Dataset/Cotton Bollworm Infestation/TN-1006.jpg,Cotton Bollworm Infestation,TN-1006.jpg,0
d8e5d54a9596bce8cc7954eb486ea43e,/home/sparsh/Naplam/Bangladesh-UAV-PlantDisease/Training Dataset/Root Damage/TN-564.jpg,Root Damage,TN-564.jpg,3
c4c67e5e99fa07784d1e9ef96049df17,/home/sparsh/Naplam/Bangladesh-UAV-PlantDisease/Training Dataset/Root Damage/TN-143.jpg,Root Damage,TN-143.jpg,3
d69834086bf771d58f1d879fe9635f95,/home/sparsh/Naplam/Bangladesh-UAV-PlantDisease/Test Dataset/Hail damages/TN-2339.jpg,Hail damage,TN-2339.jpg,1
739d49cff4b77f207b5bc3624a4020d4,/home/sparsh/Naplam/Bangladesh-UAV-PlantDisease/Training Dataset/Strong-Light Burn/TN-279.jpg,Strong-Light Burn,TN-279.jpg,4
670eec7e506ea4a24b9bcaa350b51df2,/home/sparsh/Naplam/Bangladesh-UAV-PlantDisease/Training Dataset/Hail damage/TN-635.jpg,Hail damage,TN-635.jpg,1
2f44aaaf5afa4ba98d6b53afd3064af8,/home/sparsh/Naplam/Bangladesh-UAV-PlantDisease/Training Dataset/Mixed/TN-22.jpg,Mixed,TN-22.jpg,2
39042bc4747339728e0ed5e7f361bff8,/home/sparsh/Naplam/Bangladesh-UAV-PlantDisease/Training Dataset/Strong-Light Burn/TN-463.jpg,Strong-Light Burn,TN-463.jpg,4
3e98e63dfaafe24494f9d95c50a1a5d6,/home/sparsh/Naplam/Bangladesh-UAV-PlantDisease/Training Dataset/Cotton Bollworm Infestation/TN-497.jpg,Cotton Bollworm Infestation,TN-497.jpg,0
d1741bc1738f222e57ed0a06a355657d,/home/sparsh/Naplam/Bangladesh-UAV-PlantDisease/Training Dataset/Hail damage/TN-810.jpg,Hail damage,TN-810.jpg,1
b6688b36757345aa7e3cfbbcc15cafad,/home/sparsh/Naplam/Bangladesh-UAV-PlantDisease/Training Dataset/Hail damage/TN-458.jpg,Hail damage,TN-458.jpg,1
752ae5199f4e6ce94b0afe2dc1c25128,/home/sparsh/Naplam/Bangladesh-UAV-PlantDisease/Training Dataset/Mixed/TN-1550.jpg,Mixed,TN-1550.jpg,2
1cb2e06d8917861b75ab25b987888cdd,/home/sparsh/Naplam/Bangladesh-UAV-PlantDisease/Training Dataset/Mixed/TN-1974.jpg,Mixed,TN-1974.jpg,2
a902ff44c49c81c5545474e492d87ece,/home/sparsh/Naplam/Bangladesh-UAV-PlantDisease/Training Dataset/Root Damage/TN-58.jpg,Root Damage,TN-58.jpg,3
54dc574e8e4c60ac621b5c2421159416,/home/sparsh/Naplam/Bangladesh-UAV-PlantDisease/Training Dataset/Mixed/TN-762.jpg,Mixed,TN-762.jpg,2
c29f896ce8185ee33a73d16bc08c0185,/home/sparsh/Naplam/Bangladesh-UAV-PlantDisease/Test Dataset/Hail damages/TN-2583.jpg,Hail damage,TN-2583.jpg,1
d51acca16e5dd946e830d72f8125257c,/home/sparsh/Naplam/Bangladesh-UAV-PlantDisease/Test Dataset/Hail damages/TN-2840.jpg,Hail damage,TN-2840.jpg,1
816c8157b6ff337590034aeac9a26c7a,/home/sparsh/Naplam/Bangladesh-UAV-PlantDisease/Training Dataset/Mixed/TN-1640.jpg,Mixed,TN-1640.jpg,2
cff5ba88e7db341a6cc2e245f02b8df6,/home/sparsh/Naplam/Bangladesh-UAV-PlantDisease/Test Dataset/Hail damages/TN-1495.jpg,Hail damage,TN-1495.jpg,1
336bc5e284e3654c0c94c092b8edc075,/home/sparsh/Naplam/Bangladesh-UAV-PlantDisease/Training Dataset/Hail damage/TN-678.jpg,Hail damage,TN-678.jpg,1
8fc7ec714ed1d0fc89453eeddd5d166e,/home/sparsh/Naplam/Bangladesh-UAV-PlantDisease/Training Dataset/Root Damage/TN-699.jpg,Root Damage,TN-699.jpg,3
b6b1b354171b7870f0a72e63da409c52,/home/sparsh/Naplam/Bangladesh-UAV-PlantDisease/Training Dataset/Strong-Light Burn/TN-233.jpg,Strong-Light Burn,TN-233.jpg,4
cda343a82e19241ddaa04ce289ae6717,/home/sparsh/Naplam/Bangladesh-UAV-PlantDisease/Training Dataset/Mixed/TN-1233.jpg,Mixed,TN-1233.jpg,2
16525317bb88f0cf7077024f3185118c,/home/sparsh/Naplam/Bangladesh-UAV-PlantDisease/Training Dataset/Mixed/TN-2305.jpg,Mixed,TN-2305.jpg,2
56c7257e6274709e3cb055070a77813a,/home/sparsh/Naplam/Bangladesh-UAV-PlantDisease/Test Dataset/Hail damages/TN-1529.jpg,Hail damage,TN-1529.jpg,1
fd8298e2859f09d07defa63db7d43657,/home/sparsh/Naplam/Bangladesh-UAV-PlantDisease/Test Dataset/Root Damage/TN-194.jpg,Root Damage,TN-194.jpg,3
78f93aea9ee965bb4a5ef0a779988b64,/home/sparsh/Naplam/Bangladesh-UAV-PlantDisease/Training Dataset/Hail damage/TN-158.jpg,Hail damage,TN-158.jpg,1
64b0a86641d2a22261ee38f552d42cb2,/home/sparsh/Naplam/Bangladesh-UAV-PlantDisease/Test Dataset/Hail damages/TN-688.jpg,Hail damage,TN-688.jpg,1
0d9524937d8a009208e017b9ffe073e3,/home/sparsh/Naplam/Bangladesh-UAV-PlantDisease/Training Dataset/Cotton Bollworm Infestation/TN-234.jpg,Cotton Bollworm Infestation,TN-234.jpg,0
3a87c515887161c0b31b119820c2b8cf,/home/sparsh/Naplam/Bangladesh-UAV-PlantDisease/Training Dataset/Root Damage/TN-27.jpg,Root Damage,TN-27.jpg,3
19faaae23584fae6d4963bae32cbe14f,/home/sparsh/Naplam/Bangladesh-UAV-PlantDisease/Training Dataset/Mixed/TN-1668.jpg,Mixed,TN-1668.jpg,2
cd8c48878c94b070b0f5504e3d034997,/home/sparsh/Naplam/Bangladesh-UAV-PlantDisease/Training Dataset/Mixed/TN-1224.jpg,Mixed,TN-1224.jpg,2
14d43f809c90f1318d746668519884c3,/home/sparsh/Naplam/Bangladesh-UAV-PlantDisease/Test Dataset/Hail damages/TN-2536.jpg,Hail damage,TN-2536.jpg,1
29a390ad0666e4eee03d58f604dedeee,/home/sparsh/Naplam/Bangladesh-UAV-PlantDisease/Training Dataset/Mixed/TN-781.jpg,Mixed,TN-781.jpg,2
67796f9cbcee489a3bc9353761fe433f,/home/sparsh/Naplam/Bangladesh-UAV-PlantDisease/Test Dataset/Hail damages/TN-1590.jpg,Hail damage,TN-1590.jpg,1
1882acabaab41445d4187ad27a021513,/home/sparsh/Naplam/Bangladesh-UAV-PlantDisease/Training Dataset/Mixed/TN-987.jpg,Mixed,TN-987.jpg,2
6f2783e8d2946243c713fe7ae7559843,/home/sparsh/Naplam/Bangladesh-UAV-PlantDisease/Training Dataset/Cotton Bollworm Infestation/TN-382.jpg,Cotton Bollworm Infestation,TN-382.jpg,0
47cbb2731a5e85daccaa3d80d53cfed5,/home/sparsh/Naplam/Bangladesh-UAV-PlantDisease/Training Dataset/Hail damage/TN-799.jpg,Hail damage,TN-799.jpg,1
f060c9143ba07b9970a1dbf284b12106,/home/sparsh/Naplam/Bangladesh-UAV-PlantDisease/Training Dataset/Mixed/TN-962.jpg,Mixed,TN-962.jpg,2
3bea56cb41856789346682d4393b93c9,/home/sparsh/Naplam/Bangladesh-UAV-PlantDisease/Test Dataset/Hail damages/TN-822.jpg,Hail damage,TN-822.jpg,1
d0b7a5ef2c11f6280dd708685e55065a,/home/sparsh/Naplam/Bangladesh-UAV-PlantDisease/Test Dataset/Hail damages/TN-1235.jpg,Hail damage,TN-1235.jpg,1
3b016c7c5a796bb85d4d40709741493e,/home/sparsh/Naplam/Bangladesh-UAV-PlantDisease/Training Dataset/Root Damage/TN-676.jpg,Root Damage,TN-676.jpg,3
9e5240adf8df1cf1407416c0b734bd3c,/home/sparsh/Naplam/Bangladesh-UAV-PlantDisease/Test Dataset/Hail damages/TN-2136.jpg,Hail damage,TN-2136.jpg,1
c76f3a83b62a7d9752655977841f21bf,/home/sparsh/Naplam/Bangladesh-UAV-PlantDisease/Test Dataset/Hail damages/TN-1315.jpg,Hail damage,TN-1315.jpg,1
eb8632efcc127ebdc030edc94af122e7,/home/sparsh/Naplam/Bangladesh-UAV-PlantDisease/Training Dataset/Hail damage/TN-435.jpg,Hail damage,TN-435.jpg,1
f691c59f7733f10b5e7d81fb4098087e,/home/sparsh/Naplam/Bangladesh-UAV-PlantDisease/Training Dataset/Strong-Light Burn/TN-270.jpg,Strong-Light Burn,TN-270.jpg,4
c1e065f22af00de04fbf8c4760b6e8c3,/home/sparsh/Naplam/Bangladesh-UAV-PlantDisease/Training Dataset/Hail damage/TN-802.jpg,Hail damage,TN-802.jpg,1
80fad62b93bc1d6ff29977d93d5809c7,/home/sparsh/Naplam/Bangladesh-UAV-PlantDisease/Training Dataset/Mixed/TN-385.jpg,Mixed,TN-385.jpg,2
b08654439616007ab8d54fddd3ef5f49,/home/sparsh/Naplam/Bangladesh-UAV-PlantDisease/Test Dataset/Hail damages/TN-2419.jpg,Hail damage,TN-2419.jpg,1
2e0d4c9b44cd979627feb14fb20f705b,/home/sparsh/Naplam/Bangladesh-UAV-PlantDisease/Test Dataset/Hail damages/TN-448.jpg,Hail damage,TN-448.jpg,1
2a2a997ab71b17b6958a4103b1c9ab6b,/home/sparsh/Naplam/Bangladesh-UAV-PlantDisease/Training Dataset/Mixed/TN-2146.jpg,Mixed,TN-2146.jpg,2
6716680dcbb83427c94e505db8e85e93,/home/sparsh/Naplam/Bangladesh-UAV-PlantDisease/Training Dataset/Hail damage/TN-43.jpg,Hail damage,TN-43.jpg,1
10ce1a8c9655ed56b59501e1a3533e6e,/home/sparsh/Naplam/Bangladesh-UAV-PlantDisease/Training Dataset/Hail damage/TN-538.jpg,Hail damage,TN-538.jpg,1
2184da044315b1cd5f28cdcd17a39ffc,/home/sparsh/Naplam/Bangladesh-UAV-PlantDisease/Training Dataset/Root Damage/TN-166.jpg,Root Damage,TN-166.jpg,3
77ebf20c22f83dc5df6320d81e7526de,/home/sparsh/Naplam/Bangladesh-UAV-PlantDisease/Training Dataset/Mixed/TN-1345.jpg,Mixed,TN-1345.jpg,2
5a8c42024fa45c694b0ea791c05d3df4,/home/sparsh/Naplam/Bangladesh-UAV-PlantDisease/Test Dataset/Hail damages/TN-2955.jpg,Hail damage,TN-2955.jpg,1
a60210e6c50e1171d5a3fdf425b4017a,/home/sparsh/Naplam/Bangladesh-UAV-PlantDisease/Training Dataset/Hail damage/TN-145.jpg,Hail damage,TN-145.jpg,1
1da20fd10a8dfc55d6e845669de12a89,/home/sparsh/Naplam/Bangladesh-UAV-PlantDisease/Training Dataset/Mixed/TN-338.jpg,Mixed,TN-338.jpg,2
3d36d07cc1df10bb293690884be9d730,/home/sparsh/Naplam/Bangladesh-UAV-PlantDisease/Training Dataset/Cotton Bollworm Infestation/TN-1039.jpg,Cotton Bollworm Infestation,TN-1039.jpg,0
aba2e7e23146c10dd9af925935ca2489,/home/sparsh/Naplam/Bangladesh-UAV-PlantDisease/Test Dataset/Hail damages/TN-2595.jpg,Hail damage,TN-2595.jpg,1
3a3a5bd5855ffbd21c21e9e898a52ec6,/home/sparsh/Naplam/Bangladesh-UAV-PlantDisease/Test Dataset/Hail damages/TN-344.jpg,Hail damage,TN-344.jpg,1
5f1201a3e0c5dd33cdb40128f2a52a6f,/home/sparsh/Naplam/Bangladesh-UAV-PlantDisease/Training Dataset/Mixed/TN-818.jpg,Mixed,TN-818.jpg,2
ed6bfd2be7df364ea42f1275ad69bce8,/home/sparsh/Naplam/Bangladesh-UAV-PlantDisease/Test Dataset/Hail damages/TN-857.jpg,Hail damage,TN-857.jpg,1
df0f1a4d2631cedd78cc202ce382fe1c,/home/sparsh/Naplam/Bangladesh-UAV-PlantDisease/Test Dataset/Hail damages/TN-1766.jpg,Hail damage,TN-1766.jpg,1
ee3a29623b617306cc674b5abfe29ad8,/home/sparsh/Naplam/Bangladesh-UAV-PlantDisease/Training Dataset/Hail damage/TN-40.jpg,Hail damage,TN-40.jpg,1
3f42ef14e430ece6f56eca2ab9301544,/home/sparsh/Naplam/Bangladesh-UAV-PlantDisease/Test Dataset/Hail damages/TN-1679.jpg,Hail damage,TN-1679.jpg,1
5f2abb47b9f33444f4b5205d7d7413de,/home/sparsh/Naplam/Bangladesh-UAV-PlantDisease/Training Dataset/Strong-Light Burn/TN-4.jpg,Strong-Light Burn,TN-4.jpg,4
4e6566d4deaf51d6afce93d8348ece71,/home/sparsh/Naplam/Bangladesh-UAV-PlantDisease/Training Dataset/Mixed/TN-568.jpg,Mixed,TN-568.jpg,2
a358a99ce779d755695c50d2789fc444,/home/sparsh/Naplam/Bangladesh-UAV-PlantDisease/Test Dataset/Hail damages/TN-1156.jpg,Hail damage,TN-1156.jpg,1
75d9f4b148572ca2561396245d0173a4,/home/sparsh/Naplam/Bangladesh-UAV-PlantDisease/Test Dataset/Cotton Bollworm Infestation/TN-414.jpg,Cotton Bollworm Infestation,TN-414.jpg,0
e86ed9c0666c0e41b47a90f2a9f20c07,/home/sparsh/Naplam/Bangladesh-UAV-PlantDisease/Training Dataset/Hail damage/TN-640.jpg,Hail damage,TN-640.jpg,1
c308dfa149124b5bf723ac1650ba8a8d,/home/sparsh/Naplam/Bangladesh-UAV-PlantDisease/Training Dataset/Mixed/TN-1417.jpg,Mixed,TN-1417.jpg,2
eef1431cc366d0702907307f29b82ca3,/home/sparsh/Naplam/Bangladesh-UAV-PlantDisease/Training Dataset/Hail damage/TN-233.jpg,Hail damage,TN-233.jpg,1
e0e7c93e29992b5cfd8f8b6cdb61c5d9,/home/sparsh/Naplam/Bangladesh-UAV-PlantDisease/Training Dataset/Mixed/TN-2064.jpg,Mixed,TN-2064.jpg,2
3bdb03a6434e00b6c49b6d22386f3e80,/home/sparsh/Naplam/Bangladesh-UAV-PlantDisease/Test Dataset/Hail damages/TN-1749.jpg,Hail damage,TN-1749.jpg,1
2cc3950703c6d4f7342092b48d7f5876,/home/sparsh/Naplam/Bangladesh-UAV-PlantDisease/Training Dataset/Root Damage/TN-393.jpg,Root Damage,TN-393.jpg,3
bdb15e363083bc0bcaf54a2e5a12860f,/home/sparsh/Naplam/Bangladesh-UAV-PlantDisease/Training Dataset/Hail damage/TN-630.jpg,Hail damage,TN-630.jpg,1
a7d9023fc5da6f9dcc497dc58a7adb1e,/home/sparsh/Naplam/Bangladesh-UAV-PlantDisease/Training Dataset/Mixed/TN-1280.jpg,Mixed,TN-1280.jpg,2
f76f184439b0ebb2df5fa1d3c8920450,/home/sparsh/Naplam/Bangladesh-UAV-PlantDisease/Test Dataset/Hail damages/TN-1250.jpg,Hail damage,TN-1250.jpg,1
64bc96a11dc2f18483b6908f2dd896c0,/home/sparsh/Naplam/Bangladesh-UAV-PlantDisease/Training Dataset/Mixed/TN-326.jpg,Mixed,TN-326.jpg,2
a5d2e8269061f187504c3413f753ddc2,/home/sparsh/Naplam/Bangladesh-UAV-PlantDisease/Test Dataset/Hail damages/TN-1770.jpg,Hail damage,TN-1770.jpg,1
8448c86e190f72e8e8550907d85a6cd5,/home/sparsh/Naplam/Bangladesh-UAV-PlantDisease/Test Dataset/Hail damages/TN-320.jpg,Hail damage,TN-320.jpg,1
89ce9ff292b7e5aa7d87e1342c083bf9,/home/sparsh/Naplam/Bangladesh-UAV-PlantDisease/Training Dataset/Cotton Bollworm Infestation/TN-413.jpg,Cotton Bollworm Infestation,TN-413.jpg,0
083b8089b7b00a1062a5b2a3ec1cbbaf,/home/sparsh/Naplam/Bangladesh-UAV-PlantDisease/Training Dataset/Mixed/TN-960.jpg,Mixed,TN-960.jpg,2
f46b0251ee312adf78b0d04c5608a0f4,/home/sparsh/Naplam/Bangladesh-UAV-PlantDisease/Test Dataset/Hail damages/TN-427.jpg,Hail damage,TN-427.jpg,1
8600653aa23214b573c6b0f88b6b56e4,/home/sparsh/Naplam/Bangladesh-UAV-PlantDisease/Test Dataset/Hail damages/TN-2666.jpg,Hail damage,TN-2666.jpg,1
00b9386da9fdb1175973165a026a92fa,/home/sparsh/Naplam/Bangladesh-UAV-PlantDisease/Training Dataset/Root Damage/TN-66.jpg,Root Damage,TN-66.jpg,3
10844393a557dfc65a53ee9208c88496,/home/sparsh/Naplam/Bangladesh-UAV-PlantDisease/Training Dataset/Mixed/TN-2329.jpg,Mixed,TN-2329.jpg,2
9803da2dcf9d27bc1bda179231592507,/home/sparsh/Naplam/Bangladesh-UAV-PlantDisease/Training Dataset/Hail damage/TN-453.jpg,Hail damage,TN-453.jpg,1
7240afcaf517b131de572d20568c6b83,/home/sparsh/Naplam/Bangladesh-UAV-PlantDisease/Test Dataset/Root Damage/TN-92.jpg,Root Damage,TN-92.jpg,3
f53f649f66d4f5f2c2f988b240169c95,/home/sparsh/Naplam/Bangladesh-UAV-PlantDisease/Training Dataset/Strong-Light Burn/TN-5.jpg,Strong-Light Burn,TN-5.jpg,4
1b9d5036d78548f2a7393acc0dba05c2,/home/sparsh/Naplam/Bangladesh-UAV-PlantDisease/Test Dataset/Hail damages/TN-962.jpg,Hail damage,TN-962.jpg,1
0d0af7e2df7ac44ad24d194f7c28a5c7,/home/sparsh/Naplam/Bangladesh-UAV-PlantDisease/Test Dataset/Hail damages/TN-756.jpg,Hail damage,TN-756.jpg,1
3e78ab4ac370ace2761c8e8a880329ce,/home/sparsh/Naplam/Bangladesh-UAV-PlantDisease/Training Dataset/Mixed/TN-722.jpg,Mixed,TN-722.jpg,2
67eca094061126cce13eeecf0fdcb4c8,/home/sparsh/Naplam/Bangladesh-UAV-PlantDisease/Training Dataset/Cotton Bollworm Infestation/TN-484.jpg,Cotton Bollworm Infestation,TN-484.jpg,0
3ae463ef84714e30782d37dcbf2a6c30,/home/sparsh/Naplam/Bangladesh-UAV-PlantDisease/Training Dataset/Cotton Bollworm Infestation/TN-425.jpg,Cotton Bollworm Infestation,TN-425.jpg,0
6c7f04ea59c48f7276f4ceeced1d2198,/home/sparsh/Naplam/Bangladesh-UAV-PlantDisease/Training Dataset/Cotton Bollworm Infestation/TN-447.jpg,Cotton Bollworm Infestation,TN-447.jpg,0
c23daa1f6e39664f88c6b8b2160333f5,/home/sparsh/Naplam/Bangladesh-UAV-PlantDisease/Test Dataset/Hail damages/TN-140.jpg,Hail damage,TN-140.jpg,1
eec72614ce7285a913caee54329608f0,/home/sparsh/Naplam/Bangladesh-UAV-PlantDisease/Training Dataset/Root Damage/TN-639.jpg,Root Damage,TN-639.jpg,3
e45207a745e35048a59df7b34294b922,/home/sparsh/Naplam/Bangladesh-UAV-PlantDisease/Training Dataset/Hail damage/TN-269.jpg,Hail damage,TN-269.jpg,1
4721c17ec024b64adaa6162f52dc0202,/home/sparsh/Naplam/Bangladesh-UAV-PlantDisease/Training Dataset/Mixed/TN-775.jpg,Mixed,TN-775.jpg,2
39bf404c4a41b6938c14583fa0734a75,/home/sparsh/Naplam/Bangladesh-UAV-PlantDisease/Test Dataset/Hail damages/TN-2906.jpg,Hail damage,TN-2906.jpg,1
50c46558ce17a18952e31659b70d7e9f,/home/sparsh/Naplam/Bangladesh-UAV-PlantDisease/Training Dataset/Mixed/TN-1565.jpg,Mixed,TN-1565.jpg,2
07aab0d31c352fbab9577b97358e7a7e,/home/sparsh/Naplam/Bangladesh-UAV-PlantDisease/Training Dataset/Mixed/TN-2367.jpg,Mixed,TN-2367.jpg,2
85aa36d19fdfc471143e3cf5d41108a0,/home/sparsh/Naplam/Bangladesh-UAV-PlantDisease/Training Dataset/Root Damage/TN-780.jpg,Root Damage,TN-780.jpg,3
e46560162391be9bc31687df6f91aed6,/home/sparsh/Naplam/Bangladesh-UAV-PlantDisease/Training Dataset/Mixed/TN-1519.jpg,Mixed,TN-1519.jpg,2
87ad7d6cd212003c1e1ca3031244f77b,/home/sparsh/Naplam/Bangladesh-UAV-PlantDisease/Test Dataset/Hail damages/TN-2855.jpg,Hail damage,TN-2855.jpg,1
2ee21b11955765bd04ed8d6d1ad62076,/home/sparsh/Naplam/Bangladesh-UAV-PlantDisease/Test Dataset/Hail damages/TN-2125.jpg,Hail damage,TN-2125.jpg,1
3d2d45640f7f13e944d9067ae20704aa,/home/sparsh/Naplam/Bangladesh-UAV-PlantDisease/Test Dataset/Hail damages/TN-2500.jpg,Hail damage,TN-2500.jpg,1
34a4f0fff3af1ad5a4cb390058f6fffd,/home/sparsh/Naplam/Bangladesh-UAV-PlantDisease/Training Dataset/Mixed/TN-2328.jpg,Mixed,TN-2328.jpg,2
2c566ee672f764c5a3658d92cc2c02f8,/home/sparsh/Naplam/Bangladesh-UAV-PlantDisease/Training Dataset/Cotton Bollworm Infestation/TN-924.jpg,Cotton Bollworm Infestation,TN-924.jpg,0
70e8b420880598610a281dc49b333923,/home/sparsh/Naplam/Bangladesh-UAV-PlantDisease/Training Dataset/Cotton Bollworm Infestation/TN-615.jpg,Cotton Bollworm Infestation,TN-615.jpg,0
7df7e4c50c7698b6a8904839e3260f1f,/home/sparsh/Naplam/Bangladesh-UAV-PlantDisease/Training Dataset/Hail damage/TN-349.jpg,Hail damage,TN-349.jpg,1
6161ccbcb99f32871278ad6b9aeba3cd,/home/sparsh/Naplam/Bangladesh-UAV-PlantDisease/Training Dataset/Root Damage/TN-769.jpg,Root Damage,TN-769.jpg,3
87e3025372c82bfb4347d2a94002f90f,/home/sparsh/Naplam/Bangladesh-UAV-PlantDisease/Test Dataset/Hail damages/TN-479.jpg,Hail damage,TN-479.jpg,1
3b0275c895176e87aa08173cd4ed2541,/home/sparsh/Naplam/Bangladesh-UAV-PlantDisease/Training Dataset/Mixed/TN-745.jpg,Mixed,TN-745.jpg,2
59036f2fd3f62713e0f70bf963c817cf,/home/sparsh/Naplam/Bangladesh-UAV-PlantDisease/Training Dataset/Root Damage/TN-389.jpg,Root Damage,TN-389.jpg,3
9d5f9210d251c70465d71027dc42da3b,/home/sparsh/Naplam/Bangladesh-UAV-PlantDisease/Test Dataset/Hail damages/TN-2184.jpg,Hail damage,TN-2184.jpg,1
e35feebeed94b0b243bdf17b6c5a41bb,/home/sparsh/Naplam/Bangladesh-UAV-PlantDisease/Test Dataset/Hail damages/TN-1567.jpg,Hail damage,TN-1567.jpg,1
f987f1c1821f2a24167b124f06b1e205,/home/sparsh/Naplam/Bangladesh-UAV-PlantDisease/Training Dataset/Cotton Bollworm Infestation/TN-283.jpg,Cotton Bollworm Infestation,TN-283.jpg,0
2dbe50649e480d4faa4fd05809f77eb3,/home/sparsh/Naplam/Bangladesh-UAV-PlantDisease/Training Dataset/Mixed/TN-945.jpg,Mixed,TN-945.jpg,2
175c3754c915a85c07e1a2d16518c6e8,/home/sparsh/Naplam/Bangladesh-UAV-PlantDisease/Training Dataset/Hail damage/TN-693.jpg,Hail damage,TN-693.jpg,1
3b42cf5dbb36e77907dac377b806a398,/home/sparsh/Naplam/Bangladesh-UAV-PlantDisease/Training Dataset/Cotton Bollworm Infestation/TN-159.jpg,Cotton Bollworm Infestation,TN-159.jpg,0
15b7e8aac5628ef9044f7d09e7832be9,/home/sparsh/Naplam/Bangladesh-UAV-PlantDisease/Training Dataset/Mixed/TN-2104.jpg,Mixed,TN-2104.jpg,2
277c62b4daaecb6530963daadbb7dec9,/home/sparsh/Naplam/Bangladesh-UAV-PlantDisease/Test Dataset/Hail damages/TN-1575.jpg,Hail damage,TN-1575.jpg,1
8d6e9793aec8b7b415d36f82fffac977,/home/sparsh/Naplam/Bangladesh-UAV-PlantDisease/Training Dataset/Strong-Light Burn/TN-206.jpg,Strong-Light Burn,TN-206.jpg,4
d427e91f0dfd1ba9dcbe7106f5ae733f,/home/sparsh/Naplam/Bangladesh-UAV-PlantDisease/Training Dataset/Mixed/TN-1544.jpg,Mixed,TN-1544.jpg,2
fd2c778abd332a4c9f4237609538e7d0,/home/sparsh/Naplam/Bangladesh-UAV-PlantDisease/Training Dataset/Mixed/TN-1942.jpg,Mixed,TN-1942.jpg,2
a2d8ff4f83cc5a4ade9e1b567ec6a299,/home/sparsh/Naplam/Bangladesh-UAV-PlantDisease/Test Dataset/Hail damages/TN-1655.jpg,Hail damage,TN-1655.jpg,1
a19cae4a03bb1f8bf9d804b604e4c2b8,/home/sparsh/Naplam/Bangladesh-UAV-PlantDisease/Training Dataset/Mixed/TN-2225.jpg,Mixed,TN-2225.jpg,2
a5915493b58f0a4ad11ab843b4612473,/home/sparsh/Naplam/Bangladesh-UAV-PlantDisease/Training Dataset/Mixed/TN-1330.jpg,Mixed,TN-1330.jpg,2
36b4f518e97edcc1d3dd810b1ef50b79,/home/sparsh/Naplam/Bangladesh-UAV-PlantDisease/Training Dataset/Cotton Bollworm Infestation/TN-555.jpg,Cotton Bollworm Infestation,TN-555.jpg,0
ea2acf2ccba5aa3ba324cb835b27f5be,/home/sparsh/Naplam/Bangladesh-UAV-PlantDisease/Training Dataset/Mixed/TN-1967.jpg,Mixed,TN-1967.jpg,2
1e26cd726e99b8d63398bd016468f714,/home/sparsh/Naplam/Bangladesh-UAV-PlantDisease/Training Dataset/Strong-Light Burn/TN-250.jpg,Strong-Light Burn,TN-250.jpg,4
d4728994e8b979d8c73290e2efe5a797,/home/sparsh/Naplam/Bangladesh-UAV-PlantDisease/Training Dataset/Mixed/TN-2255.jpg,Mixed,TN-2255.jpg,2
5073ac6869aceb11b313962a36e97e33,/home/sparsh/Naplam/Bangladesh-UAV-PlantDisease/Training Dataset/Mixed/TN-1355.jpg,Mixed,TN-1355.jpg,2
c5b7b15552fc9693e4a78e5da0ec230e,/home/sparsh/Naplam/Bangladesh-UAV-PlantDisease/Training Dataset/Hail damage/TN-495.jpg,Hail damage,TN-495.jpg,1
51ac77092d2509a9c8c7702235d37140,/home/sparsh/Naplam/Bangladesh-UAV-PlantDisease/Training Dataset/Cotton Bollworm Infestation/TN-107.jpg,Cotton Bollworm Infestation,TN-107.jpg,0
64f27202fc93ce67e8f58c20b15907bf,/home/sparsh/Naplam/Bangladesh-UAV-PlantDisease/Training Dataset/Strong-Light Burn/TN-518.jpg,Strong-Light Burn,TN-518.jpg,4
348a18f278fd5f8f9f37dfbf0c90936c,/home/sparsh/Naplam/Bangladesh-UAV-PlantDisease/Training Dataset/Hail damage/TN-250.jpg,Hail damage,TN-250.jpg,1
f9306384bfa0e6b509e91f04c97a6084,/home/sparsh/Naplam/Bangladesh-UAV-PlantDisease/Training Dataset/Mixed/TN-434.jpg,Mixed,TN-434.jpg,2
6a0e28fcbeddf0adc86cd1e6103e835c,/home/sparsh/Naplam/Bangladesh-UAV-PlantDisease/Test Dataset/Hail damages/TN-84.jpg,Hail damage,TN-84.jpg,1
2f0292af9716731d955ea6d8357cb79e,/home/sparsh/Naplam/Bangladesh-UAV-PlantDisease/Test Dataset/Hail damages/TN-2025.jpg,Hail damage,TN-2025.jpg,1
46edb034ea9f165408a7af6098062953,/home/sparsh/Naplam/Bangladesh-UAV-PlantDisease/Training Dataset/Strong-Light Burn/TN-574.jpg,Strong-Light Burn,TN-574.jpg,4
416faa7b2a96aef1701381ace26b3b42,/home/sparsh/Naplam/Bangladesh-UAV-PlantDisease/Training Dataset/Root Damage/TN-22.jpg,Root Damage,TN-22.jpg,3
ec6a3f1440e59bfd5656de6522c0cefa,/home/sparsh/Naplam/Bangladesh-UAV-PlantDisease/Test Dataset/Hail damages/TN-858.jpg,Hail damage,TN-858.jpg,1
2376567cc216e1fb001b93fbf67c8676,/home/sparsh/Naplam/Bangladesh-UAV-PlantDisease/Test Dataset/Hail damages/TN-377.jpg,Hail damage,TN-377.jpg,1
a76ef0b447ec40859640f77f56e77a5f,/home/sparsh/Naplam/Bangladesh-UAV-PlantDisease/Training Dataset/Mixed/TN-1689.jpg,Mixed,TN-1689.jpg,2
04a62e213c1795fc9edb89f69abfab3a,/home/sparsh/Naplam/Bangladesh-UAV-PlantDisease/Training Dataset/Cotton Bollworm Infestation/TN-431.jpg,Cotton Bollworm Infestation,TN-431.jpg,0
b21550f815ea2c87dfe248970bbe5075,/home/sparsh/Naplam/Bangladesh-UAV-PlantDisease/Training Dataset/Mixed/TN-1498.jpg,Mixed,TN-1498.jpg,2
b42c35b98e5f9929819b4396f942307f,/home/sparsh/Naplam/Bangladesh-UAV-PlantDisease/Training Dataset/Cotton Bollworm Infestation/TN-899.jpg,Cotton Bollworm Infestation,TN-899.jpg,0
1212679bb2d717977862c3042c249cd8,/home/sparsh/Naplam/Bangladesh-UAV-PlantDisease/Training Dataset/Strong-Light Burn/TN-407.jpg,Strong-Light Burn,TN-407.jpg,4
d6cd9a4ff50f699c41ff5ba12d164484,/home/sparsh/Naplam/Bangladesh-UAV-PlantDisease/Training Dataset/Mixed/TN-1750.jpg,Mixed,TN-1750.jpg,2
3b7d070741693bf015b769ad195c075b,/home/sparsh/Naplam/Bangladesh-UAV-PlantDisease/Training Dataset/Cotton Bollworm Infestation/TN-67.jpg,Cotton Bollworm Infestation,TN-67.jpg,0
318e677a49a4f91e60074a36c97694f1,/home/sparsh/Naplam/Bangladesh-UAV-PlantDisease/Training Dataset/Mixed/TN-1375.jpg,Mixed,TN-1375.jpg,2
2ea9aec84171a9f207f4c7f331187ce0,/home/sparsh/Naplam/Bangladesh-UAV-PlantDisease/Training Dataset/Cotton Bollworm Infestation/TN-712.jpg,Cotton Bollworm Infestation,TN-712.jpg,0
b9f61ac101598d3559e22971a28c6716,/home/sparsh/Naplam/Bangladesh-UAV-PlantDisease/Test Dataset/Strong-Light Burn/TN-80.jpg,Strong-Light Burn,TN-80.jpg,4
f8a162caedbd51e7c9827263fb1bead7,/home/sparsh/Naplam/Bangladesh-UAV-PlantDisease/Training Dataset/Strong-Light Burn/TN-419.jpg,Strong-Light Burn,TN-419.jpg,4
cf1f1e28ee9acef99bea8f4a9d1976b9,/home/sparsh/Naplam/Bangladesh-UAV-PlantDisease/Test Dataset/Mixed/TN-313.jpg,Mixed,TN-313.jpg,2
e00b399bcfc0f79d935f87d936ada345,/home/sparsh/Naplam/Bangladesh-UAV-PlantDisease/Training Dataset/Mixed/TN-161.jpg,Mixed,TN-161.jpg,2
f986997904a4f325cfb297ac92b7702a,/home/sparsh/Naplam/Bangladesh-UAV-PlantDisease/Training Dataset/Strong-Light Burn/TN-104.jpg,Strong-Light Burn,TN-104.jpg,4
38953f4de094eb154b3024424134a10d,/home/sparsh/Naplam/Bangladesh-UAV-PlantDisease/Test Dataset/Hail damages/TN-774.jpg,Hail damage,TN-774.jpg,1
ec298429a39bfba9ebc4816c46286dff,/home/sparsh/Naplam/Bangladesh-UAV-PlantDisease/Training Dataset/Hail damage/TN-306.jpg,Hail damage,TN-306.jpg,1
e4155e9d95cf6c77c93f8e72207d0193,/home/sparsh/Naplam/Bangladesh-UAV-PlantDisease/Training Dataset/Strong-Light Burn/TN-332.jpg,Strong-Light Burn,TN-332.jpg,4
eeda5dedeaa3f6efcfe233dade70aefb,/home/sparsh/Naplam/Bangladesh-UAV-PlantDisease/Training Dataset/Root Damage/TN-294.jpg,Root Damage,TN-294.jpg,3
470151bc7aa54eeb5af71a688778a221,/home/sparsh/Naplam/Bangladesh-UAV-PlantDisease/Training Dataset/Mixed/TN-731.jpg,Mixed,TN-731.jpg,2
10b027835ff3c00cefb192262908868a,/home/sparsh/Naplam/Bangladesh-UAV-PlantDisease/Training Dataset/Cotton Bollworm Infestation/TN-418.jpg,Cotton Bollworm Infestation,TN-418.jpg,0
71911e4ae3a2ab15d8660fdc39de6455,/home/sparsh/Naplam/Bangladesh-UAV-PlantDisease/Training Dataset/Cotton Bollworm Infestation/TN-642.jpg,Cotton Bollworm Infestation,TN-642.jpg,0
7d6a88756bdc671d921c67c4075432ab,/home/sparsh/Naplam/Bangladesh-UAV-PlantDisease/Training Dataset/Mixed/TN-1107.jpg,Mixed,TN-1107.jpg,2
815b228fb1d45459dbcb67ea2723d663,/home/sparsh/Naplam/Bangladesh-UAV-PlantDisease/Training Dataset/Hail damage/TN-80.jpg,Hail damage,TN-80.jpg,1
a1e84d48a658937fa9eb749ea25c905f,/home/sparsh/Naplam/Bangladesh-UAV-PlantDisease/Training Dataset/Strong-Light Burn/TN-384.jpg,Strong-Light Burn,TN-384.jpg,4
d2c14d6c57f7e3e48ac4e1061756477d,/home/sparsh/Naplam/Bangladesh-UAV-PlantDisease/Test Dataset/Mixed/TN-1.jpg,Mixed,TN-1.jpg,2
e0c65527138a57774b1de4f396960afe,/home/sparsh/Naplam/Bangladesh-UAV-PlantDisease/Training Dataset/Mixed/TN-236.jpg,Mixed,TN-236.jpg,2
7d6eb3b82d3f80f035ee0919844dbd6e,/home/sparsh/Naplam/Bangladesh-UAV-PlantDisease/Training Dataset/Cotton Bollworm Infestation/TN-1051.jpg,Cotton Bollworm Infestation,TN-1051.jpg,0
e9d0063a761333bb92e94fa9afa8fdba,/home/sparsh/Naplam/Bangladesh-UAV-PlantDisease/Training Dataset/Mixed/TN-1892.jpg,Mixed,TN-1892.jpg,2
384fa712ac50e6ab50b7ea12451e1baa,/home/sparsh/Naplam/Bangladesh-UAV-PlantDisease/Training Dataset/Strong-Light Burn/TN-415.jpg,Strong-Light Burn,TN-415.jpg,4
0932869081bfe1dca3d58c3226a4206c,/home/sparsh/Naplam/Bangladesh-UAV-PlantDisease/Training Dataset/Mixed/TN-1921.jpg,Mixed,TN-1921.jpg,2
79fe3c9b5589e41daa56b56ba0d11319,/home/sparsh/Naplam/Bangladesh-UAV-PlantDisease/Training Dataset/Strong-Light Burn/TN-278.jpg,Strong-Light Burn,TN-278.jpg,4
5e9769218b29e451b45c5c947f759150,/home/sparsh/Naplam/Bangladesh-UAV-PlantDisease/Test Dataset/Hail damages/TN-2859.jpg,Hail damage,TN-2859.jpg,1
8af94e3f681ccc8008d04fb2008f566f,/home/sparsh/Naplam/Bangladesh-UAV-PlantDisease/Training Dataset/Mixed/TN-266.jpg,Mixed,TN-266.jpg,2
ecf514c3703b276dfe5ec1ba7bb66dfc,/home/sparsh/Naplam/Bangladesh-UAV-PlantDisease/Training Dataset/Mixed/TN-1347.jpg,Mixed,TN-1347.jpg,2
d21b85ab158c9b00e6d030127ded3a50,/home/sparsh/Naplam/Bangladesh-UAV-PlantDisease/Test Dataset/Hail damages/TN-1987.jpg,Hail damage,TN-1987.jpg,1
b0a70c353c645952f5b3ff8e22fc5666,/home/sparsh/Naplam/Bangladesh-UAV-PlantDisease/Training Dataset/Cotton Bollworm Infestation/TN-116.jpg,Cotton Bollworm Infestation,TN-116.jpg,0
3727a04573e3dfb6a0cf8378ea9a0b54,/home/sparsh/Naplam/Bangladesh-UAV-PlantDisease/Training Dataset/Mixed/TN-872.jpg,Mixed,TN-872.jpg,2
a7b5a254b407c6bed3522e3836665309,/home/sparsh/Naplam/Bangladesh-UAV-PlantDisease/Training Dataset/Root Damage/TN-247.jpg,Root Damage,TN-247.jpg,3
3af5b9941c00c84a5d817b9db3fb2b60,/home/sparsh/Naplam/Bangladesh-UAV-PlantDisease/Training Dataset/Mixed/TN-2251.jpg,Mixed,TN-2251.jpg,2
f64aaf5a42cfe0cece31809c306613d4,/home/sparsh/Naplam/Bangladesh-UAV-PlantDisease/Training Dataset/Mixed/TN-1339.jpg,Mixed,TN-1339.jpg,2
ab4deab1d2dfe608b96000d967d216e0,/home/sparsh/Naplam/Bangladesh-UAV-PlantDisease/Training Dataset/Root Damage/TN-47.jpg,Root Damage,TN-47.jpg,3
09a51c1147ae6a1182ceb972984f642f,/home/sparsh/Naplam/Bangladesh-UAV-PlantDisease/Training Dataset/Root Damage/TN-286.jpg,Root Damage,TN-286.jpg,3
29780cb2c6bf0d05edf58b5e0cfcb21d,/home/sparsh/Naplam/Bangladesh-UAV-PlantDisease/Test Dataset/Hail damages/TN-618.jpg,Hail damage,TN-618.jpg,1
214614c76c1433255ed86346546b500c,/home/sparsh/Naplam/Bangladesh-UAV-PlantDisease/Test Dataset/Cotton Bollworm Infestation/TN-344.jpg,Cotton Bollworm Infestation,TN-344.jpg,0
23bf9c25e0dd51f0b6ed0e2bc6c1e9c3,/home/sparsh/Naplam/Bangladesh-UAV-PlantDisease/Training Dataset/Hail damage/TN-351.jpg,Hail damage,TN-351.jpg,1
d650182df3a9da1592870daddb7796ff,/home/sparsh/Naplam/Bangladesh-UAV-PlantDisease/Training Dataset/Root Damage/TN-590.jpg,Root Damage,TN-590.jpg,3
3e243f3d1bb70d043f6ba77f5a6a2d8d,/home/sparsh/Naplam/Bangladesh-UAV-PlantDisease/Training Dataset/Hail damage/TN-297.jpg,Hail damage,TN-297.jpg,1
6376dca62bb589956d1335d683babca8,/home/sparsh/Naplam/Bangladesh-UAV-PlantDisease/Test Dataset/Hail damages/TN-1430.jpg,Hail damage,TN-1430.jpg,1
2e7e442224983c0074de77fcc4a79e11,/home/sparsh/Naplam/Bangladesh-UAV-PlantDisease/Training Dataset/Cotton Bollworm Infestation/TN-702.jpg,Cotton Bollworm Infestation,TN-702.jpg,0
62f325c4fa53378f1f9c208e6dd05396,/home/sparsh/Naplam/Bangladesh-UAV-PlantDisease/Training Dataset/Cotton Bollworm Infestation/TN-414.jpg,Cotton Bollworm Infestation,TN-414.jpg,0
d561dbe9405a5eca167949dd7964bc35,/home/sparsh/Naplam/Bangladesh-UAV-PlantDisease/Training Dataset/Mixed/TN-311.jpg,Mixed,TN-311.jpg,2
84b76ff1fb634d61e9733c7496f57eb5,/home/sparsh/Naplam/Bangladesh-UAV-PlantDisease/Test Dataset/Hail damages/TN-1000.jpg,Hail damage,TN-1000.jpg,1
02da3f31c4ad919dca44e0102c2c125b,/home/sparsh/Naplam/Bangladesh-UAV-PlantDisease/Test Dataset/Hail damages/TN-1426.jpg,Hail damage,TN-1426.jpg,1
876384a0271d387cb1b046c941929404,/home/sparsh/Naplam/Bangladesh-UAV-PlantDisease/Test Dataset/Hail damages/TN-885.jpg,Hail damage,TN-885.jpg,1
0a116eeb892b8cc614273b22dbb32dc3,/home/sparsh/Naplam/Bangladesh-UAV-PlantDisease/Training Dataset/Mixed/TN-1046.jpg,Mixed,TN-1046.jpg,2
f63b7e9e1f97c5f3d43428588f567062,/home/sparsh/Naplam/Bangladesh-UAV-PlantDisease/Test Dataset/Strong-Light Burn/TN-300.jpg,Strong-Light Burn,TN-300.jpg,4
86ef4ba2c6914fd068660194b69282c2,/home/sparsh/Naplam/Bangladesh-UAV-PlantDisease/Training Dataset/Mixed/TN-241.jpg,Mixed,TN-241.jpg,2
92b8abfcda943a33f6e569abbd596056,/home/sparsh/Naplam/Bangladesh-UAV-PlantDisease/Test Dataset/Hail damages/TN-2469.jpg,Hail damage,TN-2469.jpg,1
fd830f851a941302a6cf3371c128571b,/home/sparsh/Naplam/Bangladesh-UAV-PlantDisease/Training Dataset/Root Damage/TN-678.jpg,Root Damage,TN-678.jpg,3
3e492890b22ee8369df4e02fdfa0dfe7,/home/sparsh/Naplam/Bangladesh-UAV-PlantDisease/Training Dataset/Mixed/TN-1933.jpg,Mixed,TN-1933.jpg,2
aa54f2000eda109a107e566e518d6417,/home/sparsh/Naplam/Bangladesh-UAV-PlantDisease/Training Dataset/Cotton Bollworm Infestation/TN-754.jpg,Cotton Bollworm Infestation,TN-754.jpg,0
65768dcf9c832378874da67a9239929b,/home/sparsh/Naplam/Bangladesh-UAV-PlantDisease/Test Dataset/Hail damages/TN-1348.jpg,Hail damage,TN-1348.jpg,1
a0b5922490bb5075ebded98e57f5c707,/home/sparsh/Naplam/Bangladesh-UAV-PlantDisease/Test Dataset/Hail damages/TN-2863.jpg,Hail damage,TN-2863.jpg,1
5d7b46c0226af2d272810853a58e1cac,/home/sparsh/Naplam/Bangladesh-UAV-PlantDisease/Test Dataset/Strong-Light Burn/TN-53.jpg,Strong-Light Burn,TN-53.jpg,4
041802f071a628eb655902da5c173fbe,/home/sparsh/Naplam/Bangladesh-UAV-PlantDisease/Training Dataset/Cotton Bollworm Infestation/TN-569.jpg,Cotton Bollworm Infestation,TN-569.jpg,0
62e9c68b473a09a2ab4a49327879b919,/home/sparsh/Naplam/Bangladesh-UAV-PlantDisease/Training Dataset/Mixed/TN-1045.jpg,Mixed,TN-1045.jpg,2
bba7e6476306d6b69ec9cbe6f6906b30,/home/sparsh/Naplam/Bangladesh-UAV-PlantDisease/Training Dataset/Mixed/TN-1304.jpg,Mixed,TN-1304.jpg,2
eec1d98f960cc9f36f5b47fc03b5925c,/home/sparsh/Naplam/Bangladesh-UAV-PlantDisease/Training Dataset/Mixed/TN-429.jpg,Mixed,TN-429.jpg,2
76767eaa05cdce068060464995b75d1c,/home/sparsh/Naplam/Bangladesh-UAV-PlantDisease/Training Dataset/Mixed/TN-72.jpg,Mixed,TN-72.jpg,2
2a7b0ac2fb3308b91d3ed328cc5959ad,/home/sparsh/Naplam/Bangladesh-UAV-PlantDisease/Training Dataset/Hail damage/TN-718.jpg,Hail damage,TN-718.jpg,1
af997e585e3266472dda583ae571a7e1,/home/sparsh/Naplam/Bangladesh-UAV-PlantDisease/Training Dataset/Strong-Light Burn/TN-421.jpg,Strong-Light Burn,TN-421.jpg,4
0c93a7b3bff8494135fbc31662d24faa,/home/sparsh/Naplam/Bangladesh-UAV-PlantDisease/Training Dataset/Strong-Light Burn/TN-223.jpg,Strong-Light Burn,TN-223.jpg,4
69f636b20d7374378eed18ab33e4c2f8,/home/sparsh/Naplam/Bangladesh-UAV-PlantDisease/Training Dataset/Mixed/TN-1792.jpg,Mixed,TN-1792.jpg,2
67b4ac32ff9ccffaefefc94133722c52,/home/sparsh/Naplam/Bangladesh-UAV-PlantDisease/Training Dataset/Root Damage/TN-99.jpg,Root Damage,TN-99.jpg,3
78a2e4e54d738c918b8bf256cad60621,/home/sparsh/Naplam/Bangladesh-UAV-PlantDisease/Training Dataset/Mixed/TN-283.jpg,Mixed,TN-283.jpg,2
64ef9b5e4c5296596da01b52e85c84f7,/home/sparsh/Naplam/Bangladesh-UAV-PlantDisease/Test Dataset/Mixed/TN-340.jpg,Mixed,TN-340.jpg,2
2eb0ddab84764d45daee3f42cd257309,/home/sparsh/Naplam/Bangladesh-UAV-PlantDisease/Test Dataset/Root Damage/TN-170.jpg,Root Damage,TN-170.jpg,3
92e6f5be9ebb6791007c7f116651ad22,/home/sparsh/Naplam/Bangladesh-UAV-PlantDisease/Test Dataset/Hail damages/TN-2049.jpg,Hail damage,TN-2049.jpg,1
ed19b4c32e71dba4314f46e07e909fe9,/home/sparsh/Naplam/Bangladesh-UAV-PlantDisease/Training Dataset/Mixed/TN-657.jpg,Mixed,TN-657.jpg,2
5ce3a0751e2e5d09c929a8dd602ffe19,/home/sparsh/Naplam/Bangladesh-UAV-PlantDisease/Training Dataset/Cotton Bollworm Infestation/TN-620.jpg,Cotton Bollworm Infestation,TN-620.jpg,0
215bd4fceabbddc1b08c96b71745d4ff,/home/sparsh/Naplam/Bangladesh-UAV-PlantDisease/Training Dataset/Cotton Bollworm Infestation/TN-1026.jpg,Cotton Bollworm Infestation,TN-1026.jpg,0
3b8f1d61a12748bf3b0b3804b17c60f8,/home/sparsh/Naplam/Bangladesh-UAV-PlantDisease/Training Dataset/Root Damage/TN-431.jpg,Root Damage,TN-431.jpg,3
12413db1ca6923dc29e9831e19b0f1a3,/home/sparsh/Naplam/Bangladesh-UAV-PlantDisease/Training Dataset/Root Damage/TN-210.jpg,Root Damage,TN-210.jpg,3
f9f1ccbdd1ac8c24fac3aa83d7db1778,/home/sparsh/Naplam/Bangladesh-UAV-PlantDisease/Test Dataset/Hail damages/TN-1585.jpg,Hail damage,TN-1585.jpg,1
82516a87f2186aa9bccf0a1281b77bc7,/home/sparsh/Naplam/Bangladesh-UAV-PlantDisease/Training Dataset/Mixed/TN-1234.jpg,Mixed,TN-1234.jpg,2
75890987294c8eea2aa771d6a8112827,/home/sparsh/Naplam/Bangladesh-UAV-PlantDisease/Training Dataset/Strong-Light Burn/TN-241.jpg,Strong-Light Burn,TN-241.jpg,4
db65260bfc415bf6658c3a5d2c973dae,/home/sparsh/Naplam/Bangladesh-UAV-PlantDisease/Training Dataset/Hail damage/TN-83.jpg,Hail damage,TN-83.jpg,1
05f67989512eb613752ea6567da55dc2,/home/sparsh/Naplam/Bangladesh-UAV-PlantDisease/Training Dataset/Root Damage/TN-277.jpg,Root Damage,TN-277.jpg,3
a546f985e92ff7c52d8563e1305ca6f4,/home/sparsh/Naplam/Bangladesh-UAV-PlantDisease/Training Dataset/Cotton Bollworm Infestation/TN-76.jpg,Cotton Bollworm Infestation,TN-76.jpg,0
4b7bd1ad969f2a883fb9da04abd63949,/home/sparsh/Naplam/Bangladesh-UAV-PlantDisease/Training Dataset/Hail damage/TN-287.jpg,Hail damage,TN-287.jpg,1
7c8fb391d1f2b7363ee45f5bf641ab4e,/home/sparsh/Naplam/Bangladesh-UAV-PlantDisease/Training Dataset/Mixed/TN-2095.jpg,Mixed,TN-2095.jpg,2
e58fbb2087cde31a4dea3cd46d353c8a,/home/sparsh/Naplam/Bangladesh-UAV-PlantDisease/Test Dataset/Hail damages/TN-649.jpg,Hail damage,TN-649.jpg,1
28891d9afb38102751e763bb9e0d7cfb,/home/sparsh/Naplam/Bangladesh-UAV-PlantDisease/Training Dataset/Cotton Bollworm Infestation/TN-266.jpg,Cotton Bollworm Infestation,TN-266.jpg,0
9e9c6e6f5058022d5c844a9e705749e0,/home/sparsh/Naplam/Bangladesh-UAV-PlantDisease/Training Dataset/Root Damage/TN-319.jpg,Root Damage,TN-319.jpg,3
328a075a3ffdc01db0009842208b414a,/home/sparsh/Naplam/Bangladesh-UAV-PlantDisease/Training Dataset/Strong-Light Burn/TN-125.jpg,Strong-Light Burn,TN-125.jpg,4
7112cf0084342fc42c50f76548f4d6a7,/home/sparsh/Naplam/Bangladesh-UAV-PlantDisease/Test Dataset/Mixed/TN-390.jpg,Mixed,TN-390.jpg,2
8119387f88fb3f6dd3f5b0bbcc5e6248,/home/sparsh/Naplam/Bangladesh-UAV-PlantDisease/Test Dataset/Mixed/TN-34.jpg,Mixed,TN-34.jpg,2
27cb7adefa8babb36c015ee7f3957306,/home/sparsh/Naplam/Bangladesh-UAV-PlantDisease/Training Dataset/Hail damage/TN-16.jpg,Hail damage,TN-16.jpg,1
91b5549aa167e3d2c4bbdc6d503fa0b2,/home/sparsh/Naplam/Bangladesh-UAV-PlantDisease/Training Dataset/Cotton Bollworm Infestation/TN-748.jpg,Cotton Bollworm Infestation,TN-748.jpg,0
ad455494b75b79b74d4fb8af033eb1dc,/home/sparsh/Naplam/Bangladesh-UAV-PlantDisease/Test Dataset/Hail damages/TN-220.jpg,Hail damage,TN-220.jpg,1
b38dd201963f8315d01d90210e5980a8,/home/sparsh/Naplam/Bangladesh-UAV-PlantDisease/Test Dataset/Hail damages/TN-2948.jpg,Hail damage,TN-2948.jpg,1
c46c15e931320b4bb0c56593ea71625a,/home/sparsh/Naplam/Bangladesh-UAV-PlantDisease/Test Dataset/Hail damages/TN-527.jpg,Hail damage,TN-527.jpg,1
f029a54080329bcdbca2fffcbed38740,/home/sparsh/Naplam/Bangladesh-UAV-PlantDisease/Training Dataset/Mixed/TN-477.jpg,Mixed,TN-477.jpg,2
9ebf1a29cf34746e62350749c9939bb2,/home/sparsh/Naplam/Bangladesh-UAV-PlantDisease/Test Dataset/Hail damages/TN-609.jpg,Hail damage,TN-609.jpg,1
9bb04c4b6a769d49e4507525168f56a0,/home/sparsh/Naplam/Bangladesh-UAV-PlantDisease/Training Dataset/Cotton Bollworm Infestation/TN-898.jpg,Cotton Bollworm Infestation,TN-898.jpg,0
35805f35c6bcc9201cbf072b9058b0c0,/home/sparsh/Naplam/Bangladesh-UAV-PlantDisease/Training Dataset/Root Damage/TN-65.jpg,Root Damage,TN-65.jpg,3
1e06e9e512ff75b2174308cf7fe4d22f,/home/sparsh/Naplam/Bangladesh-UAV-PlantDisease/Training Dataset/Mixed/TN-2243.jpg,Mixed,TN-2243.jpg,2
52c11a9f0a5f10bd52c4dc7b57dd184b,/home/sparsh/Naplam/Bangladesh-UAV-PlantDisease/Training Dataset/Hail damage/TN-415.jpg,Hail damage,TN-415.jpg,1
8581ba3b2bd0df8c0da8ecee3e37bca1,/home/sparsh/Naplam/Bangladesh-UAV-PlantDisease/Training Dataset/Mixed/TN-1094.jpg,Mixed,TN-1094.jpg,2
48c9c20083ffb26ee49b6635435d89c2,/home/sparsh/Naplam/Bangladesh-UAV-PlantDisease/Training Dataset/Mixed/TN-1749.jpg,Mixed,TN-1749.jpg,2
fab02fbfbc0d29cae39c8a93a409a8b2,/home/sparsh/Naplam/Bangladesh-UAV-PlantDisease/Training Dataset/Mixed/TN-871.jpg,Mixed,TN-871.jpg,2
88c422359e40da5998d5ea9ba4e05876,/home/sparsh/Naplam/Bangladesh-UAV-PlantDisease/Training Dataset/Mixed/TN-2099.jpg,Mixed,TN-2099.jpg,2
c2cda9200beb62d0d9ebe34670a47dfa,/home/sparsh/Naplam/Bangladesh-UAV-PlantDisease/Training Dataset/Mixed/TN-2198.jpg,Mixed,TN-2198.jpg,2
856a7301574ffc610c9a8a66b799ff20,/home/sparsh/Naplam/Bangladesh-UAV-PlantDisease/Test Dataset/Hail damages/TN-2069.jpg,Hail damage,TN-2069.jpg,1
bffebc0d9c3b4f69db442e76967f4c59,/home/sparsh/Naplam/Bangladesh-UAV-PlantDisease/Training Dataset/Mixed/TN-19.jpg,Mixed,TN-19.jpg,2
77bec6321b88445f8b9263ee17a78fed,/home/sparsh/Naplam/Bangladesh-UAV-PlantDisease/Training Dataset/Mixed/TN-296.jpg,Mixed,TN-296.jpg,2
338fdf7f7bf34c7c110b7fcc19cb6f12,/home/sparsh/Naplam/Bangladesh-UAV-PlantDisease/Training Dataset/Hail damage/TN-405.jpg,Hail damage,TN-405.jpg,1
100c8f90670455a943c6e3ea3c0706d3,/home/sparsh/Naplam/Bangladesh-UAV-PlantDisease/Training Dataset/Strong-Light Burn/TN-264.jpg,Strong-Light Burn,TN-264.jpg,4
5f0eea86662687fdd0c5a6cbe4fe4bef,/home/sparsh/Naplam/Bangladesh-UAV-PlantDisease/Training Dataset/Strong-Light Burn/TN-575.jpg,Strong-Light Burn,TN-575.jpg,4
38f24b886ec0dbf03b1ae7d820180429,/home/sparsh/Naplam/Bangladesh-UAV-PlantDisease/Training Dataset/Hail damage/TN-631.jpg,Hail damage,TN-631.jpg,1
c6c1690e971dcdc3b9657717a9da1d8b,/home/sparsh/Naplam/Bangladesh-UAV-PlantDisease/Training Dataset/Strong-Light Burn/TN-105.jpg,Strong-Light Burn,TN-105.jpg,4
eb573fb4a362e0c8d613f075da49d128,/home/sparsh/Naplam/Bangladesh-UAV-PlantDisease/Test Dataset/Hail damages/TN-598.jpg,Hail damage,TN-598.jpg,1
22f50ab11ee66f67c2c9c01dfa553f3b,/home/sparsh/Naplam/Bangladesh-UAV-PlantDisease/Training Dataset/Mixed/TN-621.jpg,Mixed,TN-621.jpg,2
eb91a1f5cc2dae844586b0e5acb0a2c7,/home/sparsh/Naplam/Bangladesh-UAV-PlantDisease/Training Dataset/Strong-Light Burn/TN-248.jpg,Strong-Light Burn,TN-248.jpg,4
86bde585047356972702216160e447e7,/home/sparsh/Naplam/Bangladesh-UAV-PlantDisease/Training Dataset/Mixed/TN-1069.jpg,Mixed,TN-1069.jpg,2
861be7ad6f89737ae9f92459c6c1ec99,/home/sparsh/Naplam/Bangladesh-UAV-PlantDisease/Test Dataset/Hail damages/TN-1157.jpg,Hail damage,TN-1157.jpg,1
2f8fc5f063378e30ac0d8e10dbe212da,/home/sparsh/Naplam/Bangladesh-UAV-PlantDisease/Training Dataset/Cotton Bollworm Infestation/TN-466.jpg,Cotton Bollworm Infestation,TN-466.jpg,0
a754f7293c407695b3a59d771403b8b9,/home/sparsh/Naplam/Bangladesh-UAV-PlantDisease/Training Dataset/Mixed/TN-1329.jpg,Mixed,TN-1329.jpg,2
0ac7b9740410f35b4bab11675844d5b1,/home/sparsh/Naplam/Bangladesh-UAV-PlantDisease/Training Dataset/Hail damage/TN-443.jpg,Hail damage,TN-443.jpg,1
10fbd75525f29751b1410f7eb2dc6590,/home/sparsh/Naplam/Bangladesh-UAV-PlantDisease/Test Dataset/Hail damages/TN-1387.jpg,Hail damage,TN-1387.jpg,1
26a1105d0fa338120bcb5043ea142dd6,/home/sparsh/Naplam/Bangladesh-UAV-PlantDisease/Training Dataset/Mixed/TN-1573.jpg,Mixed,TN-1573.jpg,2
defdae4e855df819dc041fc098f0de13,/home/sparsh/Naplam/Bangladesh-UAV-PlantDisease/Training Dataset/Mixed/TN-505.jpg,Mixed,TN-505.jpg,2
6e439b8caa6898739dd45bc8032664a0,/home/sparsh/Naplam/Bangladesh-UAV-PlantDisease/Training Dataset/Mixed/TN-971.jpg,Mixed,TN-971.jpg,2
9224db3b9d010eef36b90f1e20d56f60,/home/sparsh/Naplam/Bangladesh-UAV-PlantDisease/Training Dataset/Mixed/TN-674.jpg,Mixed,TN-674.jpg,2
e90cf0759515b8d1638709ce1bfc71f2,/home/sparsh/Naplam/Bangladesh-UAV-PlantDisease/Test Dataset/Hail damages/TN-2116.jpg,Hail damage,TN-2116.jpg,1
677a966903a26d7a1b042a14abf77277,/home/sparsh/Naplam/Bangladesh-UAV-PlantDisease/Test Dataset/Hail damages/TN-2820.jpg,Hail damage,TN-2820.jpg,1
20477c5af8667c4d3b6b359792ec6701,/home/sparsh/Naplam/Bangladesh-UAV-PlantDisease/Test Dataset/Hail damages/TN-559.jpg,Hail damage,TN-559.jpg,1
46f4a72a9ae3ccc8defd3190844f75fb,/home/sparsh/Naplam/Bangladesh-UAV-PlantDisease/Training Dataset/Hail damage/TN-784.jpg,Hail damage,TN-784.jpg,1
ba6a85e85eceaf23f1e4ab7a81a30c2c,/home/sparsh/Naplam/Bangladesh-UAV-PlantDisease/Training Dataset/Root Damage/TN-719.jpg,Root Damage,TN-719.jpg,3
0c5ded4d1e8c1a7fc5cf420b7001a28c,/home/sparsh/Naplam/Bangladesh-UAV-PlantDisease/Training Dataset/Cotton Bollworm Infestation/TN-197.jpg,Cotton Bollworm Infestation,TN-197.jpg,0
eb5c67877f68a99befccd47bf1014c9f,/home/sparsh/Naplam/Bangladesh-UAV-PlantDisease/Test Dataset/Mixed/TN-560.jpg,Mixed,TN-560.jpg,2
3baa85a54095ee4bab304bdebc77ecfe,/home/sparsh/Naplam/Bangladesh-UAV-PlantDisease/Test Dataset/Hail damages/TN-429.jpg,Hail damage,TN-429.jpg,1
962b6e752d7904a0019178782f593aea,/home/sparsh/Naplam/Bangladesh-UAV-PlantDisease/Training Dataset/Strong-Light Burn/TN-282.jpg,Strong-Light Burn,TN-282.jpg,4
f4f29878006c84a0f0ddfd7e2542ff61,/home/sparsh/Naplam/Bangladesh-UAV-PlantDisease/Test Dataset/Hail damages/TN-1265.jpg,Hail damage,TN-1265.jpg,1
0514ba7b9d3efd4ceed97029db3d5ac5,/home/sparsh/Naplam/Bangladesh-UAV-PlantDisease/Training Dataset/Strong-Light Burn/TN-121.jpg,Strong-Light Burn,TN-121.jpg,4
3441c829f1ee9b949908352eacc6b042,/home/sparsh/Naplam/Bangladesh-UAV-PlantDisease/Training Dataset/Root Damage/TN-730.jpg,Root Damage,TN-730.jpg,3
956fa12f56ef42f164aaf1f4d1e67761,/home/sparsh/Naplam/Bangladesh-UAV-PlantDisease/Training Dataset/Strong-Light Burn/TN-64.jpg,Strong-Light Burn,TN-64.jpg,4
cfdf7607c1ad05f755292df0aaf5bf0a,/home/sparsh/Naplam/Bangladesh-UAV-PlantDisease/Training Dataset/Mixed/TN-2209.jpg,Mixed,TN-2209.jpg,2
bdc84ae2c111e0b55e737383795902ee,/home/sparsh/Naplam/Bangladesh-UAV-PlantDisease/Training Dataset/Mixed/TN-1283.jpg,Mixed,TN-1283.jpg,2
2ac567c1156b1573ca3a4b25dcc6237f,/home/sparsh/Naplam/Bangladesh-UAV-PlantDisease/Training Dataset/Cotton Bollworm Infestation/TN-132.jpg,Cotton Bollworm Infestation,TN-132.jpg,0
fdea003bba2bcccc506137b060e0c8e9,/home/sparsh/Naplam/Bangladesh-UAV-PlantDisease/Training Dataset/Hail damage/TN-645.jpg,Hail damage,TN-645.jpg,1
c12107f757eec9f95be74fc505cde30c,/home/sparsh/Naplam/Bangladesh-UAV-PlantDisease/Training Dataset/Strong-Light Burn/TN-677.jpg,Strong-Light Burn,TN-677.jpg,4
debc6c328ede9c09ae08429d2ae447ca,/home/sparsh/Naplam/Bangladesh-UAV-PlantDisease/Test Dataset/Hail damages/TN-966.jpg,Hail damage,TN-966.jpg,1
9b9d5f0b2a09df8b2b03e40874630708,/home/sparsh/Naplam/Bangladesh-UAV-PlantDisease/Training Dataset/Mixed/TN-2210.jpg,Mixed,TN-2210.jpg,2
23bad66a5478340b5575bf0084ba34e3,/home/sparsh/Naplam/Bangladesh-UAV-PlantDisease/Training Dataset/Mixed/TN-310.jpg,Mixed,TN-310.jpg,2
0ad38de00aab0119a6166883cc7e0f29,/home/sparsh/Naplam/Bangladesh-UAV-PlantDisease/Training Dataset/Root Damage/TN-134.jpg,Root Damage,TN-134.jpg,3
3203acbe8362778ac915cc1105bb5c92,/home/sparsh/Naplam/Bangladesh-UAV-PlantDisease/Training Dataset/Cotton Bollworm Infestation/TN-314.jpg,Cotton Bollworm Infestation,TN-314.jpg,0
377c88fa5a729db24ccad322fb0c49fd,/home/sparsh/Naplam/Bangladesh-UAV-PlantDisease/Test Dataset/Mixed/TN-373.jpg,Mixed,TN-373.jpg,2
c2ecaa8434a25aae344dae5997954b89,/home/sparsh/Naplam/Bangladesh-UAV-PlantDisease/Training Dataset/Mixed/TN-645.jpg,Mixed,TN-645.jpg,2
dc03e22f0144a510a2e8966636ed10a2,/home/sparsh/Naplam/Bangladesh-UAV-PlantDisease/Test Dataset/Hail damages/TN-2586.jpg,Hail damage,TN-2586.jpg,1
d0831c9cb4b4dc29648133ab21d25d11,/home/sparsh/Naplam/Bangladesh-UAV-PlantDisease/Test Dataset/Hail damages/TN-1457.jpg,Hail damage,TN-1457.jpg,1
8e63d9e1230f1d3abe2756ef59149542,/home/sparsh/Naplam/Bangladesh-UAV-PlantDisease/Test Dataset/Mixed/TN-414.jpg,Mixed,TN-414.jpg,2
0756fc937a39307f6e151128af59eb8c,/home/sparsh/Naplam/Bangladesh-UAV-PlantDisease/Test Dataset/Mixed/TN-543.jpg,Mixed,TN-543.jpg,2
5afb630973e80c8b37771df3a205756a,/home/sparsh/Naplam/Bangladesh-UAV-PlantDisease/Test Dataset/Hail damages/TN-2934.jpg,Hail damage,TN-2934.jpg,1
b0872638f054ccb5ea0848f027b20a2f,/home/sparsh/Naplam/Bangladesh-UAV-PlantDisease/Training Dataset/Mixed/TN-116.jpg,Mixed,TN-116.jpg,2
46f4ef34e4169671ec9711f4a366cdea,/home/sparsh/Naplam/Bangladesh-UAV-PlantDisease/Test Dataset/Hail damages/TN-2627.jpg,Hail damage,TN-2627.jpg,1
264ac5193063e7ca0ecf3c11aa04d3f1,/home/sparsh/Naplam/Bangladesh-UAV-PlantDisease/Training Dataset/Root Damage/TN-481.jpg,Root Damage,TN-481.jpg,3
d6b8405a326b314c711a07b5dbc77cdb,/home/sparsh/Naplam/Bangladesh-UAV-PlantDisease/Training Dataset/Mixed/TN-245.jpg,Mixed,TN-245.jpg,2
f16071ae9d979608f84a9c627530d853,/home/sparsh/Naplam/Bangladesh-UAV-PlantDisease/Test Dataset/Hail damages/TN-1437.jpg,Hail damage,TN-1437.jpg,1
84beaf624d01799836bf0cbfb5c3b500,/home/sparsh/Naplam/Bangladesh-UAV-PlantDisease/Training Dataset/Strong-Light Burn/TN-641.jpg,Strong-Light Burn,TN-641.jpg,4
0e4ced4582b4bf05498697722ae80a79,/home/sparsh/Naplam/Bangladesh-UAV-PlantDisease/Training Dataset/Mixed/TN-2055.jpg,Mixed,TN-2055.jpg,2
372ec1512b68e1d85d7ac50f6b1c143d,/home/sparsh/Naplam/Bangladesh-UAV-PlantDisease/Test Dataset/Cotton Bollworm Infestation/TN-120.jpg,Cotton Bollworm Infestation,TN-120.jpg,0
fba1fda2de3be7c33f5d905c6484227f,/home/sparsh/Naplam/Bangladesh-UAV-PlantDisease/Test Dataset/Strong-Light Burn/TN-244.jpg,Strong-Light Burn,TN-244.jpg,4
fb8b331d06c1c09722dec2c0b82e53b7,/home/sparsh/Naplam/Bangladesh-UAV-PlantDisease/Training Dataset/Root Damage/TN-30.jpg,Root Damage,TN-30.jpg,3
9e4b7f6c25f3d23e0c7a9e72f4ef37e2,/home/sparsh/Naplam/Bangladesh-UAV-PlantDisease/Test Dataset/Hail damages/TN-2160.jpg,Hail damage,TN-2160.jpg,1
63a9d1928dad4d24f5c1b94df6ed24e6,/home/sparsh/Naplam/Bangladesh-UAV-PlantDisease/Training Dataset/Mixed/TN-1378.jpg,Mixed,TN-1378.jpg,2
c43e80f01c16a47f27ae43f47e24b6c0,/home/sparsh/Naplam/Bangladesh-UAV-PlantDisease/Test Dataset/Hail damages/TN-2717.jpg,Hail damage,TN-2717.jpg,1
375f187b9ad03d0c1df0c19af7552388,/home/sparsh/Naplam/Bangladesh-UAV-PlantDisease/Training Dataset/Mixed/TN-817.jpg,Mixed,TN-817.jpg,2
98a1c5c76f9e2f059de821a073f441d5,/home/sparsh/Naplam/Bangladesh-UAV-PlantDisease/Training Dataset/Cotton Bollworm Infestation/TN-550.jpg,Cotton Bollworm Infestation,TN-550.jpg,0
b5825075e2048dc5611cd20d3d2cbf0a,/home/sparsh/Naplam/Bangladesh-UAV-PlantDisease/Test Dataset/Hail damages/TN-1161.jpg,Hail damage,TN-1161.jpg,1
fdf2a5f432f956701f7c116e4ab3a858,/home/sparsh/Naplam/Bangladesh-UAV-PlantDisease/Training Dataset/Root Damage/TN-69.jpg,Root Damage,TN-69.jpg,3
6618a036c094f51b5c015b7d28615723,/home/sparsh/Naplam/Bangladesh-UAV-PlantDisease/Test Dataset/Hail damages/TN-517.jpg,Hail damage,TN-517.jpg,1
56cb9ef70978b71c7b5f06816d02205a,/home/sparsh/Naplam/Bangladesh-UAV-PlantDisease/Training Dataset/Hail damage/TN-655.jpg,Hail damage,TN-655.jpg,1
49e53377cab3917cd576469d42713b19,/home/sparsh/Naplam/Bangladesh-UAV-PlantDisease/Training Dataset/Mixed/TN-1929.jpg,Mixed,TN-1929.jpg,2
f48be756a4bfd790c31a372c52c87ed1,/home/sparsh/Naplam/Bangladesh-UAV-PlantDisease/Test Dataset/Hail damages/TN-2281.jpg,Hail damage,TN-2281.jpg,1
dc930ce8e43fa1b9df5a238c31c6728f,/home/sparsh/Naplam/Bangladesh-UAV-PlantDisease/Training Dataset/Root Damage/TN-8.jpg,Root Damage,TN-8.jpg,3
68dcae47328da6785d72107708f5f6ae,/home/sparsh/Naplam/Bangladesh-UAV-PlantDisease/Test Dataset/Hail damages/TN-836.jpg,Hail damage,TN-836.jpg,1
27d532b0d892caefe56dab2406f7faca,/home/sparsh/Naplam/Bangladesh-UAV-PlantDisease/Test Dataset/Cotton Bollworm Infestation/TN-253.jpg,Cotton Bollworm Infestation,TN-253.jpg,0
6f460fe9508a19bcf49cd88a208412f5,/home/sparsh/Naplam/Bangladesh-UAV-PlantDisease/Training Dataset/Mixed/TN-1335.jpg,Mixed,TN-1335.jpg,2
8d04b6f77f8e227c2a208f815f896eff,/home/sparsh/Naplam/Bangladesh-UAV-PlantDisease/Training Dataset/Mixed/TN-1250.jpg,Mixed,TN-1250.jpg,2
4c329c0dcace35b54451145f2ff2f9a0,/home/sparsh/Naplam/Bangladesh-UAV-PlantDisease/Test Dataset/Cotton Bollworm Infestation/TN-360.jpg,Cotton Bollworm Infestation,TN-360.jpg,0
351dbb519c6b38811309fe69e7b362d5,/home/sparsh/Naplam/Bangladesh-UAV-PlantDisease/Training Dataset/Mixed/TN-603.jpg,Mixed,TN-603.jpg,2
59c8539ac1710e81409e26821466199d,/home/sparsh/Naplam/Bangladesh-UAV-PlantDisease/Test Dataset/Hail damages/TN-1929.jpg,Hail damage,TN-1929.jpg,1
3df8134d351ef10b254c093e7eed8375,/home/sparsh/Naplam/Bangladesh-UAV-PlantDisease/Training Dataset/Strong-Light Burn/TN-690.jpg,Strong-Light Burn,TN-690.jpg,4
80373381f443dd7237d10ec17775d83c,/home/sparsh/Naplam/Bangladesh-UAV-PlantDisease/Test Dataset/Hail damages/TN-1316.jpg,Hail damage,TN-1316.jpg,1
eba7ebc8289511f1718d36f30b75e79c,/home/sparsh/Naplam/Bangladesh-UAV-PlantDisease/Training Dataset/Mixed/TN-1305.jpg,Mixed,TN-1305.jpg,2
14b1b06d581f076231150c686eb5fac0,/home/sparsh/Naplam/Bangladesh-UAV-PlantDisease/Training Dataset/Root Damage/TN-97.jpg,Root Damage,TN-97.jpg,3
b718a2bb812342c5c4e383b0149d3b0a,/home/sparsh/Naplam/Bangladesh-UAV-PlantDisease/Training Dataset/Strong-Light Burn/TN-578.jpg,Strong-Light Burn,TN-578.jpg,4
3797696e7a1e7c5349001fd2985af746,/home/sparsh/Naplam/Bangladesh-UAV-PlantDisease/Training Dataset/Mixed/TN-1939.jpg,Mixed,TN-1939.jpg,2
96dc05b8905705358642f73d909a23b1,/home/sparsh/Naplam/Bangladesh-UAV-PlantDisease/Test Dataset/Hail damages/TN-2772.jpg,Hail damage,TN-2772.jpg,1
0bedeaa0975895cae7c297c83a09b869,/home/sparsh/Naplam/Bangladesh-UAV-PlantDisease/Training Dataset/Mixed/TN-2168.jpg,Mixed,TN-2168.jpg,2
589f7ccd3923f44b7a61e1b6d7713770,/home/sparsh/Naplam/Bangladesh-UAV-PlantDisease/Training Dataset/Root Damage/TN-589.jpg,Root Damage,TN-589.jpg,3
cbd21822e33792c04360bd8c496e0854,/home/sparsh/Naplam/Bangladesh-UAV-PlantDisease/Training Dataset/Strong-Light Burn/TN-283.jpg,Strong-Light Burn,TN-283.jpg,4
90904574be531a9e9e1e9f6fbbe2cdc9,/home/sparsh/Naplam/Bangladesh-UAV-PlantDisease/Training Dataset/Mixed/TN-128.jpg,Mixed,TN-128.jpg,2
509e98c44954c3cf6b6f9b2ccbf20288,/home/sparsh/Naplam/Bangladesh-UAV-PlantDisease/Training Dataset/Strong-Light Burn/TN-514.jpg,Strong-Light Burn,TN-514.jpg,4
9779ee63c000ff8402a3b3c76d75f630,/home/sparsh/Naplam/Bangladesh-UAV-PlantDisease/Training Dataset/Strong-Light Burn/TN-128.jpg,Strong-Light Burn,TN-128.jpg,4
0d66abb69653a790b1df30b717cef81d,/home/sparsh/Naplam/Bangladesh-UAV-PlantDisease/Training Dataset/Root Damage/TN-775.jpg,Root Damage,TN-775.jpg,3
43269fc93b75afee181ca8ecad1e968c,/home/sparsh/Naplam/Bangladesh-UAV-PlantDisease/Training Dataset/Cotton Bollworm Infestation/TN-362.jpg,Cotton Bollworm Infestation,TN-362.jpg,0
cd098ac6590461d4887ad2349bfb8574,/home/sparsh/Naplam/Bangladesh-UAV-PlantDisease/Test Dataset/Strong-Light Burn/TN-142.jpg,Strong-Light Burn,TN-142.jpg,4
83661507fbbe260deb792489892b729c,/home/sparsh/Naplam/Bangladesh-UAV-PlantDisease/Training Dataset/Strong-Light Burn/TN-131.jpg,Strong-Light Burn,TN-131.jpg,4
24008305f3629c243cb19f9521b0fcc2,/home/sparsh/Naplam/Bangladesh-UAV-PlantDisease/Training Dataset/Cotton Bollworm Infestation/TN-355.jpg,Cotton Bollworm Infestation,TN-355.jpg,0
5a8318577314bac5045fcc495cb6a701,/home/sparsh/Naplam/Bangladesh-UAV-PlantDisease/Training Dataset/Strong-Light Burn/TN-411.jpg,Strong-Light Burn,TN-411.jpg,4
05a877c438cbb170540a120f643eb7ca,/home/sparsh/Naplam/Bangladesh-UAV-PlantDisease/Training Dataset/Mixed/TN-113.jpg,Mixed,TN-113.jpg,2
3583fd4b6056a0b22874543c26b8d11d,/home/sparsh/Naplam/Bangladesh-UAV-PlantDisease/Training Dataset/Mixed/TN-889.jpg,Mixed,TN-889.jpg,2
e933708fd3b3728b1df73dd81ec20cde,/home/sparsh/Naplam/Bangladesh-UAV-PlantDisease/Training Dataset/Cotton Bollworm Infestation/TN-139.jpg,Cotton Bollworm Infestation,TN-139.jpg,0
4d3d5ecd9823d8cc834dcf75049961af,/home/sparsh/Naplam/Bangladesh-UAV-PlantDisease/Test Dataset/Hail damages/TN-2896.jpg,Hail damage,TN-2896.jpg,1
c90784af82966bd018232e097d6b03a0,/home/sparsh/Naplam/Bangladesh-UAV-PlantDisease/Training Dataset/Mixed/TN-2087.jpg,Mixed,TN-2087.jpg,2
30621bc08319ae3158ff4d3872c35d8a,/home/sparsh/Naplam/Bangladesh-UAV-PlantDisease/Training Dataset/Mixed/TN-696.jpg,Mixed,TN-696.jpg,2
a2f2f9c3d029ffb7a9717908ad8ef7c1,/home/sparsh/Naplam/Bangladesh-UAV-PlantDisease/Training Dataset/Mixed/TN-1745.jpg,Mixed,TN-1745.jpg,2
d001c3d548d0a8d090a2cc6dc773a5f6,/home/sparsh/Naplam/Bangladesh-UAV-PlantDisease/Test Dataset/Hail damages/TN-1698.jpg,Hail damage,TN-1698.jpg,1
6690a1a7f28f80e552e960e18287c2ac,/home/sparsh/Naplam/Bangladesh-UAV-PlantDisease/Test Dataset/Root Damage/TN-350.jpg,Root Damage,TN-350.jpg,3
2f46d492388104b5e840f09564065aa8,/home/sparsh/Naplam/Bangladesh-UAV-PlantDisease/Training Dataset/Mixed/TN-2152.jpg,Mixed,TN-2152.jpg,2
bd4feda607694549e94a3bf6d280b8b2,/home/sparsh/Naplam/Bangladesh-UAV-PlantDisease/Training Dataset/Mixed/TN-258.jpg,Mixed,TN-258.jpg,2
2409983948a3f9568be251a7ff9f6615,/home/sparsh/Naplam/Bangladesh-UAV-PlantDisease/Test Dataset/Hail damages/TN-1088.jpg,Hail damage,TN-1088.jpg,1
b4bb4a157cdee11d5f4129b8ffd241a8,/home/sparsh/Naplam/Bangladesh-UAV-PlantDisease/Test Dataset/Hail damages/TN-2365.jpg,Hail damage,TN-2365.jpg,1
64bea9315a963c69c09a25d79822c746,/home/sparsh/Naplam/Bangladesh-UAV-PlantDisease/Training Dataset/Mixed/TN-531.jpg,Mixed,TN-531.jpg,2
5f9a57d1dc7fd20b7d374e42a7d60655,/home/sparsh/Naplam/Bangladesh-UAV-PlantDisease/Training Dataset/Mixed/TN-1507.jpg,Mixed,TN-1507.jpg,2
25c2f25e120ae014b0888b941513a37d,/home/sparsh/Naplam/Bangladesh-UAV-PlantDisease/Training Dataset/Mixed/TN-1480.jpg,Mixed,TN-1480.jpg,2
8a94564c3c865365aa78108e77a66766,/home/sparsh/Naplam/Bangladesh-UAV-PlantDisease/Test Dataset/Hail damages/TN-1848.jpg,Hail damage,TN-1848.jpg,1
76c563a8184d6336ff3ab9db5fb7151c,/home/sparsh/Naplam/Bangladesh-UAV-PlantDisease/Training Dataset/Mixed/TN-1915.jpg,Mixed,TN-1915.jpg,2
20f27f783a7bf4487549aeb53ba217c8,/home/sparsh/Naplam/Bangladesh-UAV-PlantDisease/Training Dataset/Mixed/TN-1446.jpg,Mixed,TN-1446.jpg,2
d3f108a603082697b04d1b44559b0cf3,/home/sparsh/Naplam/Bangladesh-UAV-PlantDisease/Training Dataset/Mixed/TN-2107.jpg,Mixed,TN-2107.jpg,2
dc386401aa9b545398936941f7fa90d7,/home/sparsh/Naplam/Bangladesh-UAV-PlantDisease/Training Dataset/Mixed/TN-979.jpg,Mixed,TN-979.jpg,2
b756e930fdb13336e433093b933b1e08,/home/sparsh/Naplam/Bangladesh-UAV-PlantDisease/Training Dataset/Root Damage/TN-807.jpg,Root Damage,TN-807.jpg,3
2d2b89f8339e6174091ace774778cf0c,/home/sparsh/Naplam/Bangladesh-UAV-PlantDisease/Training Dataset/Mixed/TN-1641.jpg,Mixed,TN-1641.jpg,2
dabc14c236f364ea22b41f1d3f2375eb,/home/sparsh/Naplam/Bangladesh-UAV-PlantDisease/Training Dataset/Cotton Bollworm Infestation/TN-14.jpg,Cotton Bollworm Infestation,TN-14.jpg,0
41b5bef661d3974fd66f008c83916478,/home/sparsh/Naplam/Bangladesh-UAV-PlantDisease/Training Dataset/Mixed/TN-1570.jpg,Mixed,TN-1570.jpg,2
8093ba840987c442feb125a571a38d6b,/home/sparsh/Naplam/Bangladesh-UAV-PlantDisease/Training Dataset/Root Damage/TN-783.jpg,Root Damage,TN-783.jpg,3
784079ea2c98b8ab48c7c4c7ddf668e2,/home/sparsh/Naplam/Bangladesh-UAV-PlantDisease/Test Dataset/Cotton Bollworm Infestation/TN-112.jpg,Cotton Bollworm Infestation,TN-112.jpg,0
aff9a59c7e93919a2f810add68e1d8f9,/home/sparsh/Naplam/Bangladesh-UAV-PlantDisease/Training Dataset/Mixed/TN-1190.jpg,Mixed,TN-1190.jpg,2
aecd0017cc84d2892b82234d7bf20469,/home/sparsh/Naplam/Bangladesh-UAV-PlantDisease/Test Dataset/Mixed/TN-320.jpg,Mixed,TN-320.jpg,2
91ad942ab4b486f9c24f3e07e55aa5fd,/home/sparsh/Naplam/Bangladesh-UAV-PlantDisease/Training Dataset/Root Damage/TN-784.jpg,Root Damage,TN-784.jpg,3
3fe4c466d05ab9f67ebd9325ec946a28,/home/sparsh/Naplam/Bangladesh-UAV-PlantDisease/Training Dataset/Mixed/TN-153.jpg,Mixed,TN-153.jpg,2
0e330ae3c4f51deaa93ba66a46dc2a46,/home/sparsh/Naplam/Bangladesh-UAV-PlantDisease/Training Dataset/Mixed/TN-1938.jpg,Mixed,TN-1938.jpg,2
9ac3afb4fb5b9ac9477c7556e76fd9d5,/home/sparsh/Naplam/Bangladesh-UAV-PlantDisease/Test Dataset/Hail damages/TN-678.jpg,Hail damage,TN-678.jpg,1
be6837f991820f7f25f03b3953d92187,/home/sparsh/Naplam/Bangladesh-UAV-PlantDisease/Test Dataset/Hail damages/TN-574.jpg,Hail damage,TN-574.jpg,1
1feec20e2fae11ec5b30568ce7ba953a,/home/sparsh/Naplam/Bangladesh-UAV-PlantDisease/Test Dataset/Hail damages/TN-2375.jpg,Hail damage,TN-2375.jpg,1
897bee24f8dabd20cb8af1d2e97efc80,/home/sparsh/Naplam/Bangladesh-UAV-PlantDisease/Training Dataset/Mixed/TN-853.jpg,Mixed,TN-853.jpg,2
e5c0b77f9311f198a6b31b9d200908a0,/home/sparsh/Naplam/Bangladesh-UAV-PlantDisease/Training Dataset/Strong-Light Burn/TN-68.jpg,Strong-Light Burn,TN-68.jpg,4
19f1f6f06e334494e7d140d899ab6433,/home/sparsh/Naplam/Bangladesh-UAV-PlantDisease/Test Dataset/Hail damages/TN-1959.jpg,Hail damage,TN-1959.jpg,1
2d4faf80abd2064bd65ad3a2fd6e468b,/home/sparsh/Naplam/Bangladesh-UAV-PlantDisease/Training Dataset/Strong-Light Burn/TN-252.jpg,Strong-Light Burn,TN-252.jpg,4
65e61b6b67d5a874c8f7dc2351d699dc,/home/sparsh/Naplam/Bangladesh-UAV-PlantDisease/Test Dataset/Hail damages/TN-830.jpg,Hail damage,TN-830.jpg,1
4466a823252ef28bdb6cb75d47d32947,/home/sparsh/Naplam/Bangladesh-UAV-PlantDisease/Training Dataset/Cotton Bollworm Infestation/TN-93.jpg,Cotton Bollworm Infestation,TN-93.jpg,0
bb95a7e59dc46a986e9a0ef721036798,/home/sparsh/Naplam/Bangladesh-UAV-PlantDisease/Test Dataset/Hail damages/TN-2205.jpg,Hail damage,TN-2205.jpg,1
900973725751a90eb4d4089948028cb9,/home/sparsh/Naplam/Bangladesh-UAV-PlantDisease/Test Dataset/Cotton Bollworm Infestation/TN-221.jpg,Cotton Bollworm Infestation,TN-221.jpg,0
d5674dd1433e574ac2eae4c546c9e57b,/home/sparsh/Naplam/Bangladesh-UAV-PlantDisease/Test Dataset/Hail damages/TN-2379.jpg,Hail damage,TN-2379.jpg,1
a884a29cd870fb89a154b6c1ce32366a,/home/sparsh/Naplam/Bangladesh-UAV-PlantDisease/Training Dataset/Mixed/TN-1133.jpg,Mixed,TN-1133.jpg,2
2cb1d9219a7eb4b3424c6c84e2552c6c,/home/sparsh/Naplam/Bangladesh-UAV-PlantDisease/Training Dataset/Root Damage/TN-278.jpg,Root Damage,TN-278.jpg,3
3cbf77f5867075333e599af7d1d10d11,/home/sparsh/Naplam/Bangladesh-UAV-PlantDisease/Test Dataset/Strong-Light Burn/TN-340.jpg,Strong-Light Burn,TN-340.jpg,4
fdb93e38d339b8a6a1a5bcd2a2fff623,/home/sparsh/Naplam/Bangladesh-UAV-PlantDisease/Training Dataset/Mixed/TN-642.jpg,Mixed,TN-642.jpg,2
dec79a408649667041e0fcb6d5d8dab8,/home/sparsh/Naplam/Bangladesh-UAV-PlantDisease/Training Dataset/Mixed/TN-2422.jpg,Mixed,TN-2422.jpg,2
102628865dec96fd9911d85625853255,/home/sparsh/Naplam/Bangladesh-UAV-PlantDisease/Test Dataset/Hail damages/TN-927.jpg,Hail damage,TN-927.jpg,1
56fa294934018c97802675aac57c7376,/home/sparsh/Naplam/Bangladesh-UAV-PlantDisease/Training Dataset/Hail damage/TN-536.jpg,Hail damage,TN-536.jpg,1
52841c5289f078a5c2bbc9114ddd4ffd,/home/sparsh/Naplam/Bangladesh-UAV-PlantDisease/Test Dataset/Hail damages/TN-2809.jpg,Hail damage,TN-2809.jpg,1
876a006842ad5cdc39d689ee11a554b5,/home/sparsh/Naplam/Bangladesh-UAV-PlantDisease/Training Dataset/Strong-Light Burn/TN-566.jpg,Strong-Light Burn,TN-566.jpg,4
66d366564eefe2f1a5bb8eba6ca49a21,/home/sparsh/Naplam/Bangladesh-UAV-PlantDisease/Training Dataset/Mixed/TN-1886.jpg,Mixed,TN-1886.jpg,2
d0519ab4ae24ea4470c1263a0fcc996c,/home/sparsh/Naplam/Bangladesh-UAV-PlantDisease/Training Dataset/Cotton Bollworm Infestation/TN-968.jpg,Cotton Bollworm Infestation,TN-968.jpg,0
8baa8ca96f89100a62d8b8b6e0dbde32,/home/sparsh/Naplam/Bangladesh-UAV-PlantDisease/Training Dataset/Mixed/TN-955.jpg,Mixed,TN-955.jpg,2
d245ca390609a50a7b7df5b199510307,/home/sparsh/Naplam/Bangladesh-UAV-PlantDisease/Training Dataset/Mixed/TN-895.jpg,Mixed,TN-895.jpg,2
bfa27dab477159d3407d2923dbf08689,/home/sparsh/Naplam/Bangladesh-UAV-PlantDisease/Training Dataset/Mixed/TN-2393.jpg,Mixed,TN-2393.jpg,2
8a0695c60136a052fbac8b091d140ded,/home/sparsh/Naplam/Bangladesh-UAV-PlantDisease/Test Dataset/Hail damages/TN-1108.jpg,Hail damage,TN-1108.jpg,1
963f558b0bc88a10ac28f3ad5c082096,/home/sparsh/Naplam/Bangladesh-UAV-PlantDisease/Training Dataset/Root Damage/TN-257.jpg,Root Damage,TN-257.jpg,3
9bd51163022de3287aea7262d1a0d7af,/home/sparsh/Naplam/Bangladesh-UAV-PlantDisease/Test Dataset/Root Damage/TN-100.jpg,Root Damage,TN-100.jpg,3
38920be440f24966dcf9c0f094571feb,/home/sparsh/Naplam/Bangladesh-UAV-PlantDisease/Training Dataset/Mixed/TN-101.jpg,Mixed,TN-101.jpg,2
d94f21aa2e5823a00a6c0a16f03cc5ca,/home/sparsh/Naplam/Bangladesh-UAV-PlantDisease/Training Dataset/Mixed/TN-1267.jpg,Mixed,TN-1267.jpg,2
f88929f93655a4e6860d447779991efe,/home/sparsh/Naplam/Bangladesh-UAV-PlantDisease/Training Dataset/Mixed/TN-2380.jpg,Mixed,TN-2380.jpg,2
218aa94ef4714c57e321d994dae2069b,/home/sparsh/Naplam/Bangladesh-UAV-PlantDisease/Test Dataset/Hail damages/TN-2319.jpg,Hail damage,TN-2319.jpg,1
3587738e12fc4bc0f21c4f86cc816d84,/home/sparsh/Naplam/Bangladesh-UAV-PlantDisease/Training Dataset/Hail damage/TN-412.jpg,Hail damage,TN-412.jpg,1
66e669c859f7b5df239df338b4195d64,/home/sparsh/Naplam/Bangladesh-UAV-PlantDisease/Training Dataset/Mixed/TN-612.jpg,Mixed,TN-612.jpg,2
60cdeedf10c611113850025a68123e17,/home/sparsh/Naplam/Bangladesh-UAV-PlantDisease/Test Dataset/Hail damages/TN-1297.jpg,Hail damage,TN-1297.jpg,1
d3a50c980cb8b2aa6ca6684d3eb6c739,/home/sparsh/Naplam/Bangladesh-UAV-PlantDisease/Training Dataset/Hail damage/TN-236.jpg,Hail damage,TN-236.jpg,1
95a17477ab07dbf3d11f1610b0e2711a,/home/sparsh/Naplam/Bangladesh-UAV-PlantDisease/Test Dataset/Hail damages/TN-2755.jpg,Hail damage,TN-2755.jpg,1
f5aff0442627b1adcdf71207ff043ae4,/home/sparsh/Naplam/Bangladesh-UAV-PlantDisease/Training Dataset/Mixed/TN-1761.jpg,Mixed,TN-1761.jpg,2
9981997eb4b1b58141c69249ba4018f8,/home/sparsh/Naplam/Bangladesh-UAV-PlantDisease/Test Dataset/Hail damages/TN-580.jpg,Hail damage,TN-580.jpg,1
1d6af2fee62ceb3dcd24a10df1e2bb18,/home/sparsh/Naplam/Bangladesh-UAV-PlantDisease/Training Dataset/Mixed/TN-1981.jpg,Mixed,TN-1981.jpg,2
7a21dc3ad90a1353763562cb997ea27f,/home/sparsh/Naplam/Bangladesh-UAV-PlantDisease/Test Dataset/Hail damages/TN-1266.jpg,Hail damage,TN-1266.jpg,1
58d5d595c064313ebb2bc1097b610520,/home/sparsh/Naplam/Bangladesh-UAV-PlantDisease/Training Dataset/Cotton Bollworm Infestation/TN-883.jpg,Cotton Bollworm Infestation,TN-883.jpg,0
8b2ecfeb45aa2dcdcc1b19f8d76222e2,/home/sparsh/Naplam/Bangladesh-UAV-PlantDisease/Test Dataset/Hail damages/TN-1614.jpg,Hail damage,TN-1614.jpg,1
c5d225bc8c1b8461efa8a81185d0a80c,/home/sparsh/Naplam/Bangladesh-UAV-PlantDisease/Test Dataset/Hail damages/TN-1560.jpg,Hail damage,TN-1560.jpg,1
c9fda00d191b61595972dfa4068a3562,/home/sparsh/Naplam/Bangladesh-UAV-PlantDisease/Training Dataset/Cotton Bollworm Infestation/TN-389.jpg,Cotton Bollworm Infestation,TN-389.jpg,0
4330561c4b374a8fa4cbea7acbc964ee,/home/sparsh/Naplam/Bangladesh-UAV-PlantDisease/Test Dataset/Hail damages/TN-2462.jpg,Hail damage,TN-2462.jpg,1
95337a65d13bf3d5c8a007cf8abbbe91,/home/sparsh/Naplam/Bangladesh-UAV-PlantDisease/Test Dataset/Hail damages/TN-2165.jpg,Hail damage,TN-2165.jpg,1
99a3bc3b47708157b73f38baa6cf9cbe,/home/sparsh/Naplam/Bangladesh-UAV-PlantDisease/Training Dataset/Mixed/TN-660.jpg,Mixed,TN-660.jpg,2
b55930c1b2673eb9cc024da34f519bd6,/home/sparsh/Naplam/Bangladesh-UAV-PlantDisease/Training Dataset/Strong-Light Burn/TN-140.jpg,Strong-Light Burn,TN-140.jpg,4
88e4f588c43d1574d80bfe2694748ddf,/home/sparsh/Naplam/Bangladesh-UAV-PlantDisease/Test Dataset/Hail damages/TN-725.jpg,Hail damage,TN-725.jpg,1
27619707839e0a0e830161c53371ef18,/home/sparsh/Naplam/Bangladesh-UAV-PlantDisease/Training Dataset/Mixed/TN-2362.jpg,Mixed,TN-2362.jpg,2
f4172f25775a0e3e7137a2dbb51df820,/home/sparsh/Naplam/Bangladesh-UAV-PlantDisease/Training Dataset/Mixed/TN-1437.jpg,Mixed,TN-1437.jpg,2
fd182daf176d4bbdeedd81d89ab3bb2a,/home/sparsh/Naplam/Bangladesh-UAV-PlantDisease/Training Dataset/Hail damage/TN-590.jpg,Hail damage,TN-590.jpg,1
80dfc4635f0c7450f387ca9214887ca5,/home/sparsh/Naplam/Bangladesh-UAV-PlantDisease/Training Dataset/Mixed/TN-1432.jpg,Mixed,TN-1432.jpg,2
569a7ab12def73aa272137a8ae688b1e,/home/sparsh/Naplam/Bangladesh-UAV-PlantDisease/Test Dataset/Hail damages/TN-1277.jpg,Hail damage,TN-1277.jpg,1
990ac163175feee9f9dfd857f5809365,/home/sparsh/Naplam/Bangladesh-UAV-PlantDisease/Training Dataset/Mixed/TN-710.jpg,Mixed,TN-710.jpg,2
78eec98823701c68d198c9cbcd989c48,/home/sparsh/Naplam/Bangladesh-UAV-PlantDisease/Training Dataset/Mixed/TN-1415.jpg,Mixed,TN-1415.jpg,2
c7774848b96fec70e6bdf915b2470f2e,/home/sparsh/Naplam/Bangladesh-UAV-PlantDisease/Test Dataset/Hail damages/TN-1876.jpg,Hail damage,TN-1876.jpg,1
d1c5f951767017349b4c56502b9c803b,/home/sparsh/Naplam/Bangladesh-UAV-PlantDisease/Test Dataset/Hail damages/TN-2860.jpg,Hail damage,TN-2860.jpg,1
baf58e709289becd14b76dbd349e2d18,/home/sparsh/Naplam/Bangladesh-UAV-PlantDisease/Training Dataset/Mixed/TN-1490.jpg,Mixed,TN-1490.jpg,2
c1cb5d9cae01e05e152b0f490e584ac8,/home/sparsh/Naplam/Bangladesh-UAV-PlantDisease/Training Dataset/Hail damage/TN-628.jpg,Hail damage,TN-628.jpg,1
81c13144b811dd29fadc73d07a31693a,/home/sparsh/Naplam/Bangladesh-UAV-PlantDisease/Training Dataset/Hail damage/TN-765.jpg,Hail damage,TN-765.jpg,1
5f08a1d297f6755d8cb317e4e43c6dca,/home/sparsh/Naplam/Bangladesh-UAV-PlantDisease/Training Dataset/Mixed/TN-1605.jpg,Mixed,TN-1605.jpg,2
5ea10fd82a5824a7be5e28e2e4f6d663,/home/sparsh/Naplam/Bangladesh-UAV-PlantDisease/Training Dataset/Mixed/TN-362.jpg,Mixed,TN-362.jpg,2
14229e08cf1c4c8b076b5b3e1f863094,/home/sparsh/Naplam/Bangladesh-UAV-PlantDisease/Test Dataset/Hail damages/TN-875.jpg,Hail damage,TN-875.jpg,1
635c2e7ef62ef561134bc0793dff02e0,/home/sparsh/Naplam/Bangladesh-UAV-PlantDisease/Test Dataset/Hail damages/TN-2033.jpg,Hail damage,TN-2033.jpg,1
630ca0ce382431d4e49c20e40f11842f,/home/sparsh/Naplam/Bangladesh-UAV-PlantDisease/Test Dataset/Hail damages/TN-2965.jpg,Hail damage,TN-2965.jpg,1
2e03b94f414e9f0b4001e4892a059ae4,/home/sparsh/Naplam/Bangladesh-UAV-PlantDisease/Test Dataset/Hail damages/TN-604.jpg,Hail damage,TN-604.jpg,1
cb0405592e36092fcc4b9f5d243fdd4b,/home/sparsh/Naplam/Bangladesh-UAV-PlantDisease/Test Dataset/Hail damages/TN-730.jpg,Hail damage,TN-730.jpg,1
4ad44ca3206b1261bb0cf9c8552f572a,/home/sparsh/Naplam/Bangladesh-UAV-PlantDisease/Training Dataset/Hail damage/TN-418.jpg,Hail damage,TN-418.jpg,1
a5df23d7ab777099a43cb5f27b714bff,/home/sparsh/Naplam/Bangladesh-UAV-PlantDisease/Training Dataset/Strong-Light Burn/TN-560.jpg,Strong-Light Burn,TN-560.jpg,4
b83dc9473c010ba198c4f59374c74430,/home/sparsh/Naplam/Bangladesh-UAV-PlantDisease/Training Dataset/Mixed/TN-84.jpg,Mixed,TN-84.jpg,2
458fa3b1bfc93bb3b37bc87c6b630e75,/home/sparsh/Naplam/Bangladesh-UAV-PlantDisease/Training Dataset/Mixed/TN-2167.jpg,Mixed,TN-2167.jpg,2
2c884161d4c195e9fed3bd2ff1078d1e,/home/sparsh/Naplam/Bangladesh-UAV-PlantDisease/Training Dataset/Cotton Bollworm Infestation/TN-876.jpg,Cotton Bollworm Infestation,TN-876.jpg,0
a29bf230e29b89243a1b94dae3c0c769,/home/sparsh/Naplam/Bangladesh-UAV-PlantDisease/Training Dataset/Mixed/TN-506.jpg,Mixed,TN-506.jpg,2
463eb427d8c5ad0f068779fee4f09444,/home/sparsh/Naplam/Bangladesh-UAV-PlantDisease/Test Dataset/Hail damages/TN-2006.jpg,Hail damage,TN-2006.jpg,1
3aa85ca9b26bf9d3c4d6b1ed38b71135,/home/sparsh/Naplam/Bangladesh-UAV-PlantDisease/Training Dataset/Root Damage/TN-831.jpg,Root Damage,TN-831.jpg,3
bf1c527c045abcfd4c61fcff6bc9e51c,/home/sparsh/Naplam/Bangladesh-UAV-PlantDisease/Test Dataset/Hail damages/TN-2005.jpg,Hail damage,TN-2005.jpg,1
cce805410c4df5dce904c73dad14726d,/home/sparsh/Naplam/Bangladesh-UAV-PlantDisease/Training Dataset/Mixed/TN-136.jpg,Mixed,TN-136.jpg,2
e96d6b00b960525dd299e995d926ad42,/home/sparsh/Naplam/Bangladesh-UAV-PlantDisease/Training Dataset/Strong-Light Burn/TN-365.jpg,Strong-Light Burn,TN-365.jpg,4
e3a520f8591a153829f8fdb05403b0c1,/home/sparsh/Naplam/Bangladesh-UAV-PlantDisease/Training Dataset/Mixed/TN-767.jpg,Mixed,TN-767.jpg,2
da2945a3ff5e3693bcf6d616eee9884a,/home/sparsh/Naplam/Bangladesh-UAV-PlantDisease/Training Dataset/Mixed/TN-1447.jpg,Mixed,TN-1447.jpg,2
1da8b723fdea54766b5e65b413375407,/home/sparsh/Naplam/Bangladesh-UAV-PlantDisease/Test Dataset/Hail damages/TN-2437.jpg,Hail damage,TN-2437.jpg,1
c995813d82b3e85e8ba28c32f6049958,/home/sparsh/Naplam/Bangladesh-UAV-PlantDisease/Training Dataset/Strong-Light Burn/TN-123.jpg,Strong-Light Burn,TN-123.jpg,4
06dc1d3f397d69d224dc9949f3e506ff,/home/sparsh/Naplam/Bangladesh-UAV-PlantDisease/Training Dataset/Mixed/TN-842.jpg,Mixed,TN-842.jpg,2
a34fb992c9bd004959a5c2b758801947,/home/sparsh/Naplam/Bangladesh-UAV-PlantDisease/Training Dataset/Mixed/TN-879.jpg,Mixed,TN-879.jpg,2
bd4c9097cba00aba12abb755d3d88fec,/home/sparsh/Naplam/Bangladesh-UAV-PlantDisease/Training Dataset/Cotton Bollworm Infestation/TN-988.jpg,Cotton Bollworm Infestation,TN-988.jpg,0
9bae8074d7a7909300ff8ca729b68f35,/home/sparsh/Naplam/Bangladesh-UAV-PlantDisease/Test Dataset/Hail damages/TN-2082.jpg,Hail damage,TN-2082.jpg,1
ea9add53e24794f37cc1e51138e17207,/home/sparsh/Naplam/Bangladesh-UAV-PlantDisease/Training Dataset/Root Damage/TN-572.jpg,Root Damage,TN-572.jpg,3
e3db7fe39d4a0258dcf31ef1b3b1827c,/home/sparsh/Naplam/Bangladesh-UAV-PlantDisease/Training Dataset/Root Damage/TN-524.jpg,Root Damage,TN-524.jpg,3
47040549288fdcd6445fb770b8b5d1d4,/home/sparsh/Naplam/Bangladesh-UAV-PlantDisease/Training Dataset/Root Damage/TN-587.jpg,Root Damage,TN-587.jpg,3
5fb799be685a5c7efae1d7f8f31b4b4a,/home/sparsh/Naplam/Bangladesh-UAV-PlantDisease/Training Dataset/Mixed/TN-1846.jpg,Mixed,TN-1846.jpg,2
f8b523c1404f8baafcf0de5045d46ae0,/home/sparsh/Naplam/Bangladesh-UAV-PlantDisease/Test Dataset/Hail damages/TN-2738.jpg,Hail damage,TN-2738.jpg,1
139a04b7cbfe15a6461cb3c20beb5565,/home/sparsh/Naplam/Bangladesh-UAV-PlantDisease/Test Dataset/Hail damages/TN-1937.jpg,Hail damage,TN-1937.jpg,1
6a67fbb10d1f3722ac4b45b1f0893683,/home/sparsh/Naplam/Bangladesh-UAV-PlantDisease/Training Dataset/Mixed/TN-1200.jpg,Mixed,TN-1200.jpg,2
a80f14b37b30f04225b571835d19b1cb,/home/sparsh/Naplam/Bangladesh-UAV-PlantDisease/Training Dataset/Mixed/TN-857.jpg,Mixed,TN-857.jpg,2
bea2d28e67d58ff0a79c79619be836a2,/home/sparsh/Naplam/Bangladesh-UAV-PlantDisease/Test Dataset/Strong-Light Burn/TN-213.jpg,Strong-Light Burn,TN-213.jpg,4
6e38ffd5b769d7aaf262c4bdab42ab08,/home/sparsh/Naplam/Bangladesh-UAV-PlantDisease/Training Dataset/Mixed/TN-1093.jpg,Mixed,TN-1093.jpg,2
2904514953517f4cee9df13a8e74c803,/home/sparsh/Naplam/Bangladesh-UAV-PlantDisease/Test Dataset/Hail damages/TN-1388.jpg,Hail damage,TN-1388.jpg,1
c3b1646f6692dfddefb42ea44b85a41e,/home/sparsh/Naplam/Bangladesh-UAV-PlantDisease/Training Dataset/Strong-Light Burn/TN-393.jpg,Strong-Light Burn,TN-393.jpg,4
aedca69f3edb47773d67031b49a50afa,/home/sparsh/Naplam/Bangladesh-UAV-PlantDisease/Training Dataset/Strong-Light Burn/TN-377.jpg,Strong-Light Burn,TN-377.jpg,4
27533d90b4bd3b1702e8bcff066dafe9,/home/sparsh/Naplam/Bangladesh-UAV-PlantDisease/Test Dataset/Hail damages/TN-950.jpg,Hail damage,TN-950.jpg,1
d61191b05538e908bb1b222c5a022fda,/home/sparsh/Naplam/Bangladesh-UAV-PlantDisease/Test Dataset/Hail damages/TN-1048.jpg,Hail damage,TN-1048.jpg,1
e49cf000795acbf675b201e6de8d7b5b,/home/sparsh/Naplam/Bangladesh-UAV-PlantDisease/Training Dataset/Cotton Bollworm Infestation/TN-21.jpg,Cotton Bollworm Infestation,TN-21.jpg,0
b716f0079c0b564aaadec2fc4c20c58f,/home/sparsh/Naplam/Bangladesh-UAV-PlantDisease/Test Dataset/Hail damages/TN-2915.jpg,Hail damage,TN-2915.jpg,1
327d98f8c3b5a01f06e8f828ffa09828,/home/sparsh/Naplam/Bangladesh-UAV-PlantDisease/Test Dataset/Mixed/TN-120.jpg,Mixed,TN-120.jpg,2
2a610d310479507c3ce9b6b5fec1c5f6,/home/sparsh/Naplam/Bangladesh-UAV-PlantDisease/Test Dataset/Hail damages/TN-1541.jpg,Hail damage,TN-1541.jpg,1
bd8b257ea227019184bb9d1e0e5cab80,/home/sparsh/Naplam/Bangladesh-UAV-PlantDisease/Training Dataset/Hail damage/TN-206.jpg,Hail damage,TN-206.jpg,1
f78dadd24f0227211485b6dc00f142d9,/home/sparsh/Naplam/Bangladesh-UAV-PlantDisease/Test Dataset/Hail damages/TN-1695.jpg,Hail damage,TN-1695.jpg,1
ec8f807c3e7fc9383f0b9c069323ceff,/home/sparsh/Naplam/Bangladesh-UAV-PlantDisease/Training Dataset/Cotton Bollworm Infestation/TN-287.jpg,Cotton Bollworm Infestation,TN-287.jpg,0
d28966a6fb53d7a6e30c05c5879906bd,/home/sparsh/Naplam/Bangladesh-UAV-PlantDisease/Training Dataset/Root Damage/TN-259.jpg,Root Damage,TN-259.jpg,3
dc8c8343d6d9680f366382029261f90b,/home/sparsh/Naplam/Bangladesh-UAV-PlantDisease/Test Dataset/Hail damages/TN-1069.jpg,Hail damage,TN-1069.jpg,1
afaa81eb9fb7a2c6ab42027ad8d14eac,/home/sparsh/Naplam/Bangladesh-UAV-PlantDisease/Test Dataset/Hail damages/TN-1123.jpg,Hail damage,TN-1123.jpg,1
1d036a843dd89ed6e478285a6e8a3e89,/home/sparsh/Naplam/Bangladesh-UAV-PlantDisease/Training Dataset/Mixed/TN-892.jpg,Mixed,TN-892.jpg,2
958a948645bb3743b6485bac0ca82617,/home/sparsh/Naplam/Bangladesh-UAV-PlantDisease/Test Dataset/Hail damages/TN-2380.jpg,Hail damage,TN-2380.jpg,1
402db28cdffcf87ba6aa40219855c7c8,/home/sparsh/Naplam/Bangladesh-UAV-PlantDisease/Training Dataset/Mixed/TN-129.jpg,Mixed,TN-129.jpg,2
773a5824cbed0da56f31129e29b5b7b4,/home/sparsh/Naplam/Bangladesh-UAV-PlantDisease/Test Dataset/Hail damages/TN-1669.jpg,Hail damage,TN-1669.jpg,1
117404068610df41982bbe7057718ffd,/home/sparsh/Naplam/Bangladesh-UAV-PlantDisease/Training Dataset/Hail damage/TN-704.jpg,Hail damage,TN-704.jpg,1
b00b2fd3111c7cc564cba8eb060a3664,/home/sparsh/Naplam/Bangladesh-UAV-PlantDisease/Test Dataset/Hail damages/TN-2355.jpg,Hail damage,TN-2355.jpg,1
7b0a54daa03bc40a17c757190bad5544,/home/sparsh/Naplam/Bangladesh-UAV-PlantDisease/Training Dataset/Root Damage/TN-180.jpg,Root Damage,TN-180.jpg,3
e9e1d00f0560ab53d60d754d4809e682,/home/sparsh/Naplam/Bangladesh-UAV-PlantDisease/Training Dataset/Root Damage/TN-464.jpg,Root Damage,TN-464.jpg,3
f43837fdafde757249ef2ec471a17318,/home/sparsh/Naplam/Bangladesh-UAV-PlantDisease/Test Dataset/Mixed/TN-450.jpg,Mixed,TN-450.jpg,2
2509f83d5ef92ebe87cfeaed70ebf02c,/home/sparsh/Naplam/Bangladesh-UAV-PlantDisease/Training Dataset/Cotton Bollworm Infestation/TN-167.jpg,Cotton Bollworm Infestation,TN-167.jpg,0
6202b216933240fbf55a62327a277137,/home/sparsh/Naplam/Bangladesh-UAV-PlantDisease/Test Dataset/Hail damages/TN-2775.jpg,Hail damage,TN-2775.jpg,1
ab5f000f301de1c39243ff30c16ad801,/home/sparsh/Naplam/Bangladesh-UAV-PlantDisease/Training Dataset/Root Damage/TN-602.jpg,Root Damage,TN-602.jpg,3
1858b34b3157ccdd15f12d4f72b9767f,/home/sparsh/Naplam/Bangladesh-UAV-PlantDisease/Training Dataset/Hail damage/TN-382.jpg,Hail damage,TN-382.jpg,1
2a1caf85d3e04f117645f5daa781fd72,/home/sparsh/Naplam/Bangladesh-UAV-PlantDisease/Training Dataset/Mixed/TN-1115.jpg,Mixed,TN-1115.jpg,2
5d07b8a0eda36f2ba72d509aba5882bd,/home/sparsh/Naplam/Bangladesh-UAV-PlantDisease/Test Dataset/Hail damages/TN-825.jpg,Hail damage,TN-825.jpg,1
92ca28c35d11402b7c138806fc2990b0,/home/sparsh/Naplam/Bangladesh-UAV-PlantDisease/Training Dataset/Root Damage/TN-340.jpg,Root Damage,TN-340.jpg,3
c3982b4f2d9b489411f0502aa69d6430,/home/sparsh/Naplam/Bangladesh-UAV-PlantDisease/Training Dataset/Hail damage/TN-156.jpg,Hail damage,TN-156.jpg,1
483a203d5191ef3545f7f99e1d2a64d8,/home/sparsh/Naplam/Bangladesh-UAV-PlantDisease/Test Dataset/Mixed/TN-123.jpg,Mixed,TN-123.jpg,2
e8825c98a20232ba1a7c46902dc06a8e,/home/sparsh/Naplam/Bangladesh-UAV-PlantDisease/Training Dataset/Cotton Bollworm Infestation/TN-443.jpg,Cotton Bollworm Infestation,TN-443.jpg,0
a250e81361be7401eb512d595b81ec9e,/home/sparsh/Naplam/Bangladesh-UAV-PlantDisease/Training Dataset/Cotton Bollworm Infestation/TN-81.jpg,Cotton Bollworm Infestation,TN-81.jpg,0
2d98b10c7bdc7c14648e91fc9dd849cb,/home/sparsh/Naplam/Bangladesh-UAV-PlantDisease/Training Dataset/Cotton Bollworm Infestation/TN-604.jpg,Cotton Bollworm Infestation,TN-604.jpg,0
c93159e70eaaa70ad0f17d383baf3788,/home/sparsh/Naplam/Bangladesh-UAV-PlantDisease/Training Dataset/Mixed/TN-2011.jpg,Mixed,TN-2011.jpg,2
c781b9ddf77b9ca668e6d258e599c862,/home/sparsh/Naplam/Bangladesh-UAV-PlantDisease/Training Dataset/Cotton Bollworm Infestation/TN-715.jpg,Cotton Bollworm Infestation,TN-715.jpg,0
3d325783b024cd34ff17eae0b3476732,/home/sparsh/Naplam/Bangladesh-UAV-PlantDisease/Training Dataset/Cotton Bollworm Infestation/TN-628.jpg,Cotton Bollworm Infestation,TN-628.jpg,0
d5341e1c6ce73dfee3f4a2d32a3a4ec5,/home/sparsh/Naplam/Bangladesh-UAV-PlantDisease/Test Dataset/Hail damages/TN-2435.jpg,Hail damage,TN-2435.jpg,1
f5d16d94b7514354703eef1856989045,/home/sparsh/Naplam/Bangladesh-UAV-PlantDisease/Training Dataset/Mixed/TN-1188.jpg,Mixed,TN-1188.jpg,2
f86a13dfb80e792cad1ce955fe53dc2e,/home/sparsh/Naplam/Bangladesh-UAV-PlantDisease/Training Dataset/Root Damage/TN-429.jpg,Root Damage,TN-429.jpg,3
949f8fab8c8aca93a6b00697b573822a,/home/sparsh/Naplam/Bangladesh-UAV-PlantDisease/Test Dataset/Hail damages/TN-2871.jpg,Hail damage,TN-2871.jpg,1
96bf7ecdb4dfea3347a4b00e89db4840,/home/sparsh/Naplam/Bangladesh-UAV-PlantDisease/Training Dataset/Mixed/TN-160.jpg,Mixed,TN-160.jpg,2
246c017ec8dda18fa532dea5d5ccd7a6,/home/sparsh/Naplam/Bangladesh-UAV-PlantDisease/Training Dataset/Cotton Bollworm Infestation/TN-15.jpg,Cotton Bollworm Infestation,TN-15.jpg,0
f7706b2065e4e9a93b4f15730e727b0b,/home/sparsh/Naplam/Bangladesh-UAV-PlantDisease/Test Dataset/Hail damages/TN-665.jpg,Hail damage,TN-665.jpg,1
c182c0fdc5e9bcfd50e8136af65f6d07,/home/sparsh/Naplam/Bangladesh-UAV-PlantDisease/Training Dataset/Mixed/TN-1452.jpg,Mixed,TN-1452.jpg,2
53286fc341c01550eb484bc9bca4076b,/home/sparsh/Naplam/Bangladesh-UAV-PlantDisease/Training Dataset/Mixed/TN-1132.jpg,Mixed,TN-1132.jpg,2
db81265b6bf031e994a4361a32d6bae0,/home/sparsh/Naplam/Bangladesh-UAV-PlantDisease/Test Dataset/Hail damages/TN-1319.jpg,Hail damage,TN-1319.jpg,1
ca1c35882dd682949d027bef65788486,/home/sparsh/Naplam/Bangladesh-UAV-PlantDisease/Training Dataset/Mixed/TN-1070.jpg,Mixed,TN-1070.jpg,2
843c85634f1dafd2b066133478b1f1f3,/home/sparsh/Naplam/Bangladesh-UAV-PlantDisease/Training Dataset/Mixed/TN-76.jpg,Mixed,TN-76.jpg,2
0cc2d36e4e3d0e1f6e2ed3697d2709cc,/home/sparsh/Naplam/Bangladesh-UAV-PlantDisease/Test Dataset/Hail damages/TN-2297.jpg,Hail damage,TN-2297.jpg,1
c64368ccc359eb5e9bf42082b200f857,/home/sparsh/Naplam/Bangladesh-UAV-PlantDisease/Test Dataset/Hail damages/TN-340.jpg,Hail damage,TN-340.jpg,1
31c1aafcd59842fadcb3871bd7fd0991,/home/sparsh/Naplam/Bangladesh-UAV-PlantDisease/Training Dataset/Strong-Light Burn/TN-178.jpg,Strong-Light Burn,TN-178.jpg,4
0c06062d09b32a6f63e02ab74863c8d6,/home/sparsh/Naplam/Bangladesh-UAV-PlantDisease/Test Dataset/Hail damages/TN-1137.jpg,Hail damage,TN-1137.jpg,1
1f13c5de083908b03b024e5c98bc60b2,/home/sparsh/Naplam/Bangladesh-UAV-PlantDisease/Training Dataset/Mixed/TN-1060.jpg,Mixed,TN-1060.jpg,2
d892b5da1d8a8402ee57e7a42d48f457,/home/sparsh/Naplam/Bangladesh-UAV-PlantDisease/Training Dataset/Root Damage/TN-75.jpg,Root Damage,TN-75.jpg,3
88741442fa141537efca579c705c3c70,/home/sparsh/Naplam/Bangladesh-UAV-PlantDisease/Test Dataset/Hail damages/TN-1739.jpg,Hail damage,TN-1739.jpg,1
e90761c893c660567c1b21285e9c7c87,/home/sparsh/Naplam/Bangladesh-UAV-PlantDisease/Training Dataset/Mixed/TN-1954.jpg,Mixed,TN-1954.jpg,2
f2cf2016d33cd78a6d0cab9e546704a1,/home/sparsh/Naplam/Bangladesh-UAV-PlantDisease/Training Dataset/Mixed/TN-750.jpg,Mixed,TN-750.jpg,2
ad6d74a9fba4f699359e3450002c747e,/home/sparsh/Naplam/Bangladesh-UAV-PlantDisease/Training Dataset/Strong-Light Burn/TN-523.jpg,Strong-Light Burn,TN-523.jpg,4
700e19742a2400924c431c0c064a80e6,/home/sparsh/Naplam/Bangladesh-UAV-PlantDisease/Test Dataset/Hail damages/TN-2866.jpg,Hail damage,TN-2866.jpg,1
6353d29db56a9ebeadedcf96fb328591,/home/sparsh/Naplam/Bangladesh-UAV-PlantDisease/Test Dataset/Hail damages/TN-677.jpg,Hail damage,TN-677.jpg,1
a1ba9cc060abb71fd075892507325bbb,/home/sparsh/Naplam/Bangladesh-UAV-PlantDisease/Training Dataset/Mixed/TN-1759.jpg,Mixed,TN-1759.jpg,2
50c41cb40ca9cbc8285770a8bbe9165e,/home/sparsh/Naplam/Bangladesh-UAV-PlantDisease/Training Dataset/Hail damage/TN-481.jpg,Hail damage,TN-481.jpg,1
e8120ccf8df63f832669bf62e39861cf,/home/sparsh/Naplam/Bangladesh-UAV-PlantDisease/Training Dataset/Mixed/TN-839.jpg,Mixed,TN-839.jpg,2
24ca65769c1fd925be21cabaf68c576d,/home/sparsh/Naplam/Bangladesh-UAV-PlantDisease/Training Dataset/Strong-Light Burn/TN-65.jpg,Strong-Light Burn,TN-65.jpg,4
9fb27f451d8730f58cfc73ca06c52bc0,/home/sparsh/Naplam/Bangladesh-UAV-PlantDisease/Training Dataset/Hail damage/TN-336.jpg,Hail damage,TN-336.jpg,1
104538e88a6fa38dffa1d07081399d65,/home/sparsh/Naplam/Bangladesh-UAV-PlantDisease/Training Dataset/Mixed/TN-1450.jpg,Mixed,TN-1450.jpg,2
be2797407b067dcf84e6f391d6b011a9,/home/sparsh/Naplam/Bangladesh-UAV-PlantDisease/Training Dataset/Hail damage/TN-237.jpg,Hail damage,TN-237.jpg,1
7b7fd70abb368e9f4cfb472d77005161,/home/sparsh/Naplam/Bangladesh-UAV-PlantDisease/Training Dataset/Mixed/TN-1004.jpg,Mixed,TN-1004.jpg,2
44569ec4d1dfcfaf69794e9a98bb4e76,/home/sparsh/Naplam/Bangladesh-UAV-PlantDisease/Test Dataset/Hail damages/TN-2598.jpg,Hail damage,TN-2598.jpg,1
e7f7140e6a7facf98fcf9d8b0d50705a,/home/sparsh/Naplam/Bangladesh-UAV-PlantDisease/Training Dataset/Hail damage/TN-219.jpg,Hail damage,TN-219.jpg,1
109da020f7364cd77f25527cd3b41e1b,/home/sparsh/Naplam/Bangladesh-UAV-PlantDisease/Training Dataset/Strong-Light Burn/TN-239.jpg,Strong-Light Burn,TN-239.jpg,4
adb22c26c10d5692e5a734d63fc3cb82,/home/sparsh/Naplam/Bangladesh-UAV-PlantDisease/Training Dataset/Cotton Bollworm Infestation/TN-92.jpg,Cotton Bollworm Infestation,TN-92.jpg,0
20b7fe77e3ec497306f3f8c82f4335a8,/home/sparsh/Naplam/Bangladesh-UAV-PlantDisease/Training Dataset/Cotton Bollworm Infestation/TN-523.jpg,Cotton Bollworm Infestation,TN-523.jpg,0
8c4f03d5e37167d2b3f982aff12e43fe,/home/sparsh/Naplam/Bangladesh-UAV-PlantDisease/Test Dataset/Hail damages/TN-392.jpg,Hail damage,TN-392.jpg,1
0a968481a1b98595fa37ff0cb8bdf658,/home/sparsh/Naplam/Bangladesh-UAV-PlantDisease/Training Dataset/Mixed/TN-519.jpg,Mixed,TN-519.jpg,2
78aa6d97d760f041cdad40243ba89c81,/home/sparsh/Naplam/Bangladesh-UAV-PlantDisease/Training Dataset/Mixed/TN-444.jpg,Mixed,TN-444.jpg,2
35f4e8d30607e79e0db3c967d8040f66,/home/sparsh/Naplam/Bangladesh-UAV-PlantDisease/Training Dataset/Root Damage/TN-782.jpg,Root Damage,TN-782.jpg,3
8544da01accec32eaf5b572c78c3defb,/home/sparsh/Naplam/Bangladesh-UAV-PlantDisease/Training Dataset/Cotton Bollworm Infestation/TN-1031.jpg,Cotton Bollworm Infestation,TN-1031.jpg,0
062aa33508a1900eda5cdd9843675122,/home/sparsh/Naplam/Bangladesh-UAV-PlantDisease/Test Dataset/Hail damages/TN-433.jpg,Hail damage,TN-433.jpg,1
cb7bc61e7479f106df83569980a02680,/home/sparsh/Naplam/Bangladesh-UAV-PlantDisease/Training Dataset/Hail damage/TN-760.jpg,Hail damage,TN-760.jpg,1
b329385f657f6d776cec1efb3e1d7fa8,/home/sparsh/Naplam/Bangladesh-UAV-PlantDisease/Test Dataset/Strong-Light Burn/TN-13.jpg,Strong-Light Burn,TN-13.jpg,4
d5c163a449a98410bc8578836fb7c4c7,/home/sparsh/Naplam/Bangladesh-UAV-PlantDisease/Training Dataset/Root Damage/TN-61.jpg,Root Damage,TN-61.jpg,3
96def6ad77cdb63f17a00f4a7a86bdfb,/home/sparsh/Naplam/Bangladesh-UAV-PlantDisease/Test Dataset/Hail damages/TN-2295.jpg,Hail damage,TN-2295.jpg,1
fbac785864493f27699e046b1e35735e,/home/sparsh/Naplam/Bangladesh-UAV-PlantDisease/Training Dataset/Root Damage/TN-351.jpg,Root Damage,TN-351.jpg,3
bd14516025d1c1421f3327caa4ea81ec,/home/sparsh/Naplam/Bangladesh-UAV-PlantDisease/Training Dataset/Mixed/TN-2063.jpg,Mixed,TN-2063.jpg,2
fe9906809e8246f4a8351b5589dc6489,/home/sparsh/Naplam/Bangladesh-UAV-PlantDisease/Training Dataset/Root Damage/TN-812.jpg,Root Damage,TN-812.jpg,3
10aa03dd961e753c74a26a5a75453791,/home/sparsh/Naplam/Bangladesh-UAV-PlantDisease/Training Dataset/Mixed/TN-467.jpg,Mixed,TN-467.jpg,2
e5c99486a50ea3d95ee240a428b08a87,/home/sparsh/Naplam/Bangladesh-UAV-PlantDisease/Training Dataset/Root Damage/TN-504.jpg,Root Damage,TN-504.jpg,3
d1f8c75693dad1a6dfce103d7b4094d8,/home/sparsh/Naplam/Bangladesh-UAV-PlantDisease/Training Dataset/Mixed/TN-1261.jpg,Mixed,TN-1261.jpg,2
c6567aaaa71b8701379e7049793173d0,/home/sparsh/Naplam/Bangladesh-UAV-PlantDisease/Training Dataset/Hail damage/TN-371.jpg,Hail damage,TN-371.jpg,1
c90842b2341ad8506ddca6f1556e02f0,/home/sparsh/Naplam/Bangladesh-UAV-PlantDisease/Test Dataset/Hail damages/TN-1678.jpg,Hail damage,TN-1678.jpg,1
c1aa875e4dce1f3c03608426aa4e62b0,/home/sparsh/Naplam/Bangladesh-UAV-PlantDisease/Test Dataset/Root Damage/TN-244.jpg,Root Damage,TN-244.jpg,3
28c011074ba22798ceadadde562414b6,/home/sparsh/Naplam/Bangladesh-UAV-PlantDisease/Training Dataset/Cotton Bollworm Infestation/TN-908.jpg,Cotton Bollworm Infestation,TN-908.jpg,0
ab41f101fdaff892092e03e68952c44e,/home/sparsh/Naplam/Bangladesh-UAV-PlantDisease/Training Dataset/Mixed/TN-1840.jpg,Mixed,TN-1840.jpg,2
68c7c4568a030afd14aa09824f4dfe03,/home/sparsh/Naplam/Bangladesh-UAV-PlantDisease/Test Dataset/Hail damages/TN-525.jpg,Hail damage,TN-525.jpg,1
44d7cb44ac34985da535f8eb619fcb71,/home/sparsh/Naplam/Bangladesh-UAV-PlantDisease/Training Dataset/Mixed/TN-1592.jpg,Mixed,TN-1592.jpg,2
dd1d3624ba23cf45c44df4264ea4a71d,/home/sparsh/Naplam/Bangladesh-UAV-PlantDisease/Training Dataset/Root Damage/TN-70.jpg,Root Damage,TN-70.jpg,3
fdcafce069d7d3dcd777652798b1c152,/home/sparsh/Naplam/Bangladesh-UAV-PlantDisease/Training Dataset/Cotton Bollworm Infestation/TN-572.jpg,Cotton Bollworm Infestation,TN-572.jpg,0
6918ebaa414c914b4155d3642b1a8a04,/home/sparsh/Naplam/Bangladesh-UAV-PlantDisease/Training Dataset/Cotton Bollworm Infestation/TN-677.jpg,Cotton Bollworm Infestation,TN-677.jpg,0
633f144c08755379d7933fbc21800614,/home/sparsh/Naplam/Bangladesh-UAV-PlantDisease/Training Dataset/Cotton Bollworm Infestation/TN-888.jpg,Cotton Bollworm Infestation,TN-888.jpg,0
79f1bbfff5da8c98824089b38d12769b,/home/sparsh/Naplam/Bangladesh-UAV-PlantDisease/Training Dataset/Cotton Bollworm Infestation/TN-785.jpg,Cotton Bollworm Infestation,TN-785.jpg,0
f2487714d0dbbd1c39fc8b4c7683e2c5,/home/sparsh/Naplam/Bangladesh-UAV-PlantDisease/Training Dataset/Mixed/TN-1409.jpg,Mixed,TN-1409.jpg,2
4804a92382b507c58aa27132f17adbd0,/home/sparsh/Naplam/Bangladesh-UAV-PlantDisease/Test Dataset/Hail damages/TN-2198.jpg,Hail damage,TN-2198.jpg,1
9c46be0a4859f1877caf52528eb75981,/home/sparsh/Naplam/Bangladesh-UAV-PlantDisease/Test Dataset/Hail damages/TN-90.jpg,Hail damage,TN-90.jpg,1
1262f706df8333c1ffe7591c9f1c2ef1,/home/sparsh/Naplam/Bangladesh-UAV-PlantDisease/Training Dataset/Root Damage/TN-205.jpg,Root Damage,TN-205.jpg,3
80286adc5e449ed7851c25179609c696,/home/sparsh/Naplam/Bangladesh-UAV-PlantDisease/Training Dataset/Mixed/TN-2153.jpg,Mixed,TN-2153.jpg,2
02ffc3dc8406dbd5274ae5099b94e910,/home/sparsh/Naplam/Bangladesh-UAV-PlantDisease/Training Dataset/Mixed/TN-2346.jpg,Mixed,TN-2346.jpg,2
dd7baf77e726d8d7382a54fae3f4cd57,/home/sparsh/Naplam/Bangladesh-UAV-PlantDisease/Training Dataset/Mixed/TN-1173.jpg,Mixed,TN-1173.jpg,2
8a209814f3a0b855a4ec0027dd1e7743,/home/sparsh/Naplam/Bangladesh-UAV-PlantDisease/Training Dataset/Mixed/TN-1987.jpg,Mixed,TN-1987.jpg,2
669e1464af3c3cf0d19ec575ebb79003,/home/sparsh/Naplam/Bangladesh-UAV-PlantDisease/Test Dataset/Hail damages/TN-1928.jpg,Hail damage,TN-1928.jpg,1
1c85a30c42f57faf2fd3b8ccdff0b403,/home/sparsh/Naplam/Bangladesh-UAV-PlantDisease/Test Dataset/Hail damages/TN-1855.jpg,Hail damage,TN-1855.jpg,1
16dfdc29fb53a9551c27df29b68ba84e,/home/sparsh/Naplam/Bangladesh-UAV-PlantDisease/Test Dataset/Hail damages/TN-1372.jpg,Hail damage,TN-1372.jpg,1
4c39c36afefb4252fde8eb461c0246c9,/home/sparsh/Naplam/Bangladesh-UAV-PlantDisease/Training Dataset/Hail damage/TN-478.jpg,Hail damage,TN-478.jpg,1
21d5c3343909e01b7537c7ce3e25c266,/home/sparsh/Naplam/Bangladesh-UAV-PlantDisease/Test Dataset/Hail damages/TN-2685.jpg,Hail damage,TN-2685.jpg,1
e2c14403f7aa4f99059e702700f36cdc,/home/sparsh/Naplam/Bangladesh-UAV-PlantDisease/Training Dataset/Root Damage/TN-74.jpg,Root Damage,TN-74.jpg,3
375db74bb711bb107472e0b7464a3f5c,/home/sparsh/Naplam/Bangladesh-UAV-PlantDisease/Training Dataset/Mixed/TN-1671.jpg,Mixed,TN-1671.jpg,2
09f464bbef99fa3a87162f31aa328100,/home/sparsh/Naplam/Bangladesh-UAV-PlantDisease/Training Dataset/Hail damage/TN-353.jpg,Hail damage,TN-353.jpg,1
034e294d24e2761e4011acdcfabe27e6,/home/sparsh/Naplam/Bangladesh-UAV-PlantDisease/Training Dataset/Cotton Bollworm Infestation/TN-9.jpg,Cotton Bollworm Infestation,TN-9.jpg,0
9073415082277f02768e54c31ddddc9d,/home/sparsh/Naplam/Bangladesh-UAV-PlantDisease/Training Dataset/Mixed/TN-573.jpg,Mixed,TN-573.jpg,2
3be12f63a95d963e7b80c7aa527c06ff,/home/sparsh/Naplam/Bangladesh-UAV-PlantDisease/Test Dataset/Mixed/TN-290.jpg,Mixed,TN-290.jpg,2
7bc6a63870f05b10a8a86a8b90ca7104,/home/sparsh/Naplam/Bangladesh-UAV-PlantDisease/Training Dataset/Mixed/TN-1341.jpg,Mixed,TN-1341.jpg,2
7a67989ddbccbe4c4ba040b5682b5b21,/home/sparsh/Naplam/Bangladesh-UAV-PlantDisease/Training Dataset/Hail damage/TN-368.jpg,Hail damage,TN-368.jpg,1
590d48d88ec277fa8e8669dd18468c42,/home/sparsh/Naplam/Bangladesh-UAV-PlantDisease/Training Dataset/Cotton Bollworm Infestation/TN-24.jpg,Cotton Bollworm Infestation,TN-24.jpg,0
8783b38bc4c2ec341263047fad45a082,/home/sparsh/Naplam/Bangladesh-UAV-PlantDisease/Training Dataset/Mixed/TN-2129.jpg,Mixed,TN-2129.jpg,2
5fbc000cc3bd0fd1f9e7245a35b8e307,/home/sparsh/Naplam/Bangladesh-UAV-PlantDisease/Training Dataset/Cotton Bollworm Infestation/TN-611.jpg,Cotton Bollworm Infestation,TN-611.jpg,0
50183f588ae09e0aba01ea4f48649c99,/home/sparsh/Naplam/Bangladesh-UAV-PlantDisease/Training Dataset/Root Damage/TN-452.jpg,Root Damage,TN-452.jpg,3
e83e87c2b201eb6847da0e0a16823714,/home/sparsh/Naplam/Bangladesh-UAV-PlantDisease/Test Dataset/Hail damages/TN-2515.jpg,Hail damage,TN-2515.jpg,1
e55ffaa20f859bc7e683f4232856baf1,/home/sparsh/Naplam/Bangladesh-UAV-PlantDisease/Training Dataset/Mixed/TN-2125.jpg,Mixed,TN-2125.jpg,2
c0ff06e39a3a9f9301f9793c109d48c4,/home/sparsh/Naplam/Bangladesh-UAV-PlantDisease/Training Dataset/Cotton Bollworm Infestation/TN-1029.jpg,Cotton Bollworm Infestation,TN-1029.jpg,0
80db09e61743289d3a71a4d5c761d206,/home/sparsh/Naplam/Bangladesh-UAV-PlantDisease/Test Dataset/Hail damages/TN-2107.jpg,Hail damage,TN-2107.jpg,1
54b3263491e0e51cf34fcab24661d827,/home/sparsh/Naplam/Bangladesh-UAV-PlantDisease/Training Dataset/Mixed/TN-2018.jpg,Mixed,TN-2018.jpg,2
4ecaaff5063923268bed3e1b1e95e14f,/home/sparsh/Naplam/Bangladesh-UAV-PlantDisease/Training Dataset/Root Damage/TN-610.jpg,Root Damage,TN-610.jpg,3
81b4fdeb5c43a80582d800cba91aaee0,/home/sparsh/Naplam/Bangladesh-UAV-PlantDisease/Test Dataset/Hail damages/TN-2105.jpg,Hail damage,TN-2105.jpg,1
0fea85e05c7607c323f8db0587eaf5bc,/home/sparsh/Naplam/Bangladesh-UAV-PlantDisease/Training Dataset/Strong-Light Burn/TN-253.jpg,Strong-Light Burn,TN-253.jpg,4
05494e98a33ef2d2d55a1cd0b02dea48,/home/sparsh/Naplam/Bangladesh-UAV-PlantDisease/Training Dataset/Hail damage/TN-715.jpg,Hail damage,TN-715.jpg,1
4196a623e44ed392b34d30a45d0c3089,/home/sparsh/Naplam/Bangladesh-UAV-PlantDisease/Training Dataset/Hail damage/TN-202.jpg,Hail damage,TN-202.jpg,1
32bb9ea705848b42aa3d10fd17bbe607,/home/sparsh/Naplam/Bangladesh-UAV-PlantDisease/Training Dataset/Mixed/TN-2182.jpg,Mixed,TN-2182.jpg,2
04ab33122eb16f8ce7a79c1491a2428e,/home/sparsh/Naplam/Bangladesh-UAV-PlantDisease/Training Dataset/Mixed/TN-601.jpg,Mixed,TN-601.jpg,2
bf14794cf3c5a2a0bc6d2b7dc4cefdbc,/home/sparsh/Naplam/Bangladesh-UAV-PlantDisease/Training Dataset/Mixed/TN-1532.jpg,Mixed,TN-1532.jpg,2
c8585569d0a83a3a33dca59f8069bb0e,/home/sparsh/Naplam/Bangladesh-UAV-PlantDisease/Training Dataset/Mixed/TN-253.jpg,Mixed,TN-253.jpg,2
073c18d13e6b608e42670f46313b4fab,/home/sparsh/Naplam/Bangladesh-UAV-PlantDisease/Training Dataset/Root Damage/TN-519.jpg,Root Damage,TN-519.jpg,3
9f7f6732a9419e981ca356f6e9b49596,/home/sparsh/Naplam/Bangladesh-UAV-PlantDisease/Training Dataset/Mixed/TN-202.jpg,Mixed,TN-202.jpg,2
7b336e443eb62cb2e8eecf6878d05cc4,/home/sparsh/Naplam/Bangladesh-UAV-PlantDisease/Training Dataset/Mixed/TN-949.jpg,Mixed,TN-949.jpg,2
fb3ab7bb1cfa08377dc04e197e9d1f60,/home/sparsh/Naplam/Bangladesh-UAV-PlantDisease/Training Dataset/Mixed/TN-1799.jpg,Mixed,TN-1799.jpg,2
ef5a818d4d62e8eb305fab4a69344615,/home/sparsh/Naplam/Bangladesh-UAV-PlantDisease/Training Dataset/Mixed/TN-1324.jpg,Mixed,TN-1324.jpg,2
6a131a7eb31a54419fcc652b66005281,/home/sparsh/Naplam/Bangladesh-UAV-PlantDisease/Training Dataset/Mixed/TN-1723.jpg,Mixed,TN-1723.jpg,2
3483223a5c073e37a863e6fa8a8464b0,/home/sparsh/Naplam/Bangladesh-UAV-PlantDisease/Training Dataset/Mixed/TN-1634.jpg,Mixed,TN-1634.jpg,2
54d58315d0c69b72900b016d1cc444cc,/home/sparsh/Naplam/Bangladesh-UAV-PlantDisease/Training Dataset/Cotton Bollworm Infestation/TN-919.jpg,Cotton Bollworm Infestation,TN-919.jpg,0
3fc3f7d9ab34456327822aa93a9d6f84,/home/sparsh/Naplam/Bangladesh-UAV-PlantDisease/Test Dataset/Hail damages/TN-1809.jpg,Hail damage,TN-1809.jpg,1
7593c510e54e31fd41f0583022137be7,/home/sparsh/Naplam/Bangladesh-UAV-PlantDisease/Test Dataset/Hail damages/TN-2858.jpg,Hail damage,TN-2858.jpg,1
9c2c4fbd193a4e93b2bd6eefc8be60bb,/home/sparsh/Naplam/Bangladesh-UAV-PlantDisease/Training Dataset/Mixed/TN-1167.jpg,Mixed,TN-1167.jpg,2
67da8ca2d7c7f4bb89a2aeb000dc1fea,/home/sparsh/Naplam/Bangladesh-UAV-PlantDisease/Test Dataset/Root Damage/TN-360.jpg,Root Damage,TN-360.jpg,3
eb792717dfa762d7150a05ed3992ed9d,/home/sparsh/Naplam/Bangladesh-UAV-PlantDisease/Training Dataset/Root Damage/TN-579.jpg,Root Damage,TN-579.jpg,3
69838d6c7d8369727da86e50917f4948,/home/sparsh/Naplam/Bangladesh-UAV-PlantDisease/Training Dataset/Root Damage/TN-608.jpg,Root Damage,TN-608.jpg,3
7079e8486dc3bdb85880dda222d9d754,/home/sparsh/Naplam/Bangladesh-UAV-PlantDisease/Training Dataset/Root Damage/TN-829.jpg,Root Damage,TN-829.jpg,3
ff15d9e337a33e08812189fac7cb4039,/home/sparsh/Naplam/Bangladesh-UAV-PlantDisease/Test Dataset/Hail damages/TN-2928.jpg,Hail damage,TN-2928.jpg,1
06dc336c37680112a98cfd1d4ff52019,/home/sparsh/Naplam/Bangladesh-UAV-PlantDisease/Test Dataset/Hail damages/TN-745.jpg,Hail damage,TN-745.jpg,1
35801cfdf25e081ea859df6a04d5ba1c,/home/sparsh/Naplam/Bangladesh-UAV-PlantDisease/Training Dataset/Root Damage/TN-352.jpg,Root Damage,TN-352.jpg,3
32b11766e433c21fcec3e78bfa6e1bbc,/home/sparsh/Naplam/Bangladesh-UAV-PlantDisease/Training Dataset/Hail damage/TN-251.jpg,Hail damage,TN-251.jpg,1
efc4af8355c042f232ff51b9d6e8917a,/home/sparsh/Naplam/Bangladesh-UAV-PlantDisease/Training Dataset/Hail damage/TN-559.jpg,Hail damage,TN-559.jpg,1
d17d973fe4f5e7102540e61148e65d29,/home/sparsh/Naplam/Bangladesh-UAV-PlantDisease/Test Dataset/Hail damages/TN-1564.jpg,Hail damage,TN-1564.jpg,1
9b8e4d0547326e422033244a70dde2bc,/home/sparsh/Naplam/Bangladesh-UAV-PlantDisease/Test Dataset/Hail damages/TN-482.jpg,Hail damage,TN-482.jpg,1
b20efec4635d12aa9983417eb9b1ff7f,/home/sparsh/Naplam/Bangladesh-UAV-PlantDisease/Training Dataset/Root Damage/TN-413.jpg,Root Damage,TN-413.jpg,3
de06171888f88f29942432365d0e4e98,/home/sparsh/Naplam/Bangladesh-UAV-PlantDisease/Training Dataset/Hail damage/TN-697.jpg,Hail damage,TN-697.jpg,1
17845a7205cbb07b30bd08c96435b63d,/home/sparsh/Naplam/Bangladesh-UAV-PlantDisease/Training Dataset/Root Damage/TN-271.jpg,Root Damage,TN-271.jpg,3
bf29da9d2bb40f0d04a3e5e73c833550,/home/sparsh/Naplam/Bangladesh-UAV-PlantDisease/Training Dataset/Mixed/TN-340.jpg,Mixed,TN-340.jpg,2
03163f4f0e4632eefbdbed6e894cf183,/home/sparsh/Naplam/Bangladesh-UAV-PlantDisease/Test Dataset/Hail damages/TN-486.jpg,Hail damage,TN-486.jpg,1
e4d1c3e3f2c08823c8723685cfbd77a4,/home/sparsh/Naplam/Bangladesh-UAV-PlantDisease/Training Dataset/Mixed/TN-1469.jpg,Mixed,TN-1469.jpg,2
d6922e55d6b208e3c04acbbf0fc33e51,/home/sparsh/Naplam/Bangladesh-UAV-PlantDisease/Training Dataset/Mixed/TN-1168.jpg,Mixed,TN-1168.jpg,2
7b876b431dbe82ca39eddf1d270443a5,/home/sparsh/Naplam/Bangladesh-UAV-PlantDisease/Training Dataset/Mixed/TN-2352.jpg,Mixed,TN-2352.jpg,2
048c506ac24d12c47db21ba533fcd636,/home/sparsh/Naplam/Bangladesh-UAV-PlantDisease/Training Dataset/Root Damage/TN-825.jpg,Root Damage,TN-825.jpg,3
0a80ae527f09887a00e4f6486205411a,/home/sparsh/Naplam/Bangladesh-UAV-PlantDisease/Test Dataset/Hail damages/TN-2186.jpg,Hail damage,TN-2186.jpg,1
51170b6317333fbfac63497dfb4c19a1,/home/sparsh/Naplam/Bangladesh-UAV-PlantDisease/Training Dataset/Mixed/TN-599.jpg,Mixed,TN-599.jpg,2
ed4021e1174949710b1856fc6d75a897,/home/sparsh/Naplam/Bangladesh-UAV-PlantDisease/Training Dataset/Cotton Bollworm Infestation/TN-436.jpg,Cotton Bollworm Infestation,TN-436.jpg,0
2e26f30dadf6efe985558aa711ea9a92,/home/sparsh/Naplam/Bangladesh-UAV-PlantDisease/Training Dataset/Cotton Bollworm Infestation/TN-512.jpg,Cotton Bollworm Infestation,TN-512.jpg,0
44aea0bb8974d8f5b792bf531e8898cf,/home/sparsh/Naplam/Bangladesh-UAV-PlantDisease/Training Dataset/Hail damage/TN-131.jpg,Hail damage,TN-131.jpg,1
caf447508ac9d32f09b4a1783d672df8,/home/sparsh/Naplam/Bangladesh-UAV-PlantDisease/Training Dataset/Hail damage/TN-472.jpg,Hail damage,TN-472.jpg,1
7d8c710115dd8d73d026d4541c571ed0,/home/sparsh/Naplam/Bangladesh-UAV-PlantDisease/Training Dataset/Root Damage/TN-457.jpg,Root Damage,TN-457.jpg,3
1c354fabbec48e7f8dd663404247ec21,/home/sparsh/Naplam/Bangladesh-UAV-PlantDisease/Training Dataset/Mixed/TN-170.jpg,Mixed,TN-170.jpg,2
bd76f1c72e3053293bec58803642741c,/home/sparsh/Naplam/Bangladesh-UAV-PlantDisease/Test Dataset/Hail damages/TN-669.jpg,Hail damage,TN-669.jpg,1
7a188c7eb8c890ee37606578fc1a13d0,/home/sparsh/Naplam/Bangladesh-UAV-PlantDisease/Training Dataset/Hail damage/TN-298.jpg,Hail damage,TN-298.jpg,1
1738ca99b9215757d4071957afaa6277,/home/sparsh/Naplam/Bangladesh-UAV-PlantDisease/Training Dataset/Root Damage/TN-794.jpg,Root Damage,TN-794.jpg,3
1c379d17d23f33d79b85176f9b227cdc,/home/sparsh/Naplam/Bangladesh-UAV-PlantDisease/Training Dataset/Cotton Bollworm Infestation/TN-780.jpg,Cotton Bollworm Infestation,TN-780.jpg,0
65237725c7732717e8196a6323e6deeb,/home/sparsh/Naplam/Bangladesh-UAV-PlantDisease/Training Dataset/Cotton Bollworm Infestation/TN-370.jpg,Cotton Bollworm Infestation,TN-370.jpg,0
a6947424f9e2396d642f9e07cdc9cc98,/home/sparsh/Naplam/Bangladesh-UAV-PlantDisease/Training Dataset/Hail damage/TN-365.jpg,Hail damage,TN-365.jpg,1
ecbe3895e3ebb81b6dd6c30b6d1c4ef1,/home/sparsh/Naplam/Bangladesh-UAV-PlantDisease/Training Dataset/Mixed/TN-262.jpg,Mixed,TN-262.jpg,2
e90039cec317af56227f26ec84efbc3a,/home/sparsh/Naplam/Bangladesh-UAV-PlantDisease/Training Dataset/Hail damage/TN-781.jpg,Hail damage,TN-781.jpg,1
8ced81e2368b4450726377914ef9fd9d,/home/sparsh/Naplam/Bangladesh-UAV-PlantDisease/Test Dataset/Hail damages/TN-430.jpg,Hail damage,TN-430.jpg,1
70da17e9e0cbb2b66598fc833905ad60,/home/sparsh/Naplam/Bangladesh-UAV-PlantDisease/Training Dataset/Strong-Light Burn/TN-170.jpg,Strong-Light Burn,TN-170.jpg,4
c0758887de81cf41228884e95fafbc11,/home/sparsh/Naplam/Bangladesh-UAV-PlantDisease/Training Dataset/Root Damage/TN-289.jpg,Root Damage,TN-289.jpg,3
193cf2460e8f15742dce863c48309a04,/home/sparsh/Naplam/Bangladesh-UAV-PlantDisease/Training Dataset/Cotton Bollworm Infestation/TN-285.jpg,Cotton Bollworm Infestation,TN-285.jpg,0
463e6dc1672441be63baa39b3c8f5741,/home/sparsh/Naplam/Bangladesh-UAV-PlantDisease/Training Dataset/Strong-Light Burn/TN-338.jpg,Strong-Light Burn,TN-338.jpg,4
7f6242821ff483e11afe5cce6ce8fd01,/home/sparsh/Naplam/Bangladesh-UAV-PlantDisease/Test Dataset/Hail damages/TN-2338.jpg,Hail damage,TN-2338.jpg,1
e742e18796104e5878f972969913b6dc,/home/sparsh/Naplam/Bangladesh-UAV-PlantDisease/Training Dataset/Mixed/TN-418.jpg,Mixed,TN-418.jpg,2
38b43dd4908b9750592f070a7d7a23b2,/home/sparsh/Naplam/Bangladesh-UAV-PlantDisease/Training Dataset/Mixed/TN-1246.jpg,Mixed,TN-1246.jpg,2
ce5de2f2a83476f7742a94b73d5e1ae8,/home/sparsh/Naplam/Bangladesh-UAV-PlantDisease/Training Dataset/Strong-Light Burn/TN-414.jpg,Strong-Light Burn,TN-414.jpg,4
ccdcbdec6ef3e810cbd291f517cfa733,/home/sparsh/Naplam/Bangladesh-UAV-PlantDisease/Test Dataset/Hail damages/TN-1510.jpg,Hail damage,TN-1510.jpg,1
e6360374aa4c0b624568d10dbdca60b0,/home/sparsh/Naplam/Bangladesh-UAV-PlantDisease/Test Dataset/Hail damages/TN-785.jpg,Hail damage,TN-785.jpg,1
b598b87917f0c2296329e936fd9c802d,/home/sparsh/Naplam/Bangladesh-UAV-PlantDisease/Training Dataset/Mixed/TN-2084.jpg,Mixed,TN-2084.jpg,2
74fda03a9b4a8bc95cd58be11683e0d7,/home/sparsh/Naplam/Bangladesh-UAV-PlantDisease/Training Dataset/Hail damage/TN-288.jpg,Hail damage,TN-288.jpg,1
277e5e6398bf9cfa67c25a43b3580ddf,/home/sparsh/Naplam/Bangladesh-UAV-PlantDisease/Training Dataset/Root Damage/TN-5.jpg,Root Damage,TN-5.jpg,3
9499fed09a0d35d39d73848cc4c55c0b,/home/sparsh/Naplam/Bangladesh-UAV-PlantDisease/Training Dataset/Root Damage/TN-696.jpg,Root Damage,TN-696.jpg,3
0ad797735e072c0734d12979718a5bcb,/home/sparsh/Naplam/Bangladesh-UAV-PlantDisease/Training Dataset/Cotton Bollworm Infestation/TN-349.jpg,Cotton Bollworm Infestation,TN-349.jpg,0
8c6339e1da1fc7661184635b1d4d1ccf,/home/sparsh/Naplam/Bangladesh-UAV-PlantDisease/Training Dataset/Cotton Bollworm Infestation/TN-118.jpg,Cotton Bollworm Infestation,TN-118.jpg,0
0ad9e3db3aa3ca0e7ccfbfa41a7456f7,/home/sparsh/Naplam/Bangladesh-UAV-PlantDisease/Training Dataset/Root Damage/TN-125.jpg,Root Damage,TN-125.jpg,3
de79338939af7e72bac9553fcaa8c757,/home/sparsh/Naplam/Bangladesh-UAV-PlantDisease/Test Dataset/Hail damages/TN-2043.jpg,Hail damage,TN-2043.jpg,1
02a74a29dd56fa2ea29bc30882ac8674,/home/sparsh/Naplam/Bangladesh-UAV-PlantDisease/Test Dataset/Hail damages/TN-759.jpg,Hail damage,TN-759.jpg,1
725a629dd0c4d78691daebe32216c916,/home/sparsh/Naplam/Bangladesh-UAV-PlantDisease/Training Dataset/Strong-Light Burn/TN-613.jpg,Strong-Light Burn,TN-613.jpg,4
2d9497d974848f93e958e854e36ba814,/home/sparsh/Naplam/Bangladesh-UAV-PlantDisease/Training Dataset/Mixed/TN-2056.jpg,Mixed,TN-2056.jpg,2
ed881ce4ec61b15ec2017976d9bbcc3f,/home/sparsh/Naplam/Bangladesh-UAV-PlantDisease/Training Dataset/Mixed/TN-1537.jpg,Mixed,TN-1537.jpg,2
a53d08aad7d23848251ed501e839cbb2,/home/sparsh/Naplam/Bangladesh-UAV-PlantDisease/Training Dataset/Cotton Bollworm Infestation/TN-513.jpg,Cotton Bollworm Infestation,TN-513.jpg,0
49c8dde4055c318ced1a8fb587a8d849,/home/sparsh/Naplam/Bangladesh-UAV-PlantDisease/Test Dataset/Hail damages/TN-1238.jpg,Hail damage,TN-1238.jpg,1
f00a7e22e6809bb9d77f26ce8e2ed036,/home/sparsh/Naplam/Bangladesh-UAV-PlantDisease/Training Dataset/Mixed/TN-333.jpg,Mixed,TN-333.jpg,2
8abb1673cdd1f59428b20fa9296ddcc4,/home/sparsh/Naplam/Bangladesh-UAV-PlantDisease/Training Dataset/Root Damage/TN-138.jpg,Root Damage,TN-138.jpg,3
eede4c6b681ec4005c1cab59880af845,/home/sparsh/Naplam/Bangladesh-UAV-PlantDisease/Test Dataset/Hail damages/TN-40.jpg,Hail damage,TN-40.jpg,1
96264c26697dbd66b55eaaaac61b007d,/home/sparsh/Naplam/Bangladesh-UAV-PlantDisease/Training Dataset/Strong-Light Burn/TN-296.jpg,Strong-Light Burn,TN-296.jpg,4
c81fa27b371a3cea389f3fef73dfc702,/home/sparsh/Naplam/Bangladesh-UAV-PlantDisease/Test Dataset/Hail damages/TN-1778.jpg,Hail damage,TN-1778.jpg,1
4917e97b810704c8765996b6fda47288,/home/sparsh/Naplam/Bangladesh-UAV-PlantDisease/Training Dataset/Mixed/TN-1525.jpg,Mixed,TN-1525.jpg,2
fd2977beb191361796d744641830d09c,/home/sparsh/Naplam/Bangladesh-UAV-PlantDisease/Training Dataset/Cotton Bollworm Infestation/TN-736.jpg,Cotton Bollworm Infestation,TN-736.jpg,0
2d95f8e337aa47491eb2416cc31ce6d9,/home/sparsh/Naplam/Bangladesh-UAV-PlantDisease/Training Dataset/Hail damage/TN-315.jpg,Hail damage,TN-315.jpg,1
2c39105b86463214c8e371b21f12353a,/home/sparsh/Naplam/Bangladesh-UAV-PlantDisease/Test Dataset/Hail damages/TN-2219.jpg,Hail damage,TN-2219.jpg,1
bf8eef9f566211811361a7c11b160a41,/home/sparsh/Naplam/Bangladesh-UAV-PlantDisease/Training Dataset/Cotton Bollworm Infestation/TN-955.jpg,Cotton Bollworm Infestation,TN-955.jpg,0
72393b9a4975f451cf7f0c78f3fab1f1,/home/sparsh/Naplam/Bangladesh-UAV-PlantDisease/Training Dataset/Root Damage/TN-363.jpg,Root Damage,TN-363.jpg,3
eb3be96d4a190d363cdc5710b72ed827,/home/sparsh/Naplam/Bangladesh-UAV-PlantDisease/Test Dataset/Root Damage/TN-103.jpg,Root Damage,TN-103.jpg,3
c1b34e05aca23168666a175238ee0d5f,/home/sparsh/Naplam/Bangladesh-UAV-PlantDisease/Test Dataset/Hail damages/TN-2256.jpg,Hail damage,TN-2256.jpg,1
df08c86366ba8dfb822ee5b17fbdbdd4,/home/sparsh/Naplam/Bangladesh-UAV-PlantDisease/Training Dataset/Mixed/TN-1482.jpg,Mixed,TN-1482.jpg,2
a709d3a70d0940bbba6010ad22c7a224,/home/sparsh/Naplam/Bangladesh-UAV-PlantDisease/Test Dataset/Hail damages/TN-2580.jpg,Hail damage,TN-2580.jpg,1
920234faabe80311ecb2c0889a72e575,/home/sparsh/Naplam/Bangladesh-UAV-PlantDisease/Training Dataset/Root Damage/TN-83.jpg,Root Damage,TN-83.jpg,3
ae9fafbd648d4e4a5f1925f9c98c9c91,/home/sparsh/Naplam/Bangladesh-UAV-PlantDisease/Training Dataset/Hail damage/TN-658.jpg,Hail damage,TN-658.jpg,1
a92f95c3a944e1833fe8d4299ef4ffa0,/home/sparsh/Naplam/Bangladesh-UAV-PlantDisease/Training Dataset/Mixed/TN-873.jpg,Mixed,TN-873.jpg,2
ea049c720e6f3a09ea0f4a5ccf33e43e,/home/sparsh/Naplam/Bangladesh-UAV-PlantDisease/Training Dataset/Mixed/TN-2069.jpg,Mixed,TN-2069.jpg,2
e618eeeab03a28a17f6e0ee01755ef34,/home/sparsh/Naplam/Bangladesh-UAV-PlantDisease/Training Dataset/Mixed/TN-1539.jpg,Mixed,TN-1539.jpg,2
a27700ea0ff5a9557cac8d6a9180455c,/home/sparsh/Naplam/Bangladesh-UAV-PlantDisease/Training Dataset/Cotton Bollworm Infestation/TN-173.jpg,Cotton Bollworm Infestation,TN-173.jpg,0
ae299a626126874792a6fb0e0b95ef01,/home/sparsh/Naplam/Bangladesh-UAV-PlantDisease/Training Dataset/Mixed/TN-789.jpg,Mixed,TN-789.jpg,2
e278bd92f9b5128dbb06a677bdba4312,/home/sparsh/Naplam/Bangladesh-UAV-PlantDisease/Training Dataset/Root Damage/TN-695.jpg,Root Damage,TN-695.jpg,3
8950615a5f62e83ff4573236138ea64a,/home/sparsh/Naplam/Bangladesh-UAV-PlantDisease/Training Dataset/Strong-Light Burn/TN-221.jpg,Strong-Light Burn,TN-221.jpg,4
51f003f977ff9c09c37e4ecf63e6d665,/home/sparsh/Naplam/Bangladesh-UAV-PlantDisease/Test Dataset/Hail damages/TN-886.jpg,Hail damage,TN-886.jpg,1
0a2346b312c483b971c760082bbd73a8,/home/sparsh/Naplam/Bangladesh-UAV-PlantDisease/Training Dataset/Root Damage/TN-217.jpg,Root Damage,TN-217.jpg,3
376fb84c0442892b25507dbf062b06fe,/home/sparsh/Naplam/Bangladesh-UAV-PlantDisease/Training Dataset/Cotton Bollworm Infestation/TN-1028.jpg,Cotton Bollworm Infestation,TN-1028.jpg,0
59e3d8d88e742c9f68450660e9d52610,/home/sparsh/Naplam/Bangladesh-UAV-PlantDisease/Training Dataset/Mixed/TN-1208.jpg,Mixed,TN-1208.jpg,2
e05e4821bd6dc354e800adeb6584e4a3,/home/sparsh/Naplam/Bangladesh-UAV-PlantDisease/Training Dataset/Cotton Bollworm Infestation/TN-351.jpg,Cotton Bollworm Infestation,TN-351.jpg,0
7444bb98672aa7694429d74456cfff6f,/home/sparsh/Naplam/Bangladesh-UAV-PlantDisease/Training Dataset/Mixed/TN-1303.jpg,Mixed,TN-1303.jpg,2
8deec43593127bd64a369bd552ff6f26,/home/sparsh/Naplam/Bangladesh-UAV-PlantDisease/Training Dataset/Mixed/TN-246.jpg,Mixed,TN-246.jpg,2
5fbc178a283717cedc81e5066f203ec6,/home/sparsh/Naplam/Bangladesh-UAV-PlantDisease/Test Dataset/Hail damages/TN-2343.jpg,Hail damage,TN-2343.jpg,1
ef14f39a28e768c6357c949afa6042c8,/home/sparsh/Naplam/Bangladesh-UAV-PlantDisease/Training Dataset/Cotton Bollworm Infestation/TN-168.jpg,Cotton Bollworm Infestation,TN-168.jpg,0
41d87e43b251a6b9e022794d987ebfd9,/home/sparsh/Naplam/Bangladesh-UAV-PlantDisease/Training Dataset/Mixed/TN-1841.jpg,Mixed,TN-1841.jpg,2
5369d7a1d9f87f736abb27a7b4ef674b,/home/sparsh/Naplam/Bangladesh-UAV-PlantDisease/Training Dataset/Mixed/TN-1673.jpg,Mixed,TN-1673.jpg,2
95d65e2624588ad27a6bb1eeeb913bd3,/home/sparsh/Naplam/Bangladesh-UAV-PlantDisease/Test Dataset/Mixed/TN-154.jpg,Mixed,TN-154.jpg,2
b2387662dd7616f3341211d2636421c9,/home/sparsh/Naplam/Bangladesh-UAV-PlantDisease/Training Dataset/Hail damage/TN-249.jpg,Hail damage,TN-249.jpg,1
b0ecd775c50d2006102a78fc5220bb37,/home/sparsh/Naplam/Bangladesh-UAV-PlantDisease/Training Dataset/Mixed/TN-1816.jpg,Mixed,TN-1816.jpg,2
f19cae0892fd4e0355e8e1ff608248f4,/home/sparsh/Naplam/Bangladesh-UAV-PlantDisease/Training Dataset/Root Damage/TN-303.jpg,Root Damage,TN-303.jpg,3
e8ce1b49f57a15c283979714f92d2c98,/home/sparsh/Naplam/Bangladesh-UAV-PlantDisease/Training Dataset/Mixed/TN-1414.jpg,Mixed,TN-1414.jpg,2
7f2234ac3311a21ae0a8b655547b2542,/home/sparsh/Naplam/Bangladesh-UAV-PlantDisease/Test Dataset/Hail damages/TN-1769.jpg,Hail damage,TN-1769.jpg,1
b0ca977484e243a35a793a42ba152cab,/home/sparsh/Naplam/Bangladesh-UAV-PlantDisease/Training Dataset/Mixed/TN-105.jpg,Mixed,TN-105.jpg,2
ce9268a2b13c5921a856127d55ed03b5,/home/sparsh/Naplam/Bangladesh-UAV-PlantDisease/Test Dataset/Hail damages/TN-1139.jpg,Hail damage,TN-1139.jpg,1
15942b4bc527bcd7f957bc5e21f601c7,/home/sparsh/Naplam/Bangladesh-UAV-PlantDisease/Training Dataset/Strong-Light Burn/TN-109.jpg,Strong-Light Burn,TN-109.jpg,4
9d7093f00cc5ce37482daf3821c53cd0,/home/sparsh/Naplam/Bangladesh-UAV-PlantDisease/Training Dataset/Root Damage/TN-37.jpg,Root Damage,TN-37.jpg,3
5acecfdbf99fc5c89b30ac8d9c2a4df2,/home/sparsh/Naplam/Bangladesh-UAV-PlantDisease/Training Dataset/Mixed/TN-2143.jpg,Mixed,TN-2143.jpg,2
1f1bff680db0be99c473706691c887aa,/home/sparsh/Naplam/Bangladesh-UAV-PlantDisease/Training Dataset/Mixed/TN-619.jpg,Mixed,TN-619.jpg,2
de5f8330b8889e227eb58602427cc4cb,/home/sparsh/Naplam/Bangladesh-UAV-PlantDisease/Training Dataset/Mixed/TN-268.jpg,Mixed,TN-268.jpg,2
1cf7e6f936fd03cc4e2c6478e295ce2f,/home/sparsh/Naplam/Bangladesh-UAV-PlantDisease/Training Dataset/Hail damage/TN-577.jpg,Hail damage,TN-577.jpg,1
c978fc0dac8d55aa32611b01abe13794,/home/sparsh/Naplam/Bangladesh-UAV-PlantDisease/Test Dataset/Strong-Light Burn/TN-253.jpg,Strong-Light Burn,TN-253.jpg,4
b8417a8772453bea4934ac24e68fc264,/home/sparsh/Naplam/Bangladesh-UAV-PlantDisease/Training Dataset/Strong-Light Burn/TN-672.jpg,Strong-Light Burn,TN-672.jpg,4
24da83bf0d90bf33785b96c5884b47fc,/home/sparsh/Naplam/Bangladesh-UAV-PlantDisease/Test Dataset/Hail damages/TN-2725.jpg,Hail damage,TN-2725.jpg,1
132a7af6b0a4cb747f66fa391280e8d7,/home/sparsh/Naplam/Bangladesh-UAV-PlantDisease/Training Dataset/Cotton Bollworm Infestation/TN-851.jpg,Cotton Bollworm Infestation,TN-851.jpg,0
46de82f41bc04edf7441e68b50ba8cad,/home/sparsh/Naplam/Bangladesh-UAV-PlantDisease/Training Dataset/Hail damage/TN-30.jpg,Hail damage,TN-30.jpg,1
a63638d258ab1c5d99dad44202d4baef,/home/sparsh/Naplam/Bangladesh-UAV-PlantDisease/Test Dataset/Hail damages/TN-2788.jpg,Hail damage,TN-2788.jpg,1
b58778f66055c01c9c06beb3c2003b12,/home/sparsh/Naplam/Bangladesh-UAV-PlantDisease/Training Dataset/Strong-Light Burn/TN-73.jpg,Strong-Light Burn,TN-73.jpg,4
040b691d9c11fb9d4ce7d5b019305a96,/home/sparsh/Naplam/Bangladesh-UAV-PlantDisease/Test Dataset/Hail damages/TN-2240.jpg,Hail damage,TN-2240.jpg,1
30702779f7d6006c987b235460213763,/home/sparsh/Naplam/Bangladesh-UAV-PlantDisease/Test Dataset/Hail damages/TN-2030.jpg,Hail damage,TN-2030.jpg,1
1fa54bd0a9cf8f0c3568a9a34939857c,/home/sparsh/Naplam/Bangladesh-UAV-PlantDisease/Training Dataset/Cotton Bollworm Infestation/TN-934.jpg,Cotton Bollworm Infestation,TN-934.jpg,0
cdf10cd0ea9fdea7d6d404cb6f7e44f5,/home/sparsh/Naplam/Bangladesh-UAV-PlantDisease/Training Dataset/Root Damage/TN-117.jpg,Root Damage,TN-117.jpg,3
2714ede7593a4659f9e8e2b933184dec,/home/sparsh/Naplam/Bangladesh-UAV-PlantDisease/Training Dataset/Hail damage/TN-102.jpg,Hail damage,TN-102.jpg,1
9c161b15c53f3271819d5f794b054156,/home/sparsh/Naplam/Bangladesh-UAV-PlantDisease/Training Dataset/Mixed/TN-864.jpg,Mixed,TN-864.jpg,2
00526688a043e01b528da26204667a2a,/home/sparsh/Naplam/Bangladesh-UAV-PlantDisease/Training Dataset/Hail damage/TN-302.jpg,Hail damage,TN-302.jpg,1
1587b40d9ef9a83b2b7b221d67d50a8b,/home/sparsh/Naplam/Bangladesh-UAV-PlantDisease/Test Dataset/Hail damages/TN-1303.jpg,Hail damage,TN-1303.jpg,1
3b4ef6e07013947336c7457f4d1d59f7,/home/sparsh/Naplam/Bangladesh-UAV-PlantDisease/Test Dataset/Hail damages/TN-1278.jpg,Hail damage,TN-1278.jpg,1
4731bc46e63d6f752d5ab694fdba7544,/home/sparsh/Naplam/Bangladesh-UAV-PlantDisease/Training Dataset/Cotton Bollworm Infestation/TN-245.jpg,Cotton Bollworm Infestation,TN-245.jpg,0
eb185752a261456f825dffd499b5a682,/home/sparsh/Naplam/Bangladesh-UAV-PlantDisease/Training Dataset/Strong-Light Burn/TN-374.jpg,Strong-Light Burn,TN-374.jpg,4
efb546909fadf436115af04babfd665a,/home/sparsh/Naplam/Bangladesh-UAV-PlantDisease/Training Dataset/Mixed/TN-1494.jpg,Mixed,TN-1494.jpg,2
9dfed6cb5d7b661e534b75974573910c,/home/sparsh/Naplam/Bangladesh-UAV-PlantDisease/Training Dataset/Strong-Light Burn/TN-213.jpg,Strong-Light Burn,TN-213.jpg,4
88aae4c983d59fc78d2d3138a7104f1a,/home/sparsh/Naplam/Bangladesh-UAV-PlantDisease/Test Dataset/Root Damage/TN-390.jpg,Root Damage,TN-390.jpg,3
d50c9b7b5cef5e0467fe63b97298eefd,/home/sparsh/Naplam/Bangladesh-UAV-PlantDisease/Training Dataset/Root Damage/TN-756.jpg,Root Damage,TN-756.jpg,3
1b04cd7fe8d01569833f985659a04927,/home/sparsh/Naplam/Bangladesh-UAV-PlantDisease/Test Dataset/Root Damage/TN-160.jpg,Root Damage,TN-160.jpg,3
9cf0d054a47a294a24667a8eddd48aaf,/home/sparsh/Naplam/Bangladesh-UAV-PlantDisease/Training Dataset/Mixed/TN-193.jpg,Mixed,TN-193.jpg,2
0b6d88a49e66af6a76bdd1ed38bb7ed9,/home/sparsh/Naplam/Bangladesh-UAV-PlantDisease/Training Dataset/Mixed/TN-218.jpg,Mixed,TN-218.jpg,2
8d166df559672ecb35eb03de4bca6c9e,/home/sparsh/Naplam/Bangladesh-UAV-PlantDisease/Training Dataset/Mixed/TN-976.jpg,Mixed,TN-976.jpg,2
034cd84a3bdbfa766c77e08a72573552,/home/sparsh/Naplam/Bangladesh-UAV-PlantDisease/Test Dataset/Cotton Bollworm Infestation/TN-334.jpg,Cotton Bollworm Infestation,TN-334.jpg,0
da5852c7299cc49d6c51e6141d521c3f,/home/sparsh/Naplam/Bangladesh-UAV-PlantDisease/Training Dataset/Mixed/TN-2321.jpg,Mixed,TN-2321.jpg,2
1e8b5916c0b50c95185ec574a8add0fc,/home/sparsh/Naplam/Bangladesh-UAV-PlantDisease/Training Dataset/Hail damage/TN-174.jpg,Hail damage,TN-174.jpg,1
44260c801c81ce09fb38b89437600e1d,/home/sparsh/Naplam/Bangladesh-UAV-PlantDisease/Training Dataset/Mixed/TN-2044.jpg,Mixed,TN-2044.jpg,2
2631ed4b462498ca695796ceafad6655,/home/sparsh/Naplam/Bangladesh-UAV-PlantDisease/Test Dataset/Hail damages/TN-703.jpg,Hail damage,TN-703.jpg,1
1211a3856f75b216a7e50a9ae02076a6,/home/sparsh/Naplam/Bangladesh-UAV-PlantDisease/Training Dataset/Mixed/TN-2176.jpg,Mixed,TN-2176.jpg,2
961a37e1213febc032f4516b171568d5,/home/sparsh/Naplam/Bangladesh-UAV-PlantDisease/Training Dataset/Mixed/TN-2242.jpg,Mixed,TN-2242.jpg,2
8c1344ff322e9e010b4a95855ee9d268,/home/sparsh/Naplam/Bangladesh-UAV-PlantDisease/Test Dataset/Hail damages/TN-2045.jpg,Hail damage,TN-2045.jpg,1
9d7085a149177778148b8f95bb9c8ec8,/home/sparsh/Naplam/Bangladesh-UAV-PlantDisease/Test Dataset/Hail damages/TN-2780.jpg,Hail damage,TN-2780.jpg,1
593fb86878ddab92d35ad7831c3626f6,/home/sparsh/Naplam/Bangladesh-UAV-PlantDisease/Test Dataset/Hail damages/TN-2132.jpg,Hail damage,TN-2132.jpg,1
dab5995ff7a12428b474dc00670b7c42,/home/sparsh/Naplam/Bangladesh-UAV-PlantDisease/Training Dataset/Root Damage/TN-184.jpg,Root Damage,TN-184.jpg,3
0bbf00495e26a2161ab3e09d1f9f28e8,/home/sparsh/Naplam/Bangladesh-UAV-PlantDisease/Training Dataset/Cotton Bollworm Infestation/TN-342.jpg,Cotton Bollworm Infestation,TN-342.jpg,0
a4cb29a1855b0874cf2e02a286fd781b,/home/sparsh/Naplam/Bangladesh-UAV-PlantDisease/Test Dataset/Hail damages/TN-2279.jpg,Hail damage,TN-2279.jpg,1
adecda7066e7be032815e2cd3b72dd31,/home/sparsh/Naplam/Bangladesh-UAV-PlantDisease/Training Dataset/Cotton Bollworm Infestation/TN-440.jpg,Cotton Bollworm Infestation,TN-440.jpg,0
bf57e700b7a338a6535752a28758c489,/home/sparsh/Naplam/Bangladesh-UAV-PlantDisease/Training Dataset/Strong-Light Burn/TN-120.jpg,Strong-Light Burn,TN-120.jpg,4
2b5ab7a2564c6b322bd29cdee8f6952c,/home/sparsh/Naplam/Bangladesh-UAV-PlantDisease/Test Dataset/Hail damages/TN-696.jpg,Hail damage,TN-696.jpg,1
60db4ec046975b239e3d7124d5f89293,/home/sparsh/Naplam/Bangladesh-UAV-PlantDisease/Test Dataset/Hail damages/TN-1538.jpg,Hail damage,TN-1538.jpg,1
c9945db21789695c7971cc14862f52fa,/home/sparsh/Naplam/Bangladesh-UAV-PlantDisease/Training Dataset/Mixed/TN-2090.jpg,Mixed,TN-2090.jpg,2
023f2e0768b0b2635df6d1613bddd618,/home/sparsh/Naplam/Bangladesh-UAV-PlantDisease/Test Dataset/Hail damages/TN-1767.jpg,Hail damage,TN-1767.jpg,1
dbfae27e5374e91238c378c77a18ffab,/home/sparsh/Naplam/Bangladesh-UAV-PlantDisease/Training Dataset/Mixed/TN-1453.jpg,Mixed,TN-1453.jpg,2
c2ad0713cdf2741a397ba1bc3bbae5c0,/home/sparsh/Naplam/Bangladesh-UAV-PlantDisease/Training Dataset/Hail damage/TN-785.jpg,Hail damage,TN-785.jpg,1
46512a413870166a458ce962cb93d994,/home/sparsh/Naplam/Bangladesh-UAV-PlantDisease/Training Dataset/Hail damage/TN-457.jpg,Hail damage,TN-457.jpg,1
85f4869e6666c3f6e0b232d875485fa0,/home/sparsh/Naplam/Bangladesh-UAV-PlantDisease/Training Dataset/Mixed/TN-938.jpg,Mixed,TN-938.jpg,2
c3581d0363d8ae2561f40409ea074e50,/home/sparsh/Naplam/Bangladesh-UAV-PlantDisease/Training Dataset/Mixed/TN-699.jpg,Mixed,TN-699.jpg,2
cd364356eabffddbe9f233c81066b66a,/home/sparsh/Naplam/Bangladesh-UAV-PlantDisease/Test Dataset/Hail damages/TN-2088.jpg,Hail damage,TN-2088.jpg,1
d4f7e41f2e2dfb49ae6c77a246e316c3,/home/sparsh/Naplam/Bangladesh-UAV-PlantDisease/Test Dataset/Hail damages/TN-1917.jpg,Hail damage,TN-1917.jpg,1
9b42493bac789da14417f9addb421993,/home/sparsh/Naplam/Bangladesh-UAV-PlantDisease/Training Dataset/Mixed/TN-1559.jpg,Mixed,TN-1559.jpg,2
6f104032b54ca051f421443c33639d4d,/home/sparsh/Naplam/Bangladesh-UAV-PlantDisease/Training Dataset/Mixed/TN-328.jpg,Mixed,TN-328.jpg,2
ed9b0784b276b518002512ddd6b518fa,/home/sparsh/Naplam/Bangladesh-UAV-PlantDisease/Test Dataset/Hail damages/TN-2766.jpg,Hail damage,TN-2766.jpg,1
eb47e645ac805e418dec94516828f138,/home/sparsh/Naplam/Bangladesh-UAV-PlantDisease/Test Dataset/Hail damages/TN-872.jpg,Hail damage,TN-872.jpg,1
80c75351337d8a8274b83b7bdc8481aa,/home/sparsh/Naplam/Bangladesh-UAV-PlantDisease/Training Dataset/Root Damage/TN-839.jpg,Root Damage,TN-839.jpg,3
32808055ced110be2c95ed49ea17888f,/home/sparsh/Naplam/Bangladesh-UAV-PlantDisease/Training Dataset/Root Damage/TN-252.jpg,Root Damage,TN-252.jpg,3
6dbd914185856833d5cd65829c40f483,/home/sparsh/Naplam/Bangladesh-UAV-PlantDisease/Training Dataset/Hail damage/TN-277.jpg,Hail damage,TN-277.jpg,1
950ed656f62cc5924213a60b915d7f80,/home/sparsh/Naplam/Bangladesh-UAV-PlantDisease/Training Dataset/Hail damage/TN-808.jpg,Hail damage,TN-808.jpg,1
519e04d631d9791585808bf17684f5fc,/home/sparsh/Naplam/Bangladesh-UAV-PlantDisease/Training Dataset/Strong-Light Burn/TN-666.jpg,Strong-Light Burn,TN-666.jpg,4
972fe7085740e9b89e535eee8f133dd9,/home/sparsh/Naplam/Bangladesh-UAV-PlantDisease/Training Dataset/Mixed/TN-329.jpg,Mixed,TN-329.jpg,2
3587e57576604658b22ebf0247f625b7,/home/sparsh/Naplam/Bangladesh-UAV-PlantDisease/Training Dataset/Mixed/TN-831.jpg,Mixed,TN-831.jpg,2
cc569329cc53f6b00f05a0e933681141,/home/sparsh/Naplam/Bangladesh-UAV-PlantDisease/Test Dataset/Hail damages/TN-2968.jpg,Hail damage,TN-2968.jpg,1
d9bea3c5fc9b5d66facb9316d6db3e3a,/home/sparsh/Naplam/Bangladesh-UAV-PlantDisease/Test Dataset/Hail damages/TN-2356.jpg,Hail damage,TN-2356.jpg,1
3a0547c5398ddddf4b5525cac75edf04,/home/sparsh/Naplam/Bangladesh-UAV-PlantDisease/Training Dataset/Mixed/TN-1153.jpg,Mixed,TN-1153.jpg,2
42b2f7d0d09cfb05e4aedb0fcba914ad,/home/sparsh/Naplam/Bangladesh-UAV-PlantDisease/Training Dataset/Hail damage/TN-562.jpg,Hail damage,TN-562.jpg,1
8d5b681615416667a567237167690a56,/home/sparsh/Naplam/Bangladesh-UAV-PlantDisease/Training Dataset/Mixed/TN-2217.jpg,Mixed,TN-2217.jpg,2
c9f62e7a20c6305541d63ce6387df1ce,/home/sparsh/Naplam/Bangladesh-UAV-PlantDisease/Training Dataset/Mixed/TN-449.jpg,Mixed,TN-449.jpg,2
2c97d547feb0d335886e4b5abc9275d2,/home/sparsh/Naplam/Bangladesh-UAV-PlantDisease/Training Dataset/Mixed/TN-1752.jpg,Mixed,TN-1752.jpg,2
0dcf77c1ae323621ed10d82f78320225,/home/sparsh/Naplam/Bangladesh-UAV-PlantDisease/Training Dataset/Root Damage/TN-326.jpg,Root Damage,TN-326.jpg,3
e0b95af9991a543e6e7841f62ccb07e2,/home/sparsh/Naplam/Bangladesh-UAV-PlantDisease/Training Dataset/Mixed/TN-1993.jpg,Mixed,TN-1993.jpg,2
ce21006536856e123439a3311ce7c090,/home/sparsh/Naplam/Bangladesh-UAV-PlantDisease/Training Dataset/Cotton Bollworm Infestation/TN-138.jpg,Cotton Bollworm Infestation,TN-138.jpg,0
b476378f20a2978347a615691318b4bb,/home/sparsh/Naplam/Bangladesh-UAV-PlantDisease/Training Dataset/Mixed/TN-1751.jpg,Mixed,TN-1751.jpg,2
c75daebdc8448a07ee79b2e29c990e39,/home/sparsh/Naplam/Bangladesh-UAV-PlantDisease/Training Dataset/Mixed/TN-110.jpg,Mixed,TN-110.jpg,2
da221c45056e1d5370318eb6755469bb,/home/sparsh/Naplam/Bangladesh-UAV-PlantDisease/Training Dataset/Cotton Bollworm Infestation/TN-186.jpg,Cotton Bollworm Infestation,TN-186.jpg,0
991d5659b4b8c3d309ac468ac3228697,/home/sparsh/Naplam/Bangladesh-UAV-PlantDisease/Training Dataset/Hail damage/TN-403.jpg,Hail damage,TN-403.jpg,1
6c0dd3076189dcd64b8f143d678fae91,/home/sparsh/Naplam/Bangladesh-UAV-PlantDisease/Test Dataset/Hail damages/TN-2278.jpg,Hail damage,TN-2278.jpg,1
498f26834ba9b7ca69424f26b596d28b,/home/sparsh/Naplam/Bangladesh-UAV-PlantDisease/Training Dataset/Root Damage/TN-121.jpg,Root Damage,TN-121.jpg,3
450d8ef41e98ee2cd2b060640173ed01,/home/sparsh/Naplam/Bangladesh-UAV-PlantDisease/Training Dataset/Mixed/TN-2096.jpg,Mixed,TN-2096.jpg,2
ea80d62a0a54bc7acfe7d96e0146b370,/home/sparsh/Naplam/Bangladesh-UAV-PlantDisease/Training Dataset/Cotton Bollworm Infestation/TN-347.jpg,Cotton Bollworm Infestation,TN-347.jpg,0
d9568e69365522cc3fedca557270f60c,/home/sparsh/Naplam/Bangladesh-UAV-PlantDisease/Training Dataset/Strong-Light Burn/TN-472.jpg,Strong-Light Burn,TN-472.jpg,4
9102833262c9e6d82a0ce3dd4a2ef45f,/home/sparsh/Naplam/Bangladesh-UAV-PlantDisease/Training Dataset/Root Damage/TN-255.jpg,Root Damage,TN-255.jpg,3
3ab82a50a27bd64db4ec4f29aecb1286,/home/sparsh/Naplam/Bangladesh-UAV-PlantDisease/Training Dataset/Hail damage/TN-719.jpg,Hail damage,TN-719.jpg,1
56a7618c4a8cb17a84ec37a2f8e0ad47,/home/sparsh/Naplam/Bangladesh-UAV-PlantDisease/Training Dataset/Strong-Light Burn/TN-646.jpg,Strong-Light Burn,TN-646.jpg,4
b0fb7f52cef20a832f389fccfa4419a1,/home/sparsh/Naplam/Bangladesh-UAV-PlantDisease/Training Dataset/Cotton Bollworm Infestation/TN-416.jpg,Cotton Bollworm Infestation,TN-416.jpg,0
591c19676a6c417f6b8ced9a4f56daeb,/home/sparsh/Naplam/Bangladesh-UAV-PlantDisease/Training Dataset/Mixed/TN-819.jpg,Mixed,TN-819.jpg,2
24ac943c3461b51f894b324a104f7681,/home/sparsh/Naplam/Bangladesh-UAV-PlantDisease/Training Dataset/Mixed/TN-1940.jpg,Mixed,TN-1940.jpg,2
24915eef75f9a45905ad002a26bae025,/home/sparsh/Naplam/Bangladesh-UAV-PlantDisease/Test Dataset/Hail damages/TN-1177.jpg,Hail damage,TN-1177.jpg,1
9aef9e67b2093150337c76566d78f8f8,/home/sparsh/Naplam/Bangladesh-UAV-PlantDisease/Training Dataset/Mixed/TN-1738.jpg,Mixed,TN-1738.jpg,2
0aadca013d904b0ece46c815e4243ce9,/home/sparsh/Naplam/Bangladesh-UAV-PlantDisease/Test Dataset/Mixed/TN-324.jpg,Mixed,TN-324.jpg,2
692d657f1d3d5a67429e22f89ae9ddce,/home/sparsh/Naplam/Bangladesh-UAV-PlantDisease/Training Dataset/Mixed/TN-40.jpg,Mixed,TN-40.jpg,2
ae2c003f605a3955cb4a22ab3ec222d0,/home/sparsh/Naplam/Bangladesh-UAV-PlantDisease/Training Dataset/Mixed/TN-1008.jpg,Mixed,TN-1008.jpg,2
fce9fecd967bacf9ab45a2646c872be9,/home/sparsh/Naplam/Bangladesh-UAV-PlantDisease/Training Dataset/Strong-Light Burn/TN-244.jpg,Strong-Light Burn,TN-244.jpg,4
183031138e3b1f782325a2fc5dbd4853,/home/sparsh/Naplam/Bangladesh-UAV-PlantDisease/Test Dataset/Hail damages/TN-2625.jpg,Hail damage,TN-2625.jpg,1
c459074345d7c3f6779b12a00ec9f8f5,/home/sparsh/Naplam/Bangladesh-UAV-PlantDisease/Test Dataset/Hail damages/TN-1438.jpg,Hail damage,TN-1438.jpg,1
bb10a7ea372f6e83267fc8d1768eed96,/home/sparsh/Naplam/Bangladesh-UAV-PlantDisease/Training Dataset/Mixed/TN-16.jpg,Mixed,TN-16.jpg,2
acb578b8f8fd7a03a72dc372dbe61e54,/home/sparsh/Naplam/Bangladesh-UAV-PlantDisease/Training Dataset/Hail damage/TN-724.jpg,Hail damage,TN-724.jpg,1
57213eef978650ac01f0d592652d79e6,/home/sparsh/Naplam/Bangladesh-UAV-PlantDisease/Training Dataset/Mixed/TN-2201.jpg,Mixed,TN-2201.jpg,2
1795d8f667bb0e52d4343d6d08627fbd,/home/sparsh/Naplam/Bangladesh-UAV-PlantDisease/Training Dataset/Mixed/TN-54.jpg,Mixed,TN-54.jpg,2
e1dbb932de2d114bc9faea7e20bcda79,/home/sparsh/Naplam/Bangladesh-UAV-PlantDisease/Test Dataset/Hail damages/TN-2087.jpg,Hail damage,TN-2087.jpg,1
67af1a9fd3ccb3260cbda6af70202ae5,/home/sparsh/Naplam/Bangladesh-UAV-PlantDisease/Training Dataset/Mixed/TN-2394.jpg,Mixed,TN-2394.jpg,2
2f0bda1c9c856fb9a5ed9e5c07f804d7,/home/sparsh/Naplam/Bangladesh-UAV-PlantDisease/Training Dataset/Cotton Bollworm Infestation/TN-486.jpg,Cotton Bollworm Infestation,TN-486.jpg,0
e3469596b96bd7453cdbcff800c9d2a0,/home/sparsh/Naplam/Bangladesh-UAV-PlantDisease/Training Dataset/Mixed/TN-336.jpg,Mixed,TN-336.jpg,2
7efa67da4613a442da2909353a4f2dc1,/home/sparsh/Naplam/Bangladesh-UAV-PlantDisease/Training Dataset/Mixed/TN-2286.jpg,Mixed,TN-2286.jpg,2
93c4a9eba2d67888f71a241f51a927a4,/home/sparsh/Naplam/Bangladesh-UAV-PlantDisease/Training Dataset/Hail damage/TN-413.jpg,Hail damage,TN-413.jpg,1
26ea5287389c8c4c2ae37efdb6ba0c11,/home/sparsh/Naplam/Bangladesh-UAV-PlantDisease/Training Dataset/Cotton Bollworm Infestation/TN-514.jpg,Cotton Bollworm Infestation,TN-514.jpg,0
6d3008d46a721160d84bfbe28873cd12,/home/sparsh/Naplam/Bangladesh-UAV-PlantDisease/Training Dataset/Mixed/TN-2177.jpg,Mixed,TN-2177.jpg,2
5eac56236db161f9e8a935220047718e,/home/sparsh/Naplam/Bangladesh-UAV-PlantDisease/Test Dataset/Hail damages/TN-1735.jpg,Hail damage,TN-1735.jpg,1
7f4e1ff16265283bc1deeedb2ba04b5c,/home/sparsh/Naplam/Bangladesh-UAV-PlantDisease/Test Dataset/Hail damages/TN-2760.jpg,Hail damage,TN-2760.jpg,1
6533fc774d09256182906699931ad69c,/home/sparsh/Naplam/Bangladesh-UAV-PlantDisease/Training Dataset/Mixed/TN-827.jpg,Mixed,TN-827.jpg,2
114b5e8815f93e092248ad9928601a8e,/home/sparsh/Naplam/Bangladesh-UAV-PlantDisease/Training Dataset/Mixed/TN-1811.jpg,Mixed,TN-1811.jpg,2
6927c145ddd0d5eb6920eed1a94d48b8,/home/sparsh/Naplam/Bangladesh-UAV-PlantDisease/Training Dataset/Cotton Bollworm Infestation/TN-765.jpg,Cotton Bollworm Infestation,TN-765.jpg,0
a96df66434e4fa3fb03fbf8bec99c71e,/home/sparsh/Naplam/Bangladesh-UAV-PlantDisease/Training Dataset/Cotton Bollworm Infestation/TN-176.jpg,Cotton Bollworm Infestation,TN-176.jpg,0
40213191ba670a299793893927b86393,/home/sparsh/Naplam/Bangladesh-UAV-PlantDisease/Training Dataset/Cotton Bollworm Infestation/TN-900.jpg,Cotton Bollworm Infestation,TN-900.jpg,0
5bd8d9a87f3efecc47190eb38495f141,/home/sparsh/Naplam/Bangladesh-UAV-PlantDisease/Training Dataset/Mixed/TN-2200.jpg,Mixed,TN-2200.jpg,2
970ab4bd1077e1b530023b3e84d1751d,/home/sparsh/Naplam/Bangladesh-UAV-PlantDisease/Test Dataset/Hail damages/TN-2169.jpg,Hail damage,TN-2169.jpg,1
19ef8d4b3a7e805b4c4decb6c6688051,/home/sparsh/Naplam/Bangladesh-UAV-PlantDisease/Training Dataset/Strong-Light Burn/TN-136.jpg,Strong-Light Burn,TN-136.jpg,4
048f16b4375a1a9eb0593edb2487cf05,/home/sparsh/Naplam/Bangladesh-UAV-PlantDisease/Training Dataset/Mixed/TN-2349.jpg,Mixed,TN-2349.jpg,2
8d7e7c2e453d5af3c2a966bcbf5add69,/home/sparsh/Naplam/Bangladesh-UAV-PlantDisease/Training Dataset/Mixed/TN-1433.jpg,Mixed,TN-1433.jpg,2
f0d8f2123cafb7c8866621a0802ecdaf,/home/sparsh/Naplam/Bangladesh-UAV-PlantDisease/Training Dataset/Strong-Light Burn/TN-481.jpg,Strong-Light Burn,TN-481.jpg,4
258a828d8754db761e120b0779697bf0,/home/sparsh/Naplam/Bangladesh-UAV-PlantDisease/Test Dataset/Hail damages/TN-667.jpg,Hail damage,TN-667.jpg,1
4e49661ccf85eeebaea7fac6c047012e,/home/sparsh/Naplam/Bangladesh-UAV-PlantDisease/Test Dataset/Hail damages/TN-123.jpg,Hail damage,TN-123.jpg,1
77fed941aaa33affba3c5b94b508d068,/home/sparsh/Naplam/Bangladesh-UAV-PlantDisease/Test Dataset/Hail damages/TN-2594.jpg,Hail damage,TN-2594.jpg,1
08912f57c0c1c5a0e3f0107335f5fa4c,/home/sparsh/Naplam/Bangladesh-UAV-PlantDisease/Training Dataset/Mixed/TN-1184.jpg,Mixed,TN-1184.jpg,2
f12fe534fe98d13b159ac63dd36f59d7,/home/sparsh/Naplam/Bangladesh-UAV-PlantDisease/Training Dataset/Mixed/TN-1351.jpg,Mixed,TN-1351.jpg,2
509192103cbe690cc6eed34e12944f01,/home/sparsh/Naplam/Bangladesh-UAV-PlantDisease/Training Dataset/Mixed/TN-1838.jpg,Mixed,TN-1838.jpg,2
a0b1bfe980466ff1a06f5089d86f0254,/home/sparsh/Naplam/Bangladesh-UAV-PlantDisease/Training Dataset/Hail damage/TN-390.jpg,Hail damage,TN-390.jpg,1
ba2ed2a8753074ecdf307d55f3654eb6,/home/sparsh/Naplam/Bangladesh-UAV-PlantDisease/Training Dataset/Root Damage/TN-291.jpg,Root Damage,TN-291.jpg,3
7e027036135e93fd3a469347d218723c,/home/sparsh/Naplam/Bangladesh-UAV-PlantDisease/Training Dataset/Hail damage/TN-194.jpg,Hail damage,TN-194.jpg,1
8e7fcfd535714ac7c7cade900125a4d1,/home/sparsh/Naplam/Bangladesh-UAV-PlantDisease/Training Dataset/Mixed/TN-1228.jpg,Mixed,TN-1228.jpg,2
e1805aa59b19f5fb0870ce4d020fd8f9,/home/sparsh/Naplam/Bangladesh-UAV-PlantDisease/Training Dataset/Mixed/TN-578.jpg,Mixed,TN-578.jpg,2
f2446d1885e14e652b3622def6d5651a,/home/sparsh/Naplam/Bangladesh-UAV-PlantDisease/Training Dataset/Mixed/TN-826.jpg,Mixed,TN-826.jpg,2
47f846ac3ffc9613ca70890ab60bfa78,/home/sparsh/Naplam/Bangladesh-UAV-PlantDisease/Training Dataset/Mixed/TN-1179.jpg,Mixed,TN-1179.jpg,2
35285b83ece8ac69472cc51697a75a15,/home/sparsh/Naplam/Bangladesh-UAV-PlantDisease/Training Dataset/Hail damage/TN-493.jpg,Hail damage,TN-493.jpg,1
12adf4ea3cff2cc627a9f9e12ca21025,/home/sparsh/Naplam/Bangladesh-UAV-PlantDisease/Test Dataset/Hail damages/TN-1460.jpg,Hail damage,TN-1460.jpg,1
5db3bb1be0e7a45a803aca6f9d62fbf0,/home/sparsh/Naplam/Bangladesh-UAV-PlantDisease/Training Dataset/Mixed/TN-514.jpg,Mixed,TN-514.jpg,2
6d2f777fc21af96e8180ee9a84c4fb32,/home/sparsh/Naplam/Bangladesh-UAV-PlantDisease/Training Dataset/Strong-Light Burn/TN-308.jpg,Strong-Light Burn,TN-308.jpg,4
1022ce432b37f6f158849b21dd2bd7b7,/home/sparsh/Naplam/Bangladesh-UAV-PlantDisease/Training Dataset/Hail damage/TN-753.jpg,Hail damage,TN-753.jpg,1
350ebabdad2ba953472ce99fb588ecc5,/home/sparsh/Naplam/Bangladesh-UAV-PlantDisease/Test Dataset/Hail damages/TN-2671.jpg,Hail damage,TN-2671.jpg,1
3652d924820c5c359e2e826c29b7f409,/home/sparsh/Naplam/Bangladesh-UAV-PlantDisease/Training Dataset/Mixed/TN-1871.jpg,Mixed,TN-1871.jpg,2
1ab0e7039a212488e98e07d84211aed4,/home/sparsh/Naplam/Bangladesh-UAV-PlantDisease/Test Dataset/Hail damages/TN-2189.jpg,Hail damage,TN-2189.jpg,1
228a9c678766d77bd1e13fa343a05831,/home/sparsh/Naplam/Bangladesh-UAV-PlantDisease/Training Dataset/Root Damage/TN-219.jpg,Root Damage,TN-219.jpg,3
4cbad8e5e1ea2ba41f4de1caad167fcd,/home/sparsh/Naplam/Bangladesh-UAV-PlantDisease/Training Dataset/Cotton Bollworm Infestation/TN-999.jpg,Cotton Bollworm Infestation,TN-999.jpg,0
71afc346c5765023fa497ce5c17049f1,/home/sparsh/Naplam/Bangladesh-UAV-PlantDisease/Training Dataset/Mixed/TN-589.jpg,Mixed,TN-589.jpg,2
f8a6db48d522833c702d2e76fc48e860,/home/sparsh/Naplam/Bangladesh-UAV-PlantDisease/Training Dataset/Mixed/TN-1727.jpg,Mixed,TN-1727.jpg,2
d03d1fea79d6ac7bc9a83a4943bea4f7,/home/sparsh/Naplam/Bangladesh-UAV-PlantDisease/Training Dataset/Root Damage/TN-84.jpg,Root Damage,TN-84.jpg,3
d220f3decb3fb7ad8c1a480b38275c54,/home/sparsh/Naplam/Bangladesh-UAV-PlantDisease/Test Dataset/Hail damages/TN-1905.jpg,Hail damage,TN-1905.jpg,1
ef96b24b9a901549974d056353620249,/home/sparsh/Naplam/Bangladesh-UAV-PlantDisease/Training Dataset/Hail damage/TN-798.jpg,Hail damage,TN-798.jpg,1
b22519b3b679394977442546737b9f86,/home/sparsh/Naplam/Bangladesh-UAV-PlantDisease/Training Dataset/Mixed/TN-1139.jpg,Mixed,TN-1139.jpg,2
4d49aaf53d4dc8942d0a45a0cef1d512,/home/sparsh/Naplam/Bangladesh-UAV-PlantDisease/Test Dataset/Hail damages/TN-680.jpg,Hail damage,TN-680.jpg,1
63285d0d4c38b30a12fe2649ee2fbf0e,/home/sparsh/Naplam/Bangladesh-UAV-PlantDisease/Test Dataset/Hail damages/TN-1368.jpg,Hail damage,TN-1368.jpg,1
c1b6038a604d619de6c0fd1637860152,/home/sparsh/Naplam/Bangladesh-UAV-PlantDisease/Training Dataset/Mixed/TN-786.jpg,Mixed,TN-786.jpg,2
066fc427f2cc7ca32b2ed002c789e71a,/home/sparsh/Naplam/Bangladesh-UAV-PlantDisease/Training Dataset/Mixed/TN-1405.jpg,Mixed,TN-1405.jpg,2
6403ddeb6b4009a218d3b8576357bf2c,/home/sparsh/Naplam/Bangladesh-UAV-PlantDisease/Training Dataset/Strong-Light Burn/TN-260.jpg,Strong-Light Burn,TN-260.jpg,4
67ac47b286ed73666f7a96e21070b5c3,/home/sparsh/Naplam/Bangladesh-UAV-PlantDisease/Test Dataset/Hail damages/TN-1463.jpg,Hail damage,TN-1463.jpg,1
a1ddf7021cd90cf88e8cfe6fbe27b8ad,/home/sparsh/Naplam/Bangladesh-UAV-PlantDisease/Training Dataset/Root Damage/TN-40.jpg,Root Damage,TN-40.jpg,3
7b0473d49f60e92ba9748e7d9cdb705b,/home/sparsh/Naplam/Bangladesh-UAV-PlantDisease/Training Dataset/Strong-Light Burn/TN-189.jpg,Strong-Light Burn,TN-189.jpg,4
81305ea4ba9fa6d30152669ecd951591,/home/sparsh/Naplam/Bangladesh-UAV-PlantDisease/Test Dataset/Hail damages/TN-2849.jpg,Hail damage,TN-2849.jpg,1
471ec6925e4b999a8afed4c4bc88f7bb,/home/sparsh/Naplam/Bangladesh-UAV-PlantDisease/Training Dataset/Root Damage/TN-813.jpg,Root Damage,TN-813.jpg,3
37b4fd3cb20cb2282c27552663964721,/home/sparsh/Naplam/Bangladesh-UAV-PlantDisease/Test Dataset/Hail damages/TN-2675.jpg,Hail damage,TN-2675.jpg,1
aa8e67f93968a42abda99b04a150f565,/home/sparsh/Naplam/Bangladesh-UAV-PlantDisease/Test Dataset/Hail damages/TN-2249.jpg,Hail damage,TN-2249.jpg,1
789e4046f50b3a10a345f464ddf75e75,/home/sparsh/Naplam/Bangladesh-UAV-PlantDisease/Test Dataset/Mixed/TN-480.jpg,Mixed,TN-480.jpg,2
7b05080373b36732893b77ec07fa4005,/home/sparsh/Naplam/Bangladesh-UAV-PlantDisease/Training Dataset/Strong-Light Burn/TN-622.jpg,Strong-Light Burn,TN-622.jpg,4
1121a9ae49ac9225b1e81f17e69181db,/home/sparsh/Naplam/Bangladesh-UAV-PlantDisease/Training Dataset/Mixed/TN-1220.jpg,Mixed,TN-1220.jpg,2
a0de8652593915bca9a51c029cf10a31,/home/sparsh/Naplam/Bangladesh-UAV-PlantDisease/Test Dataset/Hail damages/TN-1269.jpg,Hail damage,TN-1269.jpg,1
7fb5e905165ab0ca73cf62824e134e53,/home/sparsh/Naplam/Bangladesh-UAV-PlantDisease/Training Dataset/Mixed/TN-2269.jpg,Mixed,TN-2269.jpg,2
1b6358ea96e4bab9b46a7bc66c26eb85,/home/sparsh/Naplam/Bangladesh-UAV-PlantDisease/Training Dataset/Strong-Light Burn/TN-46.jpg,Strong-Light Burn,TN-46.jpg,4
7ff71d68f24548c8306ca00c25b815c4,/home/sparsh/Naplam/Bangladesh-UAV-PlantDisease/Training Dataset/Mixed/TN-694.jpg,Mixed,TN-694.jpg,2
c3141f8a490105f2950c7e4b506341b6,/home/sparsh/Naplam/Bangladesh-UAV-PlantDisease/Training Dataset/Mixed/TN-2401.jpg,Mixed,TN-2401.jpg,2
d53223c14bb7cb73859594ea9206a70c,/home/sparsh/Naplam/Bangladesh-UAV-PlantDisease/Training Dataset/Mixed/TN-1265.jpg,Mixed,TN-1265.jpg,2
a21423cb4de8677711c5c8688f0d6385,/home/sparsh/Naplam/Bangladesh-UAV-PlantDisease/Training Dataset/Mixed/TN-2169.jpg,Mixed,TN-2169.jpg,2
fb9ec0c0707211102625c6b4d2e87a33,/home/sparsh/Naplam/Bangladesh-UAV-PlantDisease/Training Dataset/Hail damage/TN-205.jpg,Hail damage,TN-205.jpg,1
625d7f423b20705d4a05d8a13aa9d968,/home/sparsh/Naplam/Bangladesh-UAV-PlantDisease/Training Dataset/Mixed/TN-1779.jpg,Mixed,TN-1779.jpg,2
ba6f970f8815e8a7b240e6f94f84e91a,/home/sparsh/Naplam/Bangladesh-UAV-PlantDisease/Training Dataset/Mixed/TN-2052.jpg,Mixed,TN-2052.jpg,2
23dd48da5ce7d109bfe9b22673f6cd11,/home/sparsh/Naplam/Bangladesh-UAV-PlantDisease/Training Dataset/Hail damage/TN-294.jpg,Hail damage,TN-294.jpg,1
905239f4047af5596c80d82256597179,/home/sparsh/Naplam/Bangladesh-UAV-PlantDisease/Training Dataset/Cotton Bollworm Infestation/TN-773.jpg,Cotton Bollworm Infestation,TN-773.jpg,0
35e8141b73b741f4d80395e9bbf2cde3,/home/sparsh/Naplam/Bangladesh-UAV-PlantDisease/Test Dataset/Hail damages/TN-1968.jpg,Hail damage,TN-1968.jpg,1
bcaa29c0fa43fbeb0cf05ca76cb2641d,/home/sparsh/Naplam/Bangladesh-UAV-PlantDisease/Test Dataset/Root Damage/TN-384.jpg,Root Damage,TN-384.jpg,3
119a9bcf15906522c661a6bb8f61ae6f,/home/sparsh/Naplam/Bangladesh-UAV-PlantDisease/Training Dataset/Mixed/TN-1436.jpg,Mixed,TN-1436.jpg,2
2fb29d75c59024a429cf4891b6c904ac,/home/sparsh/Naplam/Bangladesh-UAV-PlantDisease/Training Dataset/Mixed/TN-139.jpg,Mixed,TN-139.jpg,2
27f7d4fd832bfa5830dce62de3a47f3e,/home/sparsh/Naplam/Bangladesh-UAV-PlantDisease/Training Dataset/Strong-Light Burn/TN-74.jpg,Strong-Light Burn,TN-74.jpg,4
3a908e8fd0d4b0ec0e5c9df71094a0dc,/home/sparsh/Naplam/Bangladesh-UAV-PlantDisease/Training Dataset/Root Damage/TN-39.jpg,Root Damage,TN-39.jpg,3
bcb496e07abeb95c7b981823202c8861,/home/sparsh/Naplam/Bangladesh-UAV-PlantDisease/Training Dataset/Mixed/TN-625.jpg,Mixed,TN-625.jpg,2
afe143be680336c414925570254b13eb,/home/sparsh/Naplam/Bangladesh-UAV-PlantDisease/Training Dataset/Cotton Bollworm Infestation/TN-274.jpg,Cotton Bollworm Infestation,TN-274.jpg,0
d2b8ad1fc2b05a09e5123ccc160dc338,/home/sparsh/Naplam/Bangladesh-UAV-PlantDisease/Training Dataset/Mixed/TN-1903.jpg,Mixed,TN-1903.jpg,2
0ae66c92877e89e44b50996d1321815a,/home/sparsh/Naplam/Bangladesh-UAV-PlantDisease/Training Dataset/Cotton Bollworm Infestation/TN-949.jpg,Cotton Bollworm Infestation,TN-949.jpg,0
5ef94b57a282dc5e5fce7daddcb1c054,/home/sparsh/Naplam/Bangladesh-UAV-PlantDisease/Training Dataset/Root Damage/TN-102.jpg,Root Damage,TN-102.jpg,3
e48674b52d1cb6ae3872aa271b8218c4,/home/sparsh/Naplam/Bangladesh-UAV-PlantDisease/Training Dataset/Hail damage/TN-456.jpg,Hail damage,TN-456.jpg,1
2c237099b05bccb882fdc52e876c5a6b,/home/sparsh/Naplam/Bangladesh-UAV-PlantDisease/Test Dataset/Hail damages/TN-1723.jpg,Hail damage,TN-1723.jpg,1
2178318740d2100f6a11e1381b32ff7d,/home/sparsh/Naplam/Bangladesh-UAV-PlantDisease/Training Dataset/Hail damage/TN-171.jpg,Hail damage,TN-171.jpg,1
e065027d3289b52cbfa6392d7f700d4e,/home/sparsh/Naplam/Bangladesh-UAV-PlantDisease/Training Dataset/Hail damage/TN-391.jpg,Hail damage,TN-391.jpg,1
85987cb6ce6f7d255764d431925de9d6,/home/sparsh/Naplam/Bangladesh-UAV-PlantDisease/Training Dataset/Hail damage/TN-387.jpg,Hail damage,TN-387.jpg,1
9f13e3cadb8652ace13b15028bf6ad78,/home/sparsh/Naplam/Bangladesh-UAV-PlantDisease/Training Dataset/Mixed/TN-438.jpg,Mixed,TN-438.jpg,2
247090831675aa58d5b8cffe9ddbc66c,/home/sparsh/Naplam/Bangladesh-UAV-PlantDisease/Training Dataset/Cotton Bollworm Infestation/TN-928.jpg,Cotton Bollworm Infestation,TN-928.jpg,0
5061372c8beabce49ecb1cef59116ba2,/home/sparsh/Naplam/Bangladesh-UAV-PlantDisease/Test Dataset/Hail damages/TN-2308.jpg,Hail damage,TN-2308.jpg,1
7a3b64c51923c90e1af086c647d619e3,/home/sparsh/Naplam/Bangladesh-UAV-PlantDisease/Training Dataset/Strong-Light Burn/TN-228.jpg,Strong-Light Burn,TN-228.jpg,4
0567b6bb79c2bf7de96c5ebfd0bc846e,/home/sparsh/Naplam/Bangladesh-UAV-PlantDisease/Training Dataset/Mixed/TN-2019.jpg,Mixed,TN-2019.jpg,2
65fad1834f022392b552d7f1c4e759ea,/home/sparsh/Naplam/Bangladesh-UAV-PlantDisease/Test Dataset/Hail damages/TN-1117.jpg,Hail damage,TN-1117.jpg,1
8ff89261ad5bef2be39be438d63c2b32,/home/sparsh/Naplam/Bangladesh-UAV-PlantDisease/Training Dataset/Cotton Bollworm Infestation/TN-972.jpg,Cotton Bollworm Infestation,TN-972.jpg,0
fd03d24f185ddc4bd26055e9be3746b8,/home/sparsh/Naplam/Bangladesh-UAV-PlantDisease/Training Dataset/Root Damage/TN-827.jpg,Root Damage,TN-827.jpg,3
380b5e02fc46c5392b9bfcb42e7f5c29,/home/sparsh/Naplam/Bangladesh-UAV-PlantDisease/Training Dataset/Strong-Light Burn/TN-122.jpg,Strong-Light Burn,TN-122.jpg,4
aef9ae183ba46951317b1a90d3b5dc22,/home/sparsh/Naplam/Bangladesh-UAV-PlantDisease/Training Dataset/Strong-Light Burn/TN-410.jpg,Strong-Light Burn,TN-410.jpg,4
23bdecfe4422d91f9bd88f57e582f0a4,/home/sparsh/Naplam/Bangladesh-UAV-PlantDisease/Training Dataset/Cotton Bollworm Infestation/TN-700.jpg,Cotton Bollworm Infestation,TN-700.jpg,0
ccedf853916433f4bf41bc47e7c824b7,/home/sparsh/Naplam/Bangladesh-UAV-PlantDisease/Training Dataset/Root Damage/TN-817.jpg,Root Damage,TN-817.jpg,3
6689649bdae04578c1b754c649546514,/home/sparsh/Naplam/Bangladesh-UAV-PlantDisease/Training Dataset/Root Damage/TN-290.jpg,Root Damage,TN-290.jpg,3
25c756c4d30d10a001422cd6be71c797,/home/sparsh/Naplam/Bangladesh-UAV-PlantDisease/Training Dataset/Mixed/TN-822.jpg,Mixed,TN-822.jpg,2
025d03713e57f18710eba975820e7f5a,/home/sparsh/Naplam/Bangladesh-UAV-PlantDisease/Test Dataset/Hail damages/TN-1245.jpg,Hail damage,TN-1245.jpg,1
6e790f76aa6a052f306643111b07b80d,/home/sparsh/Naplam/Bangladesh-UAV-PlantDisease/Test Dataset/Hail damages/TN-1407.jpg,Hail damage,TN-1407.jpg,1
23a39fb55a0e2f6d7cb5eebca582bf72,/home/sparsh/Naplam/Bangladesh-UAV-PlantDisease/Training Dataset/Root Damage/TN-105.jpg,Root Damage,TN-105.jpg,3
ecd9a9694ea204083308c3c3cf262a73,/home/sparsh/Naplam/Bangladesh-UAV-PlantDisease/Training Dataset/Cotton Bollworm Infestation/TN-679.jpg,Cotton Bollworm Infestation,TN-679.jpg,0
cf088b3713a71b486c7c998a05178eda,/home/sparsh/Naplam/Bangladesh-UAV-PlantDisease/Training Dataset/Mixed/TN-1455.jpg,Mixed,TN-1455.jpg,2
e41477de9291a79178dd433d7b590c86,/home/sparsh/Naplam/Bangladesh-UAV-PlantDisease/Training Dataset/Mixed/TN-1823.jpg,Mixed,TN-1823.jpg,2
34140d49c096d23415fa076de1b22c3e,/home/sparsh/Naplam/Bangladesh-UAV-PlantDisease/Training Dataset/Mixed/TN-1284.jpg,Mixed,TN-1284.jpg,2
1cd4c5566815bb60a4139cf5a4d35489,/home/sparsh/Naplam/Bangladesh-UAV-PlantDisease/Test Dataset/Hail damages/TN-1110.jpg,Hail damage,TN-1110.jpg,1
1b45ee7990626d2db6f3701a1a4ace8c,/home/sparsh/Naplam/Bangladesh-UAV-PlantDisease/Training Dataset/Mixed/TN-2131.jpg,Mixed,TN-2131.jpg,2
c6ae7294b1fd358ca97d7d6f4787614b,/home/sparsh/Naplam/Bangladesh-UAV-PlantDisease/Training Dataset/Strong-Light Burn/TN-691.jpg,Strong-Light Burn,TN-691.jpg,4
38da2b9a731cac52c6d30a8f9bdedc2d,/home/sparsh/Naplam/Bangladesh-UAV-PlantDisease/Training Dataset/Root Damage/TN-777.jpg,Root Damage,TN-777.jpg,3
5aa67849669dcd605db6c76dc0d68769,/home/sparsh/Naplam/Bangladesh-UAV-PlantDisease/Training Dataset/Hail damage/TN-2.jpg,Hail damage,TN-2.jpg,1
579e4c10680281a7db51dde9d6589e0d,/home/sparsh/Naplam/Bangladesh-UAV-PlantDisease/Training Dataset/Hail damage/TN-668.jpg,Hail damage,TN-668.jpg,1
e5e514e3f7bd978fff1b666a3fe247f6,/home/sparsh/Naplam/Bangladesh-UAV-PlantDisease/Training Dataset/Mixed/TN-59.jpg,Mixed,TN-59.jpg,2
0a45331a9bce780d70827d2af236a1c1,/home/sparsh/Naplam/Bangladesh-UAV-PlantDisease/Training Dataset/Cotton Bollworm Infestation/TN-581.jpg,Cotton Bollworm Infestation,TN-581.jpg,0
d5dbc951e773ae5da289bde0bb5edecf,/home/sparsh/Naplam/Bangladesh-UAV-PlantDisease/Training Dataset/Mixed/TN-157.jpg,Mixed,TN-157.jpg,2
45e7f17628bf7d5fa68d08d7ec4eda1e,/home/sparsh/Naplam/Bangladesh-UAV-PlantDisease/Training Dataset/Mixed/TN-1251.jpg,Mixed,TN-1251.jpg,2
aeb48a44308b3b1cfed029640292192f,/home/sparsh/Naplam/Bangladesh-UAV-PlantDisease/Training Dataset/Mixed/TN-1198.jpg,Mixed,TN-1198.jpg,2
1cea003e4877f14a4769c0735c63c2c7,/home/sparsh/Naplam/Bangladesh-UAV-PlantDisease/Test Dataset/Hail damages/TN-2367.jpg,Hail damage,TN-2367.jpg,1
dfca087938deb71e1b006079704ffd42,/home/sparsh/Naplam/Bangladesh-UAV-PlantDisease/Test Dataset/Hail damages/TN-2266.jpg,Hail damage,TN-2266.jpg,1
e2d86e84ef702b7e0b6e6f946803719d,/home/sparsh/Naplam/Bangladesh-UAV-PlantDisease/Training Dataset/Mixed/TN-671.jpg,Mixed,TN-671.jpg,2
77df99875990576efaa88792f4dc2ca9,/home/sparsh/Naplam/Bangladesh-UAV-PlantDisease/Training Dataset/Strong-Light Burn/TN-143.jpg,Strong-Light Burn,TN-143.jpg,4
4798a905291b095246e9e2daf75181c0,/home/sparsh/Naplam/Bangladesh-UAV-PlantDisease/Training Dataset/Hail damage/TN-166.jpg,Hail damage,TN-166.jpg,1
667033e9b19a87a33383659c09318b7f,/home/sparsh/Naplam/Bangladesh-UAV-PlantDisease/Test Dataset/Hail damages/TN-650.jpg,Hail damage,TN-650.jpg,1
7cae4b36cfd1fdee52bdc1ca68ed4351,/home/sparsh/Naplam/Bangladesh-UAV-PlantDisease/Training Dataset/Mixed/TN-886.jpg,Mixed,TN-886.jpg,2
2bba0b64a39601fe9fcf95f4484ac001,/home/sparsh/Naplam/Bangladesh-UAV-PlantDisease/Training Dataset/Root Damage/TN-248.jpg,Root Damage,TN-248.jpg,3
2c2eada266b8a693ed399d4f5ff3a8f4,/home/sparsh/Naplam/Bangladesh-UAV-PlantDisease/Training Dataset/Mixed/TN-1279.jpg,Mixed,TN-1279.jpg,2
2a850c878a463327ba9b2c93cbe7396b,/home/sparsh/Naplam/Bangladesh-UAV-PlantDisease/Test Dataset/Hail damages/TN-2920.jpg,Hail damage,TN-2920.jpg,1
23a688a81760939a73ca4eceae4f7924,/home/sparsh/Naplam/Bangladesh-UAV-PlantDisease/Training Dataset/Mixed/TN-640.jpg,Mixed,TN-640.jpg,2
471f9abad8e31d1f05178ef289c6bf0b,/home/sparsh/Naplam/Bangladesh-UAV-PlantDisease/Training Dataset/Root Damage/TN-198.jpg,Root Damage,TN-198.jpg,3
0fcf99f6d05611db3b2cb425ec890e4a,/home/sparsh/Naplam/Bangladesh-UAV-PlantDisease/Training Dataset/Mixed/TN-1818.jpg,Mixed,TN-1818.jpg,2
912a807fc799fe8afc9c9a7c40703a8d,/home/sparsh/Naplam/Bangladesh-UAV-PlantDisease/Training Dataset/Mixed/TN-1517.jpg,Mixed,TN-1517.jpg,2
554f300a47d76dfbd139e70123746374,/home/sparsh/Naplam/Bangladesh-UAV-PlantDisease/Training Dataset/Cotton Bollworm Infestation/TN-939.jpg,Cotton Bollworm Infestation,TN-939.jpg,0
bbcf1f7a963904fd5777d0de8d106556,/home/sparsh/Naplam/Bangladesh-UAV-PlantDisease/Test Dataset/Hail damages/TN-1275.jpg,Hail damage,TN-1275.jpg,1
4139f408da5ec7d7bf987a565fb01a80,/home/sparsh/Naplam/Bangladesh-UAV-PlantDisease/Training Dataset/Strong-Light Burn/TN-194.jpg,Strong-Light Burn,TN-194.jpg,4
c40fe31f5dde546bbdd20e4e1a8c79c9,/home/sparsh/Naplam/Bangladesh-UAV-PlantDisease/Test Dataset/Hail damages/TN-2680.jpg,Hail damage,TN-2680.jpg,1
08a0dcb69cf4a08247a26c8430689334,/home/sparsh/Naplam/Bangladesh-UAV-PlantDisease/Training Dataset/Cotton Bollworm Infestation/TN-74.jpg,Cotton Bollworm Infestation,TN-74.jpg,0
d6bb0768833817714f528bf652d719b6,/home/sparsh/Naplam/Bangladesh-UAV-PlantDisease/Training Dataset/Mixed/TN-1843.jpg,Mixed,TN-1843.jpg,2
ca66db8930b724e57c117c325211a04b,/home/sparsh/Naplam/Bangladesh-UAV-PlantDisease/Training Dataset/Root Damage/TN-216.jpg,Root Damage,TN-216.jpg,3
01dbfea4ae0e091665af3be30add2c3f,/home/sparsh/Naplam/Bangladesh-UAV-PlantDisease/Training Dataset/Mixed/TN-1356.jpg,Mixed,TN-1356.jpg,2
fe1a1a88a82a69ce6ee81d30ea812910,/home/sparsh/Naplam/Bangladesh-UAV-PlantDisease/Test Dataset/Hail damages/TN-651.jpg,Hail damage,TN-651.jpg,1
7d72e26142a1e373a8a1dea624720846,/home/sparsh/Naplam/Bangladesh-UAV-PlantDisease/Training Dataset/Mixed/TN-536.jpg,Mixed,TN-536.jpg,2
4aee47d5a1463438e44b110376f51147,/home/sparsh/Naplam/Bangladesh-UAV-PlantDisease/Test Dataset/Hail damages/TN-1195.jpg,Hail damage,TN-1195.jpg,1
5f803f477186489a564208dc2d43b3e9,/home/sparsh/Naplam/Bangladesh-UAV-PlantDisease/Training Dataset/Hail damage/TN-743.jpg,Hail damage,TN-743.jpg,1
507c7ee6a55ecbfe88923d80abb7f4f2,/home/sparsh/Naplam/Bangladesh-UAV-PlantDisease/Training Dataset/Cotton Bollworm Infestation/TN-504.jpg,Cotton Bollworm Infestation,TN-504.jpg,0
1b969ac247172ba9388197c87ae424a2,/home/sparsh/Naplam/Bangladesh-UAV-PlantDisease/Training Dataset/Mixed/TN-1442.jpg,Mixed,TN-1442.jpg,2
4a5ead9bf758e4ffaeda1c108015e00a,/home/sparsh/Naplam/Bangladesh-UAV-PlantDisease/Test Dataset/Hail damages/TN-1783.jpg,Hail damage,TN-1783.jpg,1
693b4ffdc9fc23280c9296fb2f72ac6a,/home/sparsh/Naplam/Bangladesh-UAV-PlantDisease/Training Dataset/Mixed/TN-1657.jpg,Mixed,TN-1657.jpg,2
94a3fda49d9775603f65d20ec87cc388,/home/sparsh/Naplam/Bangladesh-UAV-PlantDisease/Training Dataset/Strong-Light Burn/TN-420.jpg,Strong-Light Burn,TN-420.jpg,4
f20309bfc216db74f2dca44da9ef4b6a,/home/sparsh/Naplam/Bangladesh-UAV-PlantDisease/Training Dataset/Root Damage/TN-568.jpg,Root Damage,TN-568.jpg,3
7f74d26e1964e01a29bfda2a9558d136,/home/sparsh/Naplam/Bangladesh-UAV-PlantDisease/Training Dataset/Mixed/TN-2081.jpg,Mixed,TN-2081.jpg,2
3dc1b80cc341a7117e5a8c07240aaf5a,/home/sparsh/Naplam/Bangladesh-UAV-PlantDisease/Training Dataset/Mixed/TN-377.jpg,Mixed,TN-377.jpg,2
37e0ab448f726122ad5c204505b5728e,/home/sparsh/Naplam/Bangladesh-UAV-PlantDisease/Training Dataset/Hail damage/TN-703.jpg,Hail damage,TN-703.jpg,1
10f236a02e8b67b4cb9baf5666bb4cb2,/home/sparsh/Naplam/Bangladesh-UAV-PlantDisease/Training Dataset/Cotton Bollworm Infestation/TN-452.jpg,Cotton Bollworm Infestation,TN-452.jpg,0
a2a58fb67d4e9864060f24d38f053bdf,/home/sparsh/Naplam/Bangladesh-UAV-PlantDisease/Test Dataset/Hail damages/TN-2521.jpg,Hail damage,TN-2521.jpg,1
3c78a986faa1311b763d73d8ac013ace,/home/sparsh/Naplam/Bangladesh-UAV-PlantDisease/Training Dataset/Hail damage/TN-163.jpg,Hail damage,TN-163.jpg,1
e025aab227358d3365a76ed97a49805e,/home/sparsh/Naplam/Bangladesh-UAV-PlantDisease/Training Dataset/Cotton Bollworm Infestation/TN-762.jpg,Cotton Bollworm Infestation,TN-762.jpg,0
75049218b67983d45c5502f659b4af0b,/home/sparsh/Naplam/Bangladesh-UAV-PlantDisease/Training Dataset/Mixed/TN-1684.jpg,Mixed,TN-1684.jpg,2
fa9895e824c23c48a9543861f7418cf3,/home/sparsh/Naplam/Bangladesh-UAV-PlantDisease/Training Dataset/Mixed/TN-717.jpg,Mixed,TN-717.jpg,2
ed337b621158032fe96f2883b7b8c3d2,/home/sparsh/Naplam/Bangladesh-UAV-PlantDisease/Training Dataset/Strong-Light Burn/TN-623.jpg,Strong-Light Burn,TN-623.jpg,4
e547d08e6ba59ac69c83aa6d1c62f0ec,/home/sparsh/Naplam/Bangladesh-UAV-PlantDisease/Training Dataset/Mixed/TN-813.jpg,Mixed,TN-813.jpg,2
870e0f89c4a0415550eb0dd233d01d54,/home/sparsh/Naplam/Bangladesh-UAV-PlantDisease/Test Dataset/Hail damages/TN-2678.jpg,Hail damage,TN-2678.jpg,1
f6ef54ccd409a788369396841380ccb7,/home/sparsh/Naplam/Bangladesh-UAV-PlantDisease/Test Dataset/Hail damages/TN-1830.jpg,Hail damage,TN-1830.jpg,1
4bcbad71c98b5360323839d0359f7500,/home/sparsh/Naplam/Bangladesh-UAV-PlantDisease/Training Dataset/Cotton Bollworm Infestation/TN-998.jpg,Cotton Bollworm Infestation,TN-998.jpg,0
9d06fb8bc1c53745bce0ab0c0de8305c,/home/sparsh/Naplam/Bangladesh-UAV-PlantDisease/Test Dataset/Hail damages/TN-1745.jpg,Hail damage,TN-1745.jpg,1
4f589f3489f6c0e003ce61c4285a33c5,/home/sparsh/Naplam/Bangladesh-UAV-PlantDisease/Training Dataset/Strong-Light Burn/TN-69.jpg,Strong-Light Burn,TN-69.jpg,4
52caeae2e63b825fa15f410ed2dbc190,/home/sparsh/Naplam/Bangladesh-UAV-PlantDisease/Training Dataset/Cotton Bollworm Infestation/TN-1036.jpg,Cotton Bollworm Infestation,TN-1036.jpg,0
a861dfabd897075f662697a9f84a39f5,/home/sparsh/Naplam/Bangladesh-UAV-PlantDisease/Training Dataset/Strong-Light Burn/TN-683.jpg,Strong-Light Burn,TN-683.jpg,4
b2532e34855f15d4178385efb0c1ede1,/home/sparsh/Naplam/Bangladesh-UAV-PlantDisease/Test Dataset/Cotton Bollworm Infestation/TN-20.jpg,Cotton Bollworm Infestation,TN-20.jpg,0
13f93255872fa8d64b82ca4cd60c1857,/home/sparsh/Naplam/Bangladesh-UAV-PlantDisease/Training Dataset/Root Damage/TN-677.jpg,Root Damage,TN-677.jpg,3
4c67ce893d1779fffab626f52765f20b,/home/sparsh/Naplam/Bangladesh-UAV-PlantDisease/Training Dataset/Cotton Bollworm Infestation/TN-961.jpg,Cotton Bollworm Infestation,TN-961.jpg,0
9d4408dd65bb86fcbbdaf16f768c8093,/home/sparsh/Naplam/Bangladesh-UAV-PlantDisease/Training Dataset/Mixed/TN-624.jpg,Mixed,TN-624.jpg,2
284a8b2c39e507fd27320fa58f544e59,/home/sparsh/Naplam/Bangladesh-UAV-PlantDisease/Training Dataset/Strong-Light Burn/TN-576.jpg,Strong-Light Burn,TN-576.jpg,4
acb4b5041b85f8d1205383b6792e098f,/home/sparsh/Naplam/Bangladesh-UAV-PlantDisease/Test Dataset/Hail damages/TN-1380.jpg,Hail damage,TN-1380.jpg,1
50ffe26f8b2f0cfdeda27da6721e1fb0,/home/sparsh/Naplam/Bangladesh-UAV-PlantDisease/Test Dataset/Hail damages/TN-2340.jpg,Hail damage,TN-2340.jpg,1
6f194b2a8226d385f47b0c2bc4e11715,/home/sparsh/Naplam/Bangladesh-UAV-PlantDisease/Training Dataset/Strong-Light Burn/TN-288.jpg,Strong-Light Burn,TN-288.jpg,4
80110497a8570d8950959ae262a0b55c,/home/sparsh/Naplam/Bangladesh-UAV-PlantDisease/Test Dataset/Hail damages/TN-2517.jpg,Hail damage,TN-2517.jpg,1
4cf9db53b32ff2980983f4a67003e9e5,/home/sparsh/Naplam/Bangladesh-UAV-PlantDisease/Test Dataset/Hail damages/TN-1256.jpg,Hail damage,TN-1256.jpg,1
cd7380563ea1f0fadca435ea7c03e966,/home/sparsh/Naplam/Bangladesh-UAV-PlantDisease/Training Dataset/Hail damage/TN-125.jpg,Hail damage,TN-125.jpg,1
89578692a5f50f9ab828f5d79a89e9ee,/home/sparsh/Naplam/Bangladesh-UAV-PlantDisease/Training Dataset/Hail damage/TN-555.jpg,Hail damage,TN-555.jpg,1
5c2dd877b39a917bfa53c68f2e03e2ee,/home/sparsh/Naplam/Bangladesh-UAV-PlantDisease/Training Dataset/Cotton Bollworm Infestation/TN-60.jpg,Cotton Bollworm Infestation,TN-60.jpg,0
a0f975b2a13d1eb2d2bc0067ac7e2676,/home/sparsh/Naplam/Bangladesh-UAV-PlantDisease/Training Dataset/Mixed/TN-1068.jpg,Mixed,TN-1068.jpg,2
9c057d4350eecbe73542672611486e06,/home/sparsh/Naplam/Bangladesh-UAV-PlantDisease/Training Dataset/Root Damage/TN-386.jpg,Root Damage,TN-386.jpg,3
79182f6891ab340151926925b0a31695,/home/sparsh/Naplam/Bangladesh-UAV-PlantDisease/Training Dataset/Root Damage/TN-479.jpg,Root Damage,TN-479.jpg,3
36147066a323b7b067947169a1dc8e7d,/home/sparsh/Naplam/Bangladesh-UAV-PlantDisease/Test Dataset/Hail damages/TN-1845.jpg,Hail damage,TN-1845.jpg,1
bc2855ff01ca4df4f9bdc83d2655e2e5,/home/sparsh/Naplam/Bangladesh-UAV-PlantDisease/Training Dataset/Mixed/TN-2098.jpg,Mixed,TN-2098.jpg,2
e6f6490ece1c92c85299d74e1bea1771,/home/sparsh/Naplam/Bangladesh-UAV-PlantDisease/Training Dataset/Strong-Light Burn/TN-609.jpg,Strong-Light Burn,TN-609.jpg,4
74e679575a97cd7b34923022cec5f0eb,/home/sparsh/Naplam/Bangladesh-UAV-PlantDisease/Training Dataset/Hail damage/TN-619.jpg,Hail damage,TN-619.jpg,1
6ae1799985cdcb4b39198bcc572c4002,/home/sparsh/Naplam/Bangladesh-UAV-PlantDisease/Training Dataset/Strong-Light Burn/TN-562.jpg,Strong-Light Burn,TN-562.jpg,4
e524203f3519ad10d35790a59088c9a0,/home/sparsh/Naplam/Bangladesh-UAV-PlantDisease/Training Dataset/Cotton Bollworm Infestation/TN-781.jpg,Cotton Bollworm Infestation,TN-781.jpg,0
9aa7bf7889aee15c7efff4f0b01750b1,/home/sparsh/Naplam/Bangladesh-UAV-PlantDisease/Training Dataset/Mixed/TN-1244.jpg,Mixed,TN-1244.jpg,2
9517940087e4f3c878c0b9167ba4871f,/home/sparsh/Naplam/Bangladesh-UAV-PlantDisease/Training Dataset/Hail damage/TN-347.jpg,Hail damage,TN-347.jpg,1
66f04acef9426127930362cfd649ae3a,/home/sparsh/Naplam/Bangladesh-UAV-PlantDisease/Training Dataset/Cotton Bollworm Infestation/TN-728.jpg,Cotton Bollworm Infestation,TN-728.jpg,0
f0cf0b77f804b8a327f2ca5df9abbde7,/home/sparsh/Naplam/Bangladesh-UAV-PlantDisease/Training Dataset/Mixed/TN-2299.jpg,Mixed,TN-2299.jpg,2
9558801e2207e6d0b2e32c93de28178b,/home/sparsh/Naplam/Bangladesh-UAV-PlantDisease/Training Dataset/Hail damage/TN-701.jpg,Hail damage,TN-701.jpg,1
df3078760d99be597991e19372c70a7b,/home/sparsh/Naplam/Bangladesh-UAV-PlantDisease/Training Dataset/Hail damage/TN-356.jpg,Hail damage,TN-356.jpg,1
efc8cbf7c1bffb0d179cd584d03325f8,/home/sparsh/Naplam/Bangladesh-UAV-PlantDisease/Training Dataset/Mixed/TN-1602.jpg,Mixed,TN-1602.jpg,2
962276ce798dad02d1b679efd084396a,/home/sparsh/Naplam/Bangladesh-UAV-PlantDisease/Training Dataset/Root Damage/TN-771.jpg,Root Damage,TN-771.jpg,3
cf9a65512455f9b3f4cc9347a30c05dc,/home/sparsh/Naplam/Bangladesh-UAV-PlantDisease/Test Dataset/Hail damages/TN-2557.jpg,Hail damage,TN-2557.jpg,1
9f6ffca62c784ca25a2e788036c354ae,/home/sparsh/Naplam/Bangladesh-UAV-PlantDisease/Training Dataset/Strong-Light Burn/TN-497.jpg,Strong-Light Burn,TN-497.jpg,4
cd62cb1b386cdcfc5b8f84885194269d,/home/sparsh/Naplam/Bangladesh-UAV-PlantDisease/Training Dataset/Mixed/TN-205.jpg,Mixed,TN-205.jpg,2
614861f6be0fc0a8b875b41134d7269d,/home/sparsh/Naplam/Bangladesh-UAV-PlantDisease/Training Dataset/Strong-Light Burn/TN-511.jpg,Strong-Light Burn,TN-511.jpg,4
608e5bbeb908bf09b075c412bc690cfc,/home/sparsh/Naplam/Bangladesh-UAV-PlantDisease/Training Dataset/Root Damage/TN-575.jpg,Root Damage,TN-575.jpg,3
0cd0f16a6f4827ee10100e54bda5cfc6,/home/sparsh/Naplam/Bangladesh-UAV-PlantDisease/Training Dataset/Strong-Light Burn/TN-102.jpg,Strong-Light Burn,TN-102.jpg,4
3fad608b41ed1b42123033d6e4040c02,/home/sparsh/Naplam/Bangladesh-UAV-PlantDisease/Test Dataset/Hail damages/TN-454.jpg,Hail damage,TN-454.jpg,1
e4717881259fa28410e4908f3ee65c1d,/home/sparsh/Naplam/Bangladesh-UAV-PlantDisease/Test Dataset/Hail damages/TN-2229.jpg,Hail damage,TN-2229.jpg,1
a014f053956b85ccc1c4955a795e89c8,/home/sparsh/Naplam/Bangladesh-UAV-PlantDisease/Training Dataset/Mixed/TN-1952.jpg,Mixed,TN-1952.jpg,2
b1b38231d7b4d60bc48a0273d4adae6e,/home/sparsh/Naplam/Bangladesh-UAV-PlantDisease/Training Dataset/Strong-Light Burn/TN-658.jpg,Strong-Light Burn,TN-658.jpg,4
f0e5bc3b75f9e8f1181016516629db0f,/home/sparsh/Naplam/Bangladesh-UAV-PlantDisease/Test Dataset/Hail damages/TN-440.jpg,Hail damage,TN-440.jpg,1
800a2b574c5f5e5f311244d109aa9b1e,/home/sparsh/Naplam/Bangladesh-UAV-PlantDisease/Training Dataset/Strong-Light Burn/TN-76.jpg,Strong-Light Burn,TN-76.jpg,4
6226c7fa93331c60c964a3b50027cafe,/home/sparsh/Naplam/Bangladesh-UAV-PlantDisease/Training Dataset/Cotton Bollworm Infestation/TN-597.jpg,Cotton Bollworm Infestation,TN-597.jpg,0
84d947a7840deff508c3b810187b3e82,/home/sparsh/Naplam/Bangladesh-UAV-PlantDisease/Test Dataset/Mixed/TN-433.jpg,Mixed,TN-433.jpg,2
663a7ed70e0698dc529b7b5dfca29720,/home/sparsh/Naplam/Bangladesh-UAV-PlantDisease/Test Dataset/Hail damages/TN-2190.jpg,Hail damage,TN-2190.jpg,1
3530444a9a3de1737622b7b99dfde759,/home/sparsh/Naplam/Bangladesh-UAV-PlantDisease/Training Dataset/Mixed/TN-1136.jpg,Mixed,TN-1136.jpg,2
6654d29e7783919f374528c66a7a46d1,/home/sparsh/Naplam/Bangladesh-UAV-PlantDisease/Training Dataset/Mixed/TN-1151.jpg,Mixed,TN-1151.jpg,2
c57679b48008d457f35d7b1e91d070b0,/home/sparsh/Naplam/Bangladesh-UAV-PlantDisease/Test Dataset/Mixed/TN-384.jpg,Mixed,TN-384.jpg,2
df64ddab4bbb46c90ee7b17db2b948df,/home/sparsh/Naplam/Bangladesh-UAV-PlantDisease/Training Dataset/Mixed/TN-1623.jpg,Mixed,TN-1623.jpg,2
0ca133032e123ef615b9c27b1c6afab6,/home/sparsh/Naplam/Bangladesh-UAV-PlantDisease/Training Dataset/Root Damage/TN-781.jpg,Root Damage,TN-781.jpg,3
b4ebd9f205a93dfda63d9196744aa047,/home/sparsh/Naplam/Bangladesh-UAV-PlantDisease/Training Dataset/Strong-Light Burn/TN-693.jpg,Strong-Light Burn,TN-693.jpg,4
13a75db7560d2b33760e55a9fd529898,/home/sparsh/Naplam/Bangladesh-UAV-PlantDisease/Training Dataset/Mixed/TN-1664.jpg,Mixed,TN-1664.jpg,2
4fb4d8b9d44938dc7091d88658e4c891,/home/sparsh/Naplam/Bangladesh-UAV-PlantDisease/Training Dataset/Hail damage/TN-519.jpg,Hail damage,TN-519.jpg,1
5f0c7f7fb70668890ce4b6c1432e8d26,/home/sparsh/Naplam/Bangladesh-UAV-PlantDisease/Training Dataset/Cotton Bollworm Infestation/TN-954.jpg,Cotton Bollworm Infestation,TN-954.jpg,0
a3a9abc978f27821c84c8de74d12f64c,/home/sparsh/Naplam/Bangladesh-UAV-PlantDisease/Training Dataset/Hail damage/TN-312.jpg,Hail damage,TN-312.jpg,1
8c8e3e083f0bdbaf0c253a03595a6931,/home/sparsh/Naplam/Bangladesh-UAV-PlantDisease/Training Dataset/Mixed/TN-1637.jpg,Mixed,TN-1637.jpg,2
6f321e18920b4ada72dc8b65a55edd5b,/home/sparsh/Naplam/Bangladesh-UAV-PlantDisease/Training Dataset/Cotton Bollworm Infestation/TN-957.jpg,Cotton Bollworm Infestation,TN-957.jpg,0
787fee72afc2a516b621e85de2716c83,/home/sparsh/Naplam/Bangladesh-UAV-PlantDisease/Training Dataset/Mixed/TN-152.jpg,Mixed,TN-152.jpg,2
319eae06cd8c29d6d868c2af4241bc25,/home/sparsh/Naplam/Bangladesh-UAV-PlantDisease/Training Dataset/Mixed/TN-208.jpg,Mixed,TN-208.jpg,2
62f661fe6fb6eed936221675c7628441,/home/sparsh/Naplam/Bangladesh-UAV-PlantDisease/Test Dataset/Hail damages/TN-625.jpg,Hail damage,TN-625.jpg,1
7c2bb584c7cbd54c34500657fe261c20,/home/sparsh/Naplam/Bangladesh-UAV-PlantDisease/Test Dataset/Hail damages/TN-361.jpg,Hail damage,TN-361.jpg,1
f224a31460592c017e1bb3248f379c0f,/home/sparsh/Naplam/Bangladesh-UAV-PlantDisease/Training Dataset/Root Damage/TN-201.jpg,Root Damage,TN-201.jpg,3
255474bd820ed2a4dc31f7ad9fb59a02,/home/sparsh/Naplam/Bangladesh-UAV-PlantDisease/Training Dataset/Root Damage/TN-44.jpg,Root Damage,TN-44.jpg,3
21b66d1a76ab95314ba7bdd8844a7a17,/home/sparsh/Naplam/Bangladesh-UAV-PlantDisease/Training Dataset/Mixed/TN-1923.jpg,Mixed,TN-1923.jpg,2
d7deff95bc0ccd209640418b213105f2,/home/sparsh/Naplam/Bangladesh-UAV-PlantDisease/Test Dataset/Hail damages/TN-1990.jpg,Hail damage,TN-1990.jpg,1
e708533c6d96cffc3ad5ee158045a024,/home/sparsh/Naplam/Bangladesh-UAV-PlantDisease/Training Dataset/Mixed/TN-33.jpg,Mixed,TN-33.jpg,2
2229a2b2d81f464d269ae9acd49481a4,/home/sparsh/Naplam/Bangladesh-UAV-PlantDisease/Training Dataset/Root Damage/TN-135.jpg,Root Damage,TN-135.jpg,3
cba7561af94dd210bf90ef45758388a9,/home/sparsh/Naplam/Bangladesh-UAV-PlantDisease/Test Dataset/Hail damages/TN-1091.jpg,Hail damage,TN-1091.jpg,1
1fac7779747d48abb69fb98359274df5,/home/sparsh/Naplam/Bangladesh-UAV-PlantDisease/Test Dataset/Hail damages/TN-938.jpg,Hail damage,TN-938.jpg,1
b181b4ccaad1da33e842fdf8dd0b25ec,/home/sparsh/Naplam/Bangladesh-UAV-PlantDisease/Test Dataset/Hail damages/TN-2548.jpg,Hail damage,TN-2548.jpg,1
03280adf5c55ef21308e0cdfd9a88307,/home/sparsh/Naplam/Bangladesh-UAV-PlantDisease/Training Dataset/Mixed/TN-2194.jpg,Mixed,TN-2194.jpg,2
84c75cd9fdf7237b943d3b79b033a7be,/home/sparsh/Naplam/Bangladesh-UAV-PlantDisease/Test Dataset/Hail damages/TN-1145.jpg,Hail damage,TN-1145.jpg,1
0c8953b1b7222ca29f208d3c38db3886,/home/sparsh/Naplam/Bangladesh-UAV-PlantDisease/Training Dataset/Mixed/TN-73.jpg,Mixed,TN-73.jpg,2
5036625854502734c54d8fccc8cbd350,/home/sparsh/Naplam/Bangladesh-UAV-PlantDisease/Training Dataset/Mixed/TN-1963.jpg,Mixed,TN-1963.jpg,2
d3edf40391f6e1cdda1ceb2bdaeb0760,/home/sparsh/Naplam/Bangladesh-UAV-PlantDisease/Training Dataset/Root Damage/TN-455.jpg,Root Damage,TN-455.jpg,3
d9291d33e9132d2d7f2d231bf6298117,/home/sparsh/Naplam/Bangladesh-UAV-PlantDisease/Training Dataset/Mixed/TN-1281.jpg,Mixed,TN-1281.jpg,2
b61787ae734af7ed2f8907122481f591,/home/sparsh/Naplam/Bangladesh-UAV-PlantDisease/Training Dataset/Hail damage/TN-343.jpg,Hail damage,TN-343.jpg,1
2d89013938c1976fab8fdaa21e741294,/home/sparsh/Naplam/Bangladesh-UAV-PlantDisease/Training Dataset/Strong-Light Burn/TN-482.jpg,Strong-Light Burn,TN-482.jpg,4
5996fbdfa1e4a83c91dfcb73c6d8c390,/home/sparsh/Naplam/Bangladesh-UAV-PlantDisease/Training Dataset/Mixed/TN-1307.jpg,Mixed,TN-1307.jpg,2
1b9a69bfef6d2ff46884d91027df61ea,/home/sparsh/Naplam/Bangladesh-UAV-PlantDisease/Training Dataset/Strong-Light Burn/TN-630.jpg,Strong-Light Burn,TN-630.jpg,4
2a3fe8fe983b588d1f9a35a56e40f820,/home/sparsh/Naplam/Bangladesh-UAV-PlantDisease/Test Dataset/Cotton Bollworm Infestation/TN-142.jpg,Cotton Bollworm Infestation,TN-142.jpg,0
678e178b90dbbe87573861940b161a33,/home/sparsh/Naplam/Bangladesh-UAV-PlantDisease/Training Dataset/Cotton Bollworm Infestation/TN-498.jpg,Cotton Bollworm Infestation,TN-498.jpg,0
e50c5a022419a6c43f164631465a589e,/home/sparsh/Naplam/Bangladesh-UAV-PlantDisease/Training Dataset/Mixed/TN-1384.jpg,Mixed,TN-1384.jpg,2
d53b843f121c01927be1222239badf3b,/home/sparsh/Naplam/Bangladesh-UAV-PlantDisease/Training Dataset/Mixed/TN-41.jpg,Mixed,TN-41.jpg,2
719945dcfc9e662b390a106a727b236b,/home/sparsh/Naplam/Bangladesh-UAV-PlantDisease/Test Dataset/Hail damages/TN-946.jpg,Hail damage,TN-946.jpg,1
85769cadbbdce5c3f248ffbc18295999,/home/sparsh/Naplam/Bangladesh-UAV-PlantDisease/Training Dataset/Root Damage/TN-752.jpg,Root Damage,TN-752.jpg,3
d86decd943566f146e0a5b3571b8ac03,/home/sparsh/Naplam/Bangladesh-UAV-PlantDisease/Training Dataset/Strong-Light Burn/TN-135.jpg,Strong-Light Burn,TN-135.jpg,4
e7c11f5f91aaa5a05f1eaf1c27958585,/home/sparsh/Naplam/Bangladesh-UAV-PlantDisease/Test Dataset/Hail damages/TN-2729.jpg,Hail damage,TN-2729.jpg,1
73dc56154b800257f8b531bbefd7cd33,/home/sparsh/Naplam/Bangladesh-UAV-PlantDisease/Training Dataset/Hail damage/TN-755.jpg,Hail damage,TN-755.jpg,1
e66e1cf59370d36be338e65cb6f78039,/home/sparsh/Naplam/Bangladesh-UAV-PlantDisease/Training Dataset/Mixed/TN-373.jpg,Mixed,TN-373.jpg,2
5a3e6a45da11d6d30707321323cd3877,/home/sparsh/Naplam/Bangladesh-UAV-PlantDisease/Training Dataset/Cotton Bollworm Infestation/TN-973.jpg,Cotton Bollworm Infestation,TN-973.jpg,0
4bb0b6885f12ee6a9ee6e043454fa16b,/home/sparsh/Naplam/Bangladesh-UAV-PlantDisease/Test Dataset/Hail damages/TN-1449.jpg,Hail damage,TN-1449.jpg,1
67df70ff18d9f5aafee421fa1961a675,/home/sparsh/Naplam/Bangladesh-UAV-PlantDisease/Training Dataset/Hail damage/TN-119.jpg,Hail damage,TN-119.jpg,1
5fc063cf58ab479d954fd5a124fc0a32,/home/sparsh/Naplam/Bangladesh-UAV-PlantDisease/Training Dataset/Mixed/TN-2051.jpg,Mixed,TN-2051.jpg,2
31e70dd8b24bcd7df26d4e3a65797aab,/home/sparsh/Naplam/Bangladesh-UAV-PlantDisease/Training Dataset/Mixed/TN-1877.jpg,Mixed,TN-1877.jpg,2
fd46fe656f98956c4136fcc248ee7dd5,/home/sparsh/Naplam/Bangladesh-UAV-PlantDisease/Training Dataset/Cotton Bollworm Infestation/TN-698.jpg,Cotton Bollworm Infestation,TN-698.jpg,0
3185efdd8151ae57690c62ec9129b5b4,/home/sparsh/Naplam/Bangladesh-UAV-PlantDisease/Test Dataset/Hail damages/TN-1559.jpg,Hail damage,TN-1559.jpg,1
6fb88cf4fac1e42fbcf0e953f4343f32,/home/sparsh/Naplam/Bangladesh-UAV-PlantDisease/Training Dataset/Hail damage/TN-398.jpg,Hail damage,TN-398.jpg,1
c675297ce5b98a2468dd265d4518d77c,/home/sparsh/Naplam/Bangladesh-UAV-PlantDisease/Training Dataset/Mixed/TN-443.jpg,Mixed,TN-443.jpg,2
e8f2eae1e3045a7c175d93813b66d93a,/home/sparsh/Naplam/Bangladesh-UAV-PlantDisease/Test Dataset/Cotton Bollworm Infestation/TN-410.jpg,Cotton Bollworm Infestation,TN-410.jpg,0
24482f6732e94b0707f8fdf6a71811d8,/home/sparsh/Naplam/Bangladesh-UAV-PlantDisease/Test Dataset/Hail damages/TN-1366.jpg,Hail damage,TN-1366.jpg,1
1b225985a1506d80a48e24fbc56a3f82,/home/sparsh/Naplam/Bangladesh-UAV-PlantDisease/Training Dataset/Hail damage/TN-775.jpg,Hail damage,TN-775.jpg,1
6ddd914758c93154485cb67b784568a1,/home/sparsh/Naplam/Bangladesh-UAV-PlantDisease/Training Dataset/Mixed/TN-1731.jpg,Mixed,TN-1731.jpg,2
c8a86de9397c440c7537c004abefe71b,/home/sparsh/Naplam/Bangladesh-UAV-PlantDisease/Training Dataset/Root Damage/TN-417.jpg,Root Damage,TN-417.jpg,3
423ddcd9eb583d7d9bb8ad50f5bf01eb,/home/sparsh/Naplam/Bangladesh-UAV-PlantDisease/Test Dataset/Hail damages/TN-1125.jpg,Hail damage,TN-1125.jpg,1
94d39230f5bb69e0d5e9485cb9a2002c,/home/sparsh/Naplam/Bangladesh-UAV-PlantDisease/Training Dataset/Mixed/TN-1832.jpg,Mixed,TN-1832.jpg,2
56d632d4a1294b3a683eaf4e0f7fc069,/home/sparsh/Naplam/Bangladesh-UAV-PlantDisease/Training Dataset/Cotton Bollworm Infestation/TN-490.jpg,Cotton Bollworm Infestation,TN-490.jpg,0
d39923bf4dae9e53021f4d34c8f0427c,/home/sparsh/Naplam/Bangladesh-UAV-PlantDisease/Training Dataset/Mixed/TN-1143.jpg,Mixed,TN-1143.jpg,2
016f1c70c70ed6dec54b836a2c4b0b7e,/home/sparsh/Naplam/Bangladesh-UAV-PlantDisease/Test Dataset/Hail damages/TN-2019.jpg,Hail damage,TN-2019.jpg,1
57283c0924dfb3cdef33dac0357b9592,/home/sparsh/Naplam/Bangladesh-UAV-PlantDisease/Training Dataset/Cotton Bollworm Infestation/TN-542.jpg,Cotton Bollworm Infestation,TN-542.jpg,0
9847cd4d526219c940e980f5ebc65470,/home/sparsh/Naplam/Bangladesh-UAV-PlantDisease/Training Dataset/Mixed/TN-783.jpg,Mixed,TN-783.jpg,2
9bd8e3f60f927098e59560f77daea5c3,/home/sparsh/Naplam/Bangladesh-UAV-PlantDisease/Test Dataset/Hail damages/TN-2155.jpg,Hail damage,TN-2155.jpg,1
ad32703c5e76951750e0309d46a96f6a,/home/sparsh/Naplam/Bangladesh-UAV-PlantDisease/Training Dataset/Root Damage/TN-489.jpg,Root Damage,TN-489.jpg,3
ad8a67a4a96c89f7c697530fd1be22ff,/home/sparsh/Naplam/Bangladesh-UAV-PlantDisease/Test Dataset/Hail damages/TN-1505.jpg,Hail damage,TN-1505.jpg,1
9d0d1c0c46e914bfc2a5329c6f62c6fd,/home/sparsh/Naplam/Bangladesh-UAV-PlantDisease/Training Dataset/Root Damage/TN-488.jpg,Root Damage,TN-488.jpg,3
c3184b1d87d326d987dcae7a598ba2f1,/home/sparsh/Naplam/Bangladesh-UAV-PlantDisease/Training Dataset/Mixed/TN-1852.jpg,Mixed,TN-1852.jpg,2
7885d0387557028a0ca0877d74f19fa7,/home/sparsh/Naplam/Bangladesh-UAV-PlantDisease/Training Dataset/Mixed/TN-2313.jpg,Mixed,TN-2313.jpg,2
98c081acfe2b89971023733ab9219ec1,/home/sparsh/Naplam/Bangladesh-UAV-PlantDisease/Test Dataset/Cotton Bollworm Infestation/TN-50.jpg,Cotton Bollworm Infestation,TN-50.jpg,0
96f2e190b3fa9c40c95769fecb91a4ed,/home/sparsh/Naplam/Bangladesh-UAV-PlantDisease/Training Dataset/Mixed/TN-2009.jpg,Mixed,TN-2009.jpg,2
ba1d5835e72f33a82f20c6b1ef609b1b,/home/sparsh/Naplam/Bangladesh-UAV-PlantDisease/Training Dataset/Strong-Light Burn/TN-14.jpg,Strong-Light Burn,TN-14.jpg,4
fde6292c1f1b51dc68c3d029d6236517,/home/sparsh/Naplam/Bangladesh-UAV-PlantDisease/Test Dataset/Hail damages/TN-2737.jpg,Hail damage,TN-2737.jpg,1
5bc7e636da8c65758a0f4253f71aa4b5,/home/sparsh/Naplam/Bangladesh-UAV-PlantDisease/Training Dataset/Mixed/TN-82.jpg,Mixed,TN-82.jpg,2
dfc9c2de07d9082fb68c09c1d75c551a,/home/sparsh/Naplam/Bangladesh-UAV-PlantDisease/Training Dataset/Hail damage/TN-220.jpg,Hail damage,TN-220.jpg,1
499cff6f277d938b16b1a1735e338267,/home/sparsh/Naplam/Bangladesh-UAV-PlantDisease/Training Dataset/Strong-Light Burn/TN-100.jpg,Strong-Light Burn,TN-100.jpg,4
ada8d9fe2508cd089fb3b0cf7e56dd1c,/home/sparsh/Naplam/Bangladesh-UAV-PlantDisease/Training Dataset/Mixed/TN-2267.jpg,Mixed,TN-2267.jpg,2
b2e7294d01953bcebb65dba39d0d970d,/home/sparsh/Naplam/Bangladesh-UAV-PlantDisease/Test Dataset/Hail damages/TN-376.jpg,Hail damage,TN-376.jpg,1
77b093464e96e107454ab5c195369645,/home/sparsh/Naplam/Bangladesh-UAV-PlantDisease/Training Dataset/Root Damage/TN-347.jpg,Root Damage,TN-347.jpg,3
26c2babc29c74f88cccf8bae9ce86a8d,/home/sparsh/Naplam/Bangladesh-UAV-PlantDisease/Training Dataset/Mixed/TN-1383.jpg,Mixed,TN-1383.jpg,2
05e95718a383ac361addbfd22f552df5,/home/sparsh/Naplam/Bangladesh-UAV-PlantDisease/Test Dataset/Hail damages/TN-1488.jpg,Hail damage,TN-1488.jpg,1
3ff23954d00ef22824a41186a5c9575d,/home/sparsh/Naplam/Bangladesh-UAV-PlantDisease/Training Dataset/Cotton Bollworm Infestation/TN-567.jpg,Cotton Bollworm Infestation,TN-567.jpg,0
9ea0ff0caf74c6406b0b33652d49a0b6,/home/sparsh/Naplam/Bangladesh-UAV-PlantDisease/Training Dataset/Strong-Light Burn/TN-586.jpg,Strong-Light Burn,TN-586.jpg,4
ac2472e25c78cf9f9076a1d14c7b8f2f,/home/sparsh/Naplam/Bangladesh-UAV-PlantDisease/Training Dataset/Mixed/TN-61.jpg,Mixed,TN-61.jpg,2
4fbe185a7c7c402629c94338f7c5828d,/home/sparsh/Naplam/Bangladesh-UAV-PlantDisease/Training Dataset/Mixed/TN-1269.jpg,Mixed,TN-1269.jpg,2
91a886d969ebf9b611e58e0e0ce57492,/home/sparsh/Naplam/Bangladesh-UAV-PlantDisease/Test Dataset/Hail damages/TN-1520.jpg,Hail damage,TN-1520.jpg,1
3578744baf5e115fb88488adde018bbf,/home/sparsh/Naplam/Bangladesh-UAV-PlantDisease/Training Dataset/Mixed/TN-135.jpg,Mixed,TN-135.jpg,2
add29f6d02a824049c7ea17fefd11efc,/home/sparsh/Naplam/Bangladesh-UAV-PlantDisease/Training Dataset/Mixed/TN-142.jpg,Mixed,TN-142.jpg,2
73981fa2b901af3db4d3982a5d1f7c5b,/home/sparsh/Naplam/Bangladesh-UAV-PlantDisease/Test Dataset/Hail damages/TN-560.jpg,Hail damage,TN-560.jpg,1
cf6da89eec519cb546688a09696fa630,/home/sparsh/Naplam/Bangladesh-UAV-PlantDisease/Training Dataset/Root Damage/TN-437.jpg,Root Damage,TN-437.jpg,3
c1e3648e2c176c8715ccfc732be0d0b3,/home/sparsh/Naplam/Bangladesh-UAV-PlantDisease/Test Dataset/Hail damages/TN-1725.jpg,Hail damage,TN-1725.jpg,1
8dfdcf493cd165c9a3b7af9465e90d38,/home/sparsh/Naplam/Bangladesh-UAV-PlantDisease/Training Dataset/Strong-Light Burn/TN-459.jpg,Strong-Light Burn,TN-459.jpg,4
6297f42e48108c0b1cda025f466c1dd2,/home/sparsh/Naplam/Bangladesh-UAV-PlantDisease/Training Dataset/Mixed/TN-1240.jpg,Mixed,TN-1240.jpg,2
a06e9a047545b517f23b384c268d2713,/home/sparsh/Naplam/Bangladesh-UAV-PlantDisease/Training Dataset/Mixed/TN-1970.jpg,Mixed,TN-1970.jpg,2
c1c664f72adb04d5f8b4896b19059a0d,/home/sparsh/Naplam/Bangladesh-UAV-PlantDisease/Training Dataset/Strong-Light Burn/TN-583.jpg,Strong-Light Burn,TN-583.jpg,4
0cf6593667f6a4213de2e05f0185c8c2,/home/sparsh/Naplam/Bangladesh-UAV-PlantDisease/Test Dataset/Mixed/TN-220.jpg,Mixed,TN-220.jpg,2
af75e6b0485635a159d951c02dec4bc3,/home/sparsh/Naplam/Bangladesh-UAV-PlantDisease/Training Dataset/Mixed/TN-1376.jpg,Mixed,TN-1376.jpg,2
f8f351685659ec3921c76f4b56f7c7ec,/home/sparsh/Naplam/Bangladesh-UAV-PlantDisease/Training Dataset/Hail damage/TN-834.jpg,Hail damage,TN-834.jpg,1
6706361b216ad489747e5e74990c09bd,/home/sparsh/Naplam/Bangladesh-UAV-PlantDisease/Training Dataset/Cotton Bollworm Infestation/TN-316.jpg,Cotton Bollworm Infestation,TN-316.jpg,0
4704c3f93a402a73dbd1d4c4173e9e02,/home/sparsh/Naplam/Bangladesh-UAV-PlantDisease/Training Dataset/Root Damage/TN-814.jpg,Root Damage,TN-814.jpg,3
09c5acc7173c4a025a68e14ebbfc3a45,/home/sparsh/Naplam/Bangladesh-UAV-PlantDisease/Training Dataset/Mixed/TN-2230.jpg,Mixed,TN-2230.jpg,2
9b1262b5c3d33c76f9a2d41ae0407f7e,/home/sparsh/Naplam/Bangladesh-UAV-PlantDisease/Test Dataset/Root Damage/TN-203.jpg,Root Damage,TN-203.jpg,3
9b6b5cacc414de847a8d4ed3823de79c,/home/sparsh/Naplam/Bangladesh-UAV-PlantDisease/Test Dataset/Root Damage/TN-300.jpg,Root Damage,TN-300.jpg,3
89a12518752dbc585cc82d6760a1c69f,/home/sparsh/Naplam/Bangladesh-UAV-PlantDisease/Training Dataset/Cotton Bollworm Infestation/TN-328.jpg,Cotton Bollworm Infestation,TN-328.jpg,0
3b1d6e8e301362cc86d776a0da377cc1,/home/sparsh/Naplam/Bangladesh-UAV-PlantDisease/Training Dataset/Hail damage/TN-408.jpg,Hail damage,TN-408.jpg,1
c05778a0618abdf2690b6a3004105001,/home/sparsh/Naplam/Bangladesh-UAV-PlantDisease/Training Dataset/Strong-Light Burn/TN-280.jpg,Strong-Light Burn,TN-280.jpg,4
cc46fe7f6eefef101a574095ae4fbc17,/home/sparsh/Naplam/Bangladesh-UAV-PlantDisease/Training Dataset/Mixed/TN-2197.jpg,Mixed,TN-2197.jpg,2
b9c9a23d1d485f9963ff5fa87b2d0ee0,/home/sparsh/Naplam/Bangladesh-UAV-PlantDisease/Training Dataset/Mixed/TN-1276.jpg,Mixed,TN-1276.jpg,2
7141b8cf99ebf02c928f367e1339f623,/home/sparsh/Naplam/Bangladesh-UAV-PlantDisease/Test Dataset/Hail damages/TN-438.jpg,Hail damage,TN-438.jpg,1
08993247b5102114cf956a5f02cce6f2,/home/sparsh/Naplam/Bangladesh-UAV-PlantDisease/Test Dataset/Hail damages/TN-1579.jpg,Hail damage,TN-1579.jpg,1
d8c1b84d86de498cabbe85c2553eef10,/home/sparsh/Naplam/Bangladesh-UAV-PlantDisease/Training Dataset/Mixed/TN-64.jpg,Mixed,TN-64.jpg,2
066b40683de4a16ea062318cedaba3b6,/home/sparsh/Naplam/Bangladesh-UAV-PlantDisease/Test Dataset/Hail damages/TN-1966.jpg,Hail damage,TN-1966.jpg,1
fca2519f6ac07f80335e1b0b90ce24bd,/home/sparsh/Naplam/Bangladesh-UAV-PlantDisease/Training Dataset/Hail damage/TN-490.jpg,Hail damage,TN-490.jpg,1
476aa96c237d940d78324810157d0f1c,/home/sparsh/Naplam/Bangladesh-UAV-PlantDisease/Test Dataset/Hail damages/TN-1296.jpg,Hail damage,TN-1296.jpg,1
e4254b41938fc4b6e17d235c98c72083,/home/sparsh/Naplam/Bangladesh-UAV-PlantDisease/Training Dataset/Strong-Light Burn/TN-529.jpg,Strong-Light Burn,TN-529.jpg,4
285d9f23335f4bc74a24573c367240c0,/home/sparsh/Naplam/Bangladesh-UAV-PlantDisease/Test Dataset/Strong-Light Burn/TN-84.jpg,Strong-Light Burn,TN-84.jpg,4
b8d11aa69f4877f02461943fcc70164b,/home/sparsh/Naplam/Bangladesh-UAV-PlantDisease/Training Dataset/Mixed/TN-1737.jpg,Mixed,TN-1737.jpg,2
0b4e874a66b3a6aecb7f4acf3eb4caec,/home/sparsh/Naplam/Bangladesh-UAV-PlantDisease/Training Dataset/Strong-Light Burn/TN-12.jpg,Strong-Light Burn,TN-12.jpg,4
60e672b49fbaea9ff100339bf0dbfcce,/home/sparsh/Naplam/Bangladesh-UAV-PlantDisease/Training Dataset/Root Damage/TN-316.jpg,Root Damage,TN-316.jpg,3
c6e426f3c1d5e5e17ca274b23dc66588,/home/sparsh/Naplam/Bangladesh-UAV-PlantDisease/Training Dataset/Mixed/TN-2089.jpg,Mixed,TN-2089.jpg,2
58679414e8479b1b45b7764b5a71f353,/home/sparsh/Naplam/Bangladesh-UAV-PlantDisease/Training Dataset/Mixed/TN-844.jpg,Mixed,TN-844.jpg,2
d559f115253c1410ebdf00f7a56345bc,/home/sparsh/Naplam/Bangladesh-UAV-PlantDisease/Training Dataset/Hail damage/TN-612.jpg,Hail damage,TN-612.jpg,1
0d87292c2beab9c01b0779619f57d6ca,/home/sparsh/Naplam/Bangladesh-UAV-PlantDisease/Training Dataset/Mixed/TN-1038.jpg,Mixed,TN-1038.jpg,2
918d230aff26ab929b69accd9f780894,/home/sparsh/Naplam/Bangladesh-UAV-PlantDisease/Training Dataset/Mixed/TN-1654.jpg,Mixed,TN-1654.jpg,2
b53d99d07bb7c5ecbedf6b48b55d1b01,/home/sparsh/Naplam/Bangladesh-UAV-PlantDisease/Training Dataset/Mixed/TN-891.jpg,Mixed,TN-891.jpg,2
6fe880748ca19cee2c2f9ec5c246309f,/home/sparsh/Naplam/Bangladesh-UAV-PlantDisease/Training Dataset/Mixed/TN-332.jpg,Mixed,TN-332.jpg,2
15b075a1386bfb26ccbc1de7389c2077,/home/sparsh/Naplam/Bangladesh-UAV-PlantDisease/Test Dataset/Hail damages/TN-757.jpg,Hail damage,TN-757.jpg,1
ddcb33d32c2f0df114d6e6cd9111fafc,/home/sparsh/Naplam/Bangladesh-UAV-PlantDisease/Training Dataset/Strong-Light Burn/TN-225.jpg,Strong-Light Burn,TN-225.jpg,4
3041414ea5de1b83de32262278d51625,/home/sparsh/Naplam/Bangladesh-UAV-PlantDisease/Test Dataset/Hail damages/TN-2154.jpg,Hail damage,TN-2154.jpg,1
969787880e3da912de81ef5430f33362,/home/sparsh/Naplam/Bangladesh-UAV-PlantDisease/Training Dataset/Root Damage/TN-152.jpg,Root Damage,TN-152.jpg,3
5b87bd4c8e99364097ecb8bbc9abdbe5,/home/sparsh/Naplam/Bangladesh-UAV-PlantDisease/Training Dataset/Mixed/TN-1696.jpg,Mixed,TN-1696.jpg,2
c4c00c06bfa4c685910abb58fd5ffef2,/home/sparsh/Naplam/Bangladesh-UAV-PlantDisease/Test Dataset/Hail damages/TN-2239.jpg,Hail damage,TN-2239.jpg,1
2089f8db4255abfcae8683a1301739c8,/home/sparsh/Naplam/Bangladesh-UAV-PlantDisease/Test Dataset/Hail damages/TN-939.jpg,Hail damage,TN-939.jpg,1
c1840ac370da070249b3f585350bfd7f,/home/sparsh/Naplam/Bangladesh-UAV-PlantDisease/Training Dataset/Mixed/TN-1506.jpg,Mixed,TN-1506.jpg,2
29808451c3eb842ab3f87e793c614af1,/home/sparsh/Naplam/Bangladesh-UAV-PlantDisease/Training Dataset/Strong-Light Burn/TN-619.jpg,Strong-Light Burn,TN-619.jpg,4
54faa4d42a7c63f62ae9fede402dd641,/home/sparsh/Naplam/Bangladesh-UAV-PlantDisease/Training Dataset/Cotton Bollworm Infestation/TN-568.jpg,Cotton Bollworm Infestation,TN-568.jpg,0
64794726006e720c302f10f1bdfdef28,/home/sparsh/Naplam/Bangladesh-UAV-PlantDisease/Training Dataset/Mixed/TN-1700.jpg,Mixed,TN-1700.jpg,2
aac9bf0e84ba9b72218a0b81231c4878,/home/sparsh/Naplam/Bangladesh-UAV-PlantDisease/Test Dataset/Hail damages/TN-2149.jpg,Hail damage,TN-2149.jpg,1
8218d667d93508a15193da621341ce51,/home/sparsh/Naplam/Bangladesh-UAV-PlantDisease/Training Dataset/Hail damage/TN-558.jpg,Hail damage,TN-558.jpg,1
774316dbd9ee26e3081d72b7c799761d,/home/sparsh/Naplam/Bangladesh-UAV-PlantDisease/Training Dataset/Strong-Light Burn/TN-654.jpg,Strong-Light Burn,TN-654.jpg,4
0046927d85acb348752590cab60c663b,/home/sparsh/Naplam/Bangladesh-UAV-PlantDisease/Training Dataset/Cotton Bollworm Infestation/TN-23.jpg,Cotton Bollworm Infestation,TN-23.jpg,0
b90459799ed8548f3f12eb5354415f51,/home/sparsh/Naplam/Bangladesh-UAV-PlantDisease/Training Dataset/Root Damage/TN-541.jpg,Root Damage,TN-541.jpg,3
eff098193d5adfd978b6df637dbc4919,/home/sparsh/Naplam/Bangladesh-UAV-PlantDisease/Test Dataset/Hail damages/TN-1986.jpg,Hail damage,TN-1986.jpg,1
fec248f4f5f50b4590a8faff51b8d306,/home/sparsh/Naplam/Bangladesh-UAV-PlantDisease/Training Dataset/Root Damage/TN-834.jpg,Root Damage,TN-834.jpg,3
77b5f99a593d8e96f7b9c95f05b6992d,/home/sparsh/Naplam/Bangladesh-UAV-PlantDisease/Training Dataset/Cotton Bollworm Infestation/TN-714.jpg,Cotton Bollworm Infestation,TN-714.jpg,0
8ee8be50d9ed09eb4d718a3daa60f270,/home/sparsh/Naplam/Bangladesh-UAV-PlantDisease/Test Dataset/Hail damages/TN-1555.jpg,Hail damage,TN-1555.jpg,1
7ff1b54a4cb22d2b6efdd27f44c13f7f,/home/sparsh/Naplam/Bangladesh-UAV-PlantDisease/Training Dataset/Mixed/TN-1248.jpg,Mixed,TN-1248.jpg,2
a84a5efbdbf0931ef4e4af0dfe72621f,/home/sparsh/Naplam/Bangladesh-UAV-PlantDisease/Training Dataset/Mixed/TN-2142.jpg,Mixed,TN-2142.jpg,2
65f5e7681c237a21dc26ee218ba3e8f4,/home/sparsh/Naplam/Bangladesh-UAV-PlantDisease/Training Dataset/Strong-Light Burn/TN-187.jpg,Strong-Light Burn,TN-187.jpg,4
36641d3e6f89c39d72b1377ccd1785a2,/home/sparsh/Naplam/Bangladesh-UAV-PlantDisease/Training Dataset/Hail damage/TN-629.jpg,Hail damage,TN-629.jpg,1
a4d692f3fd7baac853b2abb29c1b5dad,/home/sparsh/Naplam/Bangladesh-UAV-PlantDisease/Training Dataset/Mixed/TN-585.jpg,Mixed,TN-585.jpg,2
c2e3062747b560684df532ff3cf8d5e1,/home/sparsh/Naplam/Bangladesh-UAV-PlantDisease/Training Dataset/Mixed/TN-565.jpg,Mixed,TN-565.jpg,2
0efe056d4d226ba7aa287959ea103125,/home/sparsh/Naplam/Bangladesh-UAV-PlantDisease/Test Dataset/Hail damages/TN-588.jpg,Hail damage,TN-588.jpg,1
653b6341f2bfd354cba1a2df5df8299f,/home/sparsh/Naplam/Bangladesh-UAV-PlantDisease/Training Dataset/Mixed/TN-1144.jpg,Mixed,TN-1144.jpg,2
dc94130dcbda654457ce0ea6a0c1d60d,/home/sparsh/Naplam/Bangladesh-UAV-PlantDisease/Test Dataset/Hail damages/TN-1768.jpg,Hail damage,TN-1768.jpg,1
d9264b1640c31836d3b58594f33a0a5e,/home/sparsh/Naplam/Bangladesh-UAV-PlantDisease/Training Dataset/Root Damage/TN-718.jpg,Root Damage,TN-718.jpg,3
4c4cc8db2d3043cf5dc1b896e2d90ded,/home/sparsh/Naplam/Bangladesh-UAV-PlantDisease/Training Dataset/Mixed/TN-85.jpg,Mixed,TN-85.jpg,2
040f5f12128e3da169517fe28b3b39e2,/home/sparsh/Naplam/Bangladesh-UAV-PlantDisease/Test Dataset/Root Damage/TN-280.jpg,Root Damage,TN-280.jpg,3
5c9861b211f26560fb6dca069bc6b0fc,/home/sparsh/Naplam/Bangladesh-UAV-PlantDisease/Training Dataset/Cotton Bollworm Infestation/TN-146.jpg,Cotton Bollworm Infestation,TN-146.jpg,0
921bbfdaee55b19d1eadd761dc1144e1,/home/sparsh/Naplam/Bangladesh-UAV-PlantDisease/Training Dataset/Mixed/TN-1386.jpg,Mixed,TN-1386.jpg,2
5406fbc894be9d39f05d5ff25482d5fe,/home/sparsh/Naplam/Bangladesh-UAV-PlantDisease/Test Dataset/Hail damages/TN-1708.jpg,Hail damage,TN-1708.jpg,1
394d7062485a88921703786392b00ddc,/home/sparsh/Naplam/Bangladesh-UAV-PlantDisease/Training Dataset/Mixed/TN-2427.jpg,Mixed,TN-2427.jpg,2
28245c33ff2e9008bae5dbeb8b0f09dc,/home/sparsh/Naplam/Bangladesh-UAV-PlantDisease/Training Dataset/Root Damage/TN-449.jpg,Root Damage,TN-449.jpg,3
d6ade3359e85229cec028328e99ea035,/home/sparsh/Naplam/Bangladesh-UAV-PlantDisease/Training Dataset/Root Damage/TN-720.jpg,Root Damage,TN-720.jpg,3
5b5caa7fd844d4feb12dc5d03012eb73,/home/sparsh/Naplam/Bangladesh-UAV-PlantDisease/Training Dataset/Cotton Bollworm Infestation/TN-40.jpg,Cotton Bollworm Infestation,TN-40.jpg,0
e9af1aa11b4bdb260b3ccf8fd13b149c,/home/sparsh/Naplam/Bangladesh-UAV-PlantDisease/Training Dataset/Strong-Light Burn/TN-141.jpg,Strong-Light Burn,TN-141.jpg,4
2fab987f0ee60325847420d7a8a7834c,/home/sparsh/Naplam/Bangladesh-UAV-PlantDisease/Training Dataset/Hail damage/TN-511.jpg,Hail damage,TN-511.jpg,1
0d55b3e2f44975464d0b3afc8d7b879c,/home/sparsh/Naplam/Bangladesh-UAV-PlantDisease/Training Dataset/Mixed/TN-501.jpg,Mixed,TN-501.jpg,2
1e18b9a9f0b398901971cb0cf07608e3,/home/sparsh/Naplam/Bangladesh-UAV-PlantDisease/Test Dataset/Hail damages/TN-282.jpg,Hail damage,TN-282.jpg,1
b306a175b85789960a0c8f66abb34810,/home/sparsh/Naplam/Bangladesh-UAV-PlantDisease/Test Dataset/Strong-Light Burn/TN-330.jpg,Strong-Light Burn,TN-330.jpg,4
f93e6ff5183cf1afe42cd51094262126,/home/sparsh/Naplam/Bangladesh-UAV-PlantDisease/Test Dataset/Hail damages/TN-1677.jpg,Hail damage,TN-1677.jpg,1
f05479a103dc596a14068f0a35e1fd95,/home/sparsh/Naplam/Bangladesh-UAV-PlantDisease/Training Dataset/Cotton Bollworm Infestation/TN-678.jpg,Cotton Bollworm Infestation,TN-678.jpg,0
3797e7394b697b95a009c572a1d304bb,/home/sparsh/Naplam/Bangladesh-UAV-PlantDisease/Training Dataset/Mixed/TN-2047.jpg,Mixed,TN-2047.jpg,2
11a9d133e7adfa3dd46c9b5e08603179,/home/sparsh/Naplam/Bangladesh-UAV-PlantDisease/Test Dataset/Hail damages/TN-546.jpg,Hail damage,TN-546.jpg,1
5592f73ecec136853ba8b08404e626e2,/home/sparsh/Naplam/Bangladesh-UAV-PlantDisease/Test Dataset/Strong-Light Burn/TN-22.jpg,Strong-Light Burn,TN-22.jpg,4
84d0c14deb3744672dc326e9efad49e2,/home/sparsh/Naplam/Bangladesh-UAV-PlantDisease/Training Dataset/Cotton Bollworm Infestation/TN-596.jpg,Cotton Bollworm Infestation,TN-596.jpg,0
e604dab0c0bc74b493c69beba84aa1aa,/home/sparsh/Naplam/Bangladesh-UAV-PlantDisease/Training Dataset/Cotton Bollworm Infestation/TN-135.jpg,Cotton Bollworm Infestation,TN-135.jpg,0
5dafd5805cc883c32d7a78b63cadfdfe,/home/sparsh/Naplam/Bangladesh-UAV-PlantDisease/Test Dataset/Root Damage/TN-290.jpg,Root Damage,TN-290.jpg,3
7325174e7ae9035b06bcdd05201b0bee,/home/sparsh/Naplam/Bangladesh-UAV-PlantDisease/Training Dataset/Mixed/TN-829.jpg,Mixed,TN-829.jpg,2
43a8c25fe68b4b6447ab46ee00d7d93f,/home/sparsh/Naplam/Bangladesh-UAV-PlantDisease/Training Dataset/Root Damage/TN-129.jpg,Root Damage,TN-129.jpg,3
8b6c98ef2640a5fef11442702149d070,/home/sparsh/Naplam/Bangladesh-UAV-PlantDisease/Test Dataset/Hail damages/TN-767.jpg,Hail damage,TN-767.jpg,1
6e388fb5a12e7fd23fff0b6b614f3f87,/home/sparsh/Naplam/Bangladesh-UAV-PlantDisease/Test Dataset/Hail damages/TN-1515.jpg,Hail damage,TN-1515.jpg,1
145ff4325635f823d9a0c3c7ed346070,/home/sparsh/Naplam/Bangladesh-UAV-PlantDisease/Training Dataset/Cotton Bollworm Infestation/TN-4.jpg,Cotton Bollworm Infestation,TN-4.jpg,0
a2ec406eeff6e61696e7df1f4a3fed8e,/home/sparsh/Naplam/Bangladesh-UAV-PlantDisease/Training Dataset/Hail damage/TN-814.jpg,Hail damage,TN-814.jpg,1
bcad15b6e15ee3173cd86e35baf4ec5e,/home/sparsh/Naplam/Bangladesh-UAV-PlantDisease/Test Dataset/Hail damages/TN-2238.jpg,Hail damage,TN-2238.jpg,1
d1d5791f7ac73dbf2c3e833b2abb1d52,/home/sparsh/Naplam/Bangladesh-UAV-PlantDisease/Training Dataset/Mixed/TN-2161.jpg,Mixed,TN-2161.jpg,2
d4c76f6da7bf07c626fe425a42b5d84d,/home/sparsh/Naplam/Bangladesh-UAV-PlantDisease/Training Dataset/Root Damage/TN-535.jpg,Root Damage,TN-535.jpg,3
a1a60d9469a2dd9a39e0e180e47407b0,/home/sparsh/Naplam/Bangladesh-UAV-PlantDisease/Training Dataset/Mixed/TN-1712.jpg,Mixed,TN-1712.jpg,2
69ba05b5ec1f211f2a24df5e08591e74,/home/sparsh/Naplam/Bangladesh-UAV-PlantDisease/Training Dataset/Strong-Light Burn/TN-395.jpg,Strong-Light Burn,TN-395.jpg,4
13f31d3da978e2b2ee55908ffe3344e8,/home/sparsh/Naplam/Bangladesh-UAV-PlantDisease/Test Dataset/Hail damages/TN-1860.jpg,Hail damage,TN-1860.jpg,1
5e9c7b086fd2f02c6ee47ac0e78b8123,/home/sparsh/Naplam/Bangladesh-UAV-PlantDisease/Test Dataset/Hail damages/TN-2035.jpg,Hail damage,TN-2035.jpg,1
b8eec1865719f920e143a201e36aae25,/home/sparsh/Naplam/Bangladesh-UAV-PlantDisease/Training Dataset/Root Damage/TN-487.jpg,Root Damage,TN-487.jpg,3
192352844a97fd1c69d08eb74a5cffe4,/home/sparsh/Naplam/Bangladesh-UAV-PlantDisease/Training Dataset/Cotton Bollworm Infestation/TN-585.jpg,Cotton Bollworm Infestation,TN-585.jpg,0
71e90949bd72e37d49f63c9540193b58,/home/sparsh/Naplam/Bangladesh-UAV-PlantDisease/Training Dataset/Root Damage/TN-186.jpg,Root Damage,TN-186.jpg,3
a6c198cad26286c11f69817d06e59bc1,/home/sparsh/Naplam/Bangladesh-UAV-PlantDisease/Training Dataset/Hail damage/TN-647.jpg,Hail damage,TN-647.jpg,1
c7fa93d4c60fb3c7b51baac3915ccf03,/home/sparsh/Naplam/Bangladesh-UAV-PlantDisease/Training Dataset/Mixed/TN-71.jpg,Mixed,TN-71.jpg,2
5c8853f87ea014e3200f06428c6ceda3,/home/sparsh/Naplam/Bangladesh-UAV-PlantDisease/Training Dataset/Strong-Light Burn/TN-541.jpg,Strong-Light Burn,TN-541.jpg,4
8e5f1fdb2445e435aef2b1163272d607,/home/sparsh/Naplam/Bangladesh-UAV-PlantDisease/Training Dataset/Mixed/TN-525.jpg,Mixed,TN-525.jpg,2
b77e0c0db52cab4498b91c43bcd4a5f3,/home/sparsh/Naplam/Bangladesh-UAV-PlantDisease/Training Dataset/Mixed/TN-2103.jpg,Mixed,TN-2103.jpg,2
24c59ddde273a38e5038fd178957f0b7,/home/sparsh/Naplam/Bangladesh-UAV-PlantDisease/Training Dataset/Hail damage/TN-109.jpg,Hail damage,TN-109.jpg,1
d248ac8d4a5e87681e1aaed2e434cd72,/home/sparsh/Naplam/Bangladesh-UAV-PlantDisease/Training Dataset/Mixed/TN-1608.jpg,Mixed,TN-1608.jpg,2
b3e17d1ea5a6a74a128f828bacebffa7,/home/sparsh/Naplam/Bangladesh-UAV-PlantDisease/Training Dataset/Mixed/TN-2049.jpg,Mixed,TN-2049.jpg,2
5f9c14dfabd64ca1614ecea55f33e1bf,/home/sparsh/Naplam/Bangladesh-UAV-PlantDisease/Test Dataset/Hail damages/TN-1689.jpg,Hail damage,TN-1689.jpg,1
1f389bc7b18e997ab627e439d66a7057,/home/sparsh/Naplam/Bangladesh-UAV-PlantDisease/Test Dataset/Hail damages/TN-2545.jpg,Hail damage,TN-2545.jpg,1
cb1217dce2c98672ea3ba9406c2796f2,/home/sparsh/Naplam/Bangladesh-UAV-PlantDisease/Training Dataset/Mixed/TN-2396.jpg,Mixed,TN-2396.jpg,2
f78552e5dfa3ab2d2fbe677e7faca2cf,/home/sparsh/Naplam/Bangladesh-UAV-PlantDisease/Training Dataset/Cotton Bollworm Infestation/TN-95.jpg,Cotton Bollworm Infestation,TN-95.jpg,0
7df1a695a479c963332707427a2a7ea4,/home/sparsh/Naplam/Bangladesh-UAV-PlantDisease/Training Dataset/Mixed/TN-2257.jpg,Mixed,TN-2257.jpg,2
fbe0cd9c5ba1866b6a0253dd9830972f,/home/sparsh/Naplam/Bangladesh-UAV-PlantDisease/Test Dataset/Hail damages/TN-599.jpg,Hail damage,TN-599.jpg,1
01e105aaa3d16c9bbf35b4975903b794,/home/sparsh/Naplam/Bangladesh-UAV-PlantDisease/Test Dataset/Hail damages/TN-1369.jpg,Hail damage,TN-1369.jpg,1
84d7558471d195f47c8623d3e9eb52a8,/home/sparsh/Naplam/Bangladesh-UAV-PlantDisease/Test Dataset/Hail damages/TN-1565.jpg,Hail damage,TN-1565.jpg,1
0adceb55970c7e165f552b0fa25b867e,/home/sparsh/Naplam/Bangladesh-UAV-PlantDisease/Training Dataset/Hail damage/TN-620.jpg,Hail damage,TN-620.jpg,1
97d16a5955566ae71c2e338c2252b8c5,/home/sparsh/Naplam/Bangladesh-UAV-PlantDisease/Training Dataset/Mixed/TN-1733.jpg,Mixed,TN-1733.jpg,2
4044d6ed86cb04548f3d2ce49386999f,/home/sparsh/Naplam/Bangladesh-UAV-PlantDisease/Training Dataset/Mixed/TN-1497.jpg,Mixed,TN-1497.jpg,2
d204ba4817ef40e7320a1e6f86fd9024,/home/sparsh/Naplam/Bangladesh-UAV-PlantDisease/Test Dataset/Hail damages/TN-715.jpg,Hail damage,TN-715.jpg,1
0fdccdd99c8e31405f191c97e957b582,/home/sparsh/Naplam/Bangladesh-UAV-PlantDisease/Training Dataset/Cotton Bollworm Infestation/TN-1022.jpg,Cotton Bollworm Infestation,TN-1022.jpg,0
2eab108f876607e23c37ee2d442f0ccc,/home/sparsh/Naplam/Bangladesh-UAV-PlantDisease/Test Dataset/Hail damages/TN-1646.jpg,Hail damage,TN-1646.jpg,1
9e880d0cdd02f8eb47d305a1b65798e5,/home/sparsh/Naplam/Bangladesh-UAV-PlantDisease/Test Dataset/Hail damages/TN-2962.jpg,Hail damage,TN-2962.jpg,1
87dd124b7d622f1a79de0b8501721429,/home/sparsh/Naplam/Bangladesh-UAV-PlantDisease/Training Dataset/Cotton Bollworm Infestation/TN-532.jpg,Cotton Bollworm Infestation,TN-532.jpg,0
ca75a15780fd8be9c1590b45edc3fef4,/home/sparsh/Naplam/Bangladesh-UAV-PlantDisease/Test Dataset/Hail damages/TN-965.jpg,Hail damage,TN-965.jpg,1
36f6ebdb03f345b835a8db4f5f41f89b,/home/sparsh/Naplam/Bangladesh-UAV-PlantDisease/Training Dataset/Mixed/TN-98.jpg,Mixed,TN-98.jpg,2
56d8f855f59076c98b1c2d218cd0b669,/home/sparsh/Naplam/Bangladesh-UAV-PlantDisease/Training Dataset/Cotton Bollworm Infestation/TN-230.jpg,Cotton Bollworm Infestation,TN-230.jpg,0
9301503ce6e8674fae0bc7317cb00611,/home/sparsh/Naplam/Bangladesh-UAV-PlantDisease/Training Dataset/Mixed/TN-1611.jpg,Mixed,TN-1611.jpg,2
8050c598e6c72ebee28db93a2b120098,/home/sparsh/Naplam/Bangladesh-UAV-PlantDisease/Test Dataset/Mixed/TN-103.jpg,Mixed,TN-103.jpg,2
384bba71c30b986f0b802e200e14942c,/home/sparsh/Naplam/Bangladesh-UAV-PlantDisease/Training Dataset/Mixed/TN-117.jpg,Mixed,TN-117.jpg,2
de1a4de9ed67887cd3a1cc556966f375,/home/sparsh/Naplam/Bangladesh-UAV-PlantDisease/Test Dataset/Hail damages/TN-2558.jpg,Hail damage,TN-2558.jpg,1
33097a198cdef9ae1171f950769610cb,/home/sparsh/Naplam/Bangladesh-UAV-PlantDisease/Training Dataset/Hail damage/TN-400.jpg,Hail damage,TN-400.jpg,1
5b90357bc407ebb66f31ba7c51d8cddf,/home/sparsh/Naplam/Bangladesh-UAV-PlantDisease/Test Dataset/Hail damages/TN-2854.jpg,Hail damage,TN-2854.jpg,1
7acd71fb4b424ddbaaab180f0024ecf8,/home/sparsh/Naplam/Bangladesh-UAV-PlantDisease/Training Dataset/Root Damage/TN-591.jpg,Root Damage,TN-591.jpg,3
ff94199d0aa8df3a58efebdc3023530d,/home/sparsh/Naplam/Bangladesh-UAV-PlantDisease/Training Dataset/Mixed/TN-191.jpg,Mixed,TN-191.jpg,2
684bb9b1e8b01513b7584ff5468dc0b3,/home/sparsh/Naplam/Bangladesh-UAV-PlantDisease/Training Dataset/Mixed/TN-805.jpg,Mixed,TN-805.jpg,2
a76b2ede83c30e7a968c0e87b0ba4ff1,/home/sparsh/Naplam/Bangladesh-UAV-PlantDisease/Training Dataset/Cotton Bollworm Infestation/TN-219.jpg,Cotton Bollworm Infestation,TN-219.jpg,0
57eaccb32b9db887253e35a69dde199d,/home/sparsh/Naplam/Bangladesh-UAV-PlantDisease/Test Dataset/Hail damages/TN-1175.jpg,Hail damage,TN-1175.jpg,1
fcb8fa0209c008ac02ad9d252497f5ae,/home/sparsh/Naplam/Bangladesh-UAV-PlantDisease/Training Dataset/Hail damage/TN-352.jpg,Hail damage,TN-352.jpg,1
98b3d475ee586ff12581a70eaa021e4e,/home/sparsh/Naplam/Bangladesh-UAV-PlantDisease/Training Dataset/Mixed/TN-790.jpg,Mixed,TN-790.jpg,2
11aa1bb8519e9183d1341a9c700d60b7,/home/sparsh/Naplam/Bangladesh-UAV-PlantDisease/Test Dataset/Hail damages/TN-1627.jpg,Hail damage,TN-1627.jpg,1
02bedff40e1207ae3ce9d79a13f47423,/home/sparsh/Naplam/Bangladesh-UAV-PlantDisease/Test Dataset/Hail damages/TN-2657.jpg,Hail damage,TN-2657.jpg,1
6192eea476aacb330a6c2298d3d1756b,/home/sparsh/Naplam/Bangladesh-UAV-PlantDisease/Training Dataset/Hail damage/TN-292.jpg,Hail damage,TN-292.jpg,1
d78752c8d4615a2973c4d2701622c3c1,/home/sparsh/Naplam/Bangladesh-UAV-PlantDisease/Training Dataset/Cotton Bollworm Infestation/TN-719.jpg,Cotton Bollworm Infestation,TN-719.jpg,0
7d04be828c203fe851660be220aa28e6,/home/sparsh/Naplam/Bangladesh-UAV-PlantDisease/Training Dataset/Mixed/TN-81.jpg,Mixed,TN-81.jpg,2
af7d91f06879a8be058eae164d6e1b80,/home/sparsh/Naplam/Bangladesh-UAV-PlantDisease/Training Dataset/Root Damage/TN-531.jpg,Root Damage,TN-531.jpg,3
933488e216b136bd69ac331c58ad1ba2,/home/sparsh/Naplam/Bangladesh-UAV-PlantDisease/Training Dataset/Mixed/TN-1155.jpg,Mixed,TN-1155.jpg,2
ced0033c53b834a661894d35e0bfe395,/home/sparsh/Naplam/Bangladesh-UAV-PlantDisease/Training Dataset/Mixed/TN-1973.jpg,Mixed,TN-1973.jpg,2
feacbcade8a3de98a820622f0eb8fd5f,/home/sparsh/Naplam/Bangladesh-UAV-PlantDisease/Training Dataset/Root Damage/TN-727.jpg,Root Damage,TN-727.jpg,3
45e669bde9909434312949c22008f067,/home/sparsh/Naplam/Bangladesh-UAV-PlantDisease/Test Dataset/Hail damages/TN-505.jpg,Hail damage,TN-505.jpg,1
dcdecde55452cd9756b65a78c791966e,/home/sparsh/Naplam/Bangladesh-UAV-PlantDisease/Training Dataset/Strong-Light Burn/TN-640.jpg,Strong-Light Burn,TN-640.jpg,4
b32122a08b6ffe7d28ad3a95794c3795,/home/sparsh/Naplam/Bangladesh-UAV-PlantDisease/Training Dataset/Strong-Light Burn/TN-153.jpg,Strong-Light Burn,TN-153.jpg,4
1032e61ead6fb78edcb9adbfb9302897,/home/sparsh/Naplam/Bangladesh-UAV-PlantDisease/Test Dataset/Hail damages/TN-2060.jpg,Hail damage,TN-2060.jpg,1
f52c42bc337cf18072d02596e15a7f6d,/home/sparsh/Naplam/Bangladesh-UAV-PlantDisease/Test Dataset/Hail damages/TN-849.jpg,Hail damage,TN-849.jpg,1
74407e4d6dda3d9024cda558001120ae,/home/sparsh/Naplam/Bangladesh-UAV-PlantDisease/Training Dataset/Hail damage/TN-130.jpg,Hail damage,TN-130.jpg,1
1b93a95f20e6489c1551fe2a8acd28ff,/home/sparsh/Naplam/Bangladesh-UAV-PlantDisease/Training Dataset/Hail damage/TN-514.jpg,Hail damage,TN-514.jpg,1
513387dd071058be0266249c084f8116,/home/sparsh/Naplam/Bangladesh-UAV-PlantDisease/Training Dataset/Cotton Bollworm Infestation/TN-645.jpg,Cotton Bollworm Infestation,TN-645.jpg,0
d5197f0f1c74ce85839c1160e0a9b33e,/home/sparsh/Naplam/Bangladesh-UAV-PlantDisease/Training Dataset/Mixed/TN-1002.jpg,Mixed,TN-1002.jpg,2
40c9a99f639cf46fd091f47b1f656851,/home/sparsh/Naplam/Bangladesh-UAV-PlantDisease/Training Dataset/Mixed/TN-1406.jpg,Mixed,TN-1406.jpg,2
0d029a9eef148d1ba90293d153ea9589,/home/sparsh/Naplam/Bangladesh-UAV-PlantDisease/Training Dataset/Mixed/TN-2373.jpg,Mixed,TN-2373.jpg,2
8f9641195a8e3dbbca0de3a8f80df9c8,/home/sparsh/Naplam/Bangladesh-UAV-PlantDisease/Training Dataset/Root Damage/TN-313.jpg,Root Damage,TN-313.jpg,3
e7f28b71deef9dc8c428ce319372534d,/home/sparsh/Naplam/Bangladesh-UAV-PlantDisease/Training Dataset/Strong-Light Burn/TN-424.jpg,Strong-Light Burn,TN-424.jpg,4
a32ab455e0319d2cc221ee1e241df010,/home/sparsh/Naplam/Bangladesh-UAV-PlantDisease/Training Dataset/Cotton Bollworm Infestation/TN-109.jpg,Cotton Bollworm Infestation,TN-109.jpg,0
3e441b881da52810fa2e8f67883281a3,/home/sparsh/Naplam/Bangladesh-UAV-PlantDisease/Training Dataset/Mixed/TN-1479.jpg,Mixed,TN-1479.jpg,2
63238aa0e3a6287f5e5768e3e6d65363,/home/sparsh/Naplam/Bangladesh-UAV-PlantDisease/Training Dataset/Mixed/TN-1681.jpg,Mixed,TN-1681.jpg,2
a04a5570e1438599d222f3217b04a310,/home/sparsh/Naplam/Bangladesh-UAV-PlantDisease/Training Dataset/Strong-Light Burn/TN-134.jpg,Strong-Light Burn,TN-134.jpg,4
d006d4e00f81bc2ae1851e80c7fcf2b7,/home/sparsh/Naplam/Bangladesh-UAV-PlantDisease/Training Dataset/Strong-Light Burn/TN-572.jpg,Strong-Light Burn,TN-572.jpg,4
2ee4e1b046f5e3f77f995039da223eb9,/home/sparsh/Naplam/Bangladesh-UAV-PlantDisease/Training Dataset/Strong-Light Burn/TN-162.jpg,Strong-Light Burn,TN-162.jpg,4
e45b9f063fdd1e26ca105abbdb8c9847,/home/sparsh/Naplam/Bangladesh-UAV-PlantDisease/Test Dataset/Hail damages/TN-92.jpg,Hail damage,TN-92.jpg,1
